method,family,column,baseline,run_id,ordinary_run_id,alpha,lambda_current,beta_train,nu,kappa
ipo,reference,v1,B1,ipo_center_reference_half_b100_s0,ipo_center_ordinary_b100_s0,0.9,0.8,0.2,0.45,0.0
ipo,reference,v2,B1,ipo_center_reference_max_b100_s0,ipo_center_ordinary_b100_s0,0.9,0.8,0.2,0.9,0.0
ipo,reference,v3,B2,ipo_alpha08_reference_half_b100_s0,ipo_alpha08_ordinary_b100_s0,0.8,0.8,0.2,0.4,0.0
ipo,reference,v4,B2,ipo_alpha08_reference_max_b100_s0,ipo_alpha08_ordinary_b100_s0,0.8,0.8,0.2,0.8,0.0
ipo,reference,v5,B3,ipo_alpha099_reference_half_b100_s0,ipo_alpha099_ordinary_b100_s0,0.99,0.8,0.2,0.495,0.0
ipo,reference,v6,B3,ipo_alpha099_reference_max_b100_s0,ipo_alpha099_ordinary_b100_s0,0.99,0.8,0.2,0.99,0.0
ipo,reference,v7,B4,ipo_coverage05_reference_half_b100_s0,ipo_coverage05_ordinary_b100_s0,0.9,0.5,0.2,0.45,0.0
ipo,reference,v8,B4,ipo_coverage05_reference_max_b100_s0,ipo_coverage05_ordinary_b100_s0,0.9,0.5,0.2,0.9,0.0
ipo,reference,v9,B5,ipo_beta15_reference_half_b100_s0,ipo_beta15_ordinary_b100_s0,0.9,0.8,0.3,0.45,0.0
ipo,reference,v10,B5,ipo_beta15_reference_max_b100_s0,ipo_beta15_ordinary_b100_s0,0.9,0.8,0.3,0.9,0.0
ipo,feedback,v1,B1,ipo_center_feedback_half_b100_s0,ipo_center_ordinary_b100_s0,0.9,0.8,0.2,0.0,0.5
ipo,feedback,v2,B1,ipo_center_feedback_one_b100_s0,ipo_center_ordinary_b100_s0,0.9,0.8,0.2,0.0,1.0
ipo,feedback,v3,B2,ipo_alpha08_feedback_half_b100_s0,ipo_alpha08_ordinary_b100_s0,0.8,0.8,0.2,0.0,0.5
ipo,feedback,v4,B2,ipo_alpha08_feedback_one_b100_s0,ipo_alpha08_ordinary_b100_s0,0.8,0.8,0.2,0.0,1.0
ipo,feedback,v5,B3,ipo_alpha099_feedback_half_b100_s0,ipo_alpha099_ordinary_b100_s0,0.99,0.8,0.2,0.0,0.5
ipo,feedback,v6,B3,ipo_alpha099_feedback_one_b100_s0,ipo_alpha099_ordinary_b100_s0,0.99,0.8,0.2,0.0,1.0
ipo,feedback,v7,B4,ipo_coverage05_feedback_half_b100_s0,ipo_coverage05_ordinary_b100_s0,0.9,0.5,0.2,0.0,0.5
ipo,feedback,v8,B4,ipo_coverage05_feedback_one_b100_s0,ipo_coverage05_ordinary_b100_s0,0.9,0.5,0.2,0.0,1.0
ipo,feedback,v9,B5,ipo_beta15_feedback_half_b100_s0,ipo_beta15_ordinary_b100_s0,0.9,0.8,0.3,0.0,0.5
ipo,feedback,v10,B5,ipo_beta15_feedback_one_b100_s0,ipo_beta15_ordinary_b100_s0,0.9,0.8,0.3,0.0,1.0
dpo,reference,v1,B1,dpo_center_reference_half_b100_s0,dpo_center_ordinary_b100_s0,0.9,0.8,0.8,0.45,0.0
dpo,reference,v2,B1,dpo_center_reference_max_b100_s0,dpo_center_ordinary_b100_s0,0.9,0.8,0.8,0.9,0.0
dpo,reference,v3,B2,dpo_alpha08_reference_half_b100_s0,dpo_alpha08_ordinary_b100_s0,0.8,0.8,0.8,0.4,0.0
dpo,reference,v4,B2,dpo_alpha08_reference_max_b100_s0,dpo_alpha08_ordinary_b100_s0,0.8,0.8,0.8,0.8,0.0
dpo,reference,v5,B3,dpo_alpha099_reference_half_b100_s0,dpo_alpha099_ordinary_b100_s0,0.99,0.8,0.8,0.495,0.0
dpo,reference,v6,B3,dpo_alpha099_reference_max_b100_s0,dpo_alpha099_ordinary_b100_s0,0.99,0.8,0.8,0.99,0.0
dpo,reference,v7,B4,dpo_coverage05_reference_half_b100_s0,dpo_coverage05_ordinary_b100_s0,0.9,0.5,0.8,0.45,0.0
dpo,reference,v8,B4,dpo_coverage05_reference_max_b100_s0,dpo_coverage05_ordinary_b100_s0,0.9,0.5,0.8,0.9,0.0
dpo,reference,v9,B5,dpo_beta15_reference_half_b100_s0,dpo_beta15_ordinary_b100_s0,0.9,0.8,1.2,0.45,0.0
dpo,reference,v10,B5,dpo_beta15_reference_max_b100_s0,dpo_beta15_ordinary_b100_s0,0.9,0.8,1.2,0.9,0.0
dpo,feedback,v1,B1,dpo_center_feedback_half_b100_s0,dpo_center_ordinary_b100_s0,0.9,0.8,0.8,0.0,0.5
dpo,feedback,v2,B1,dpo_center_feedback_one_b100_s0,dpo_center_ordinary_b100_s0,0.9,0.8,0.8,0.0,1.0
dpo,feedback,v3,B2,dpo_alpha08_feedback_half_b100_s0,dpo_alpha08_ordinary_b100_s0,0.8,0.8,0.8,0.0,0.5
dpo,feedback,v4,B2,dpo_alpha08_feedback_one_b100_s0,dpo_alpha08_ordinary_b100_s0,0.8,0.8,0.8,0.0,1.0
dpo,feedback,v5,B3,dpo_alpha099_feedback_half_b100_s0,dpo_alpha099_ordinary_b100_s0,0.99,0.8,0.8,0.0,0.5
dpo,feedback,v6,B3,dpo_alpha099_feedback_one_b100_s0,dpo_alpha099_ordinary_b100_s0,0.99,0.8,0.8,0.0,1.0
dpo,feedback,v7,B4,dpo_coverage05_feedback_half_b100_s0,dpo_coverage05_ordinary_b100_s0,0.9,0.5,0.8,0.0,0.5
dpo,feedback,v8,B4,dpo_coverage05_feedback_one_b100_s0,dpo_coverage05_ordinary_b100_s0,0.9,0.5,0.8,0.0,1.0
dpo,feedback,v9,B5,dpo_beta15_feedback_half_b100_s0,dpo_beta15_ordinary_b100_s0,0.9,0.8,1.2,0.0,0.5
dpo,feedback,v10,B5,dpo_beta15_feedback_one_b100_s0,dpo_beta15_ordinary_b100_s0,0.9,0.8,1.2,0.0,1.0
