method,arm,prompt_id,last_step,tv_mean_51_100,probability_temporal_sd_51_100,mean_max_probability_51_100,fraction_max_probability_ge_095_51_100,leading_response_switches_51_100,relative_entropy_mean_51_100,relative_entropy_100,raw_panel_entropy_100,final_leading_response,final_max_probability
ipo,reference90_alpha1,54,100,0.1418014819229834,0.21274282796647612,0.7242260546837082,0.1,9,0.556239928043718,0.1301628567232771,0.4238909841736914,4,0.8821028795683539
ipo,reference90_alpha1,251,100,0.07861082675673967,0.31926541243076084,0.8367804040203238,0.32,3,0.43998346845361874,0.0767514623793932,0.07686613235308384,4,0.9871034068735276
ipo,reference90_alpha1,612,100,0.08189210286171582,0.22332826844121206,0.7610694596572962,0.14,6,0.4902594091766285,0.2046203476101628,0.3253816446700159,4,0.918212377710233
ipo,reference90_alpha1,737,100,0.12354378763482955,0.24360718368259643,0.7051054035166174,0.02,6,0.5827344805337362,0.8112474260558284,0.8170021562519922,1,0.6899510938706381
ipo,reference90_alpha1,867,100,0.0988805793932602,0.2719927420627217,0.8156446036863781,0.34,8,0.5875539636445976,0.006325825367428295,0.05199380293440439,2,0.9918941273866574
ipo,reference90_alpha1,945,100,0.07271398832562777,0.08977575782038998,0.5852420891825887,0.0,10,0.6429125119360816,0.4825191877415222,0.8374789061855854,3,0.503426561319464
dpo,reference90_alpha1,54,100,0.1194315917774168,0.29365387948056376,0.8187725914045636,0.26,7,0.5884135279739805,0.011402014191493533,0.14963492215459281,4,0.9685109554860653
dpo,reference90_alpha1,251,100,0.057281919670878055,0.2970696382198955,0.8626785640723698,0.36,2,0.44174320185282917,0.15134090581398427,0.13104935609320867,4,0.9723427969895215
dpo,reference90_alpha1,612,100,0.050009653258186015,0.06720409022272918,0.7025264673128002,0.0,3,0.5926558058824426,0.27973823556480115,0.7387320584452014,4,0.551325155080939
dpo,reference90_alpha1,737,100,0.1124882022645841,0.29906844033987584,0.7677805513502345,0.18,9,0.49759224639613026,0.11426001663978386,0.32787923680147385,1,0.923443869965258
dpo,reference90_alpha1,867,100,0.07673080663931416,0.2813199592423064,0.8378740015493245,0.36,4,0.38811146646442785,0.46421315423677145,0.598969444060977,2,0.7563596415864604
dpo,reference90_alpha1,945,100,0.11293997197147294,0.11508778273217327,0.5815878408089784,0.0,5,0.6899188691102909,0.44246147444953776,0.8241846352826611,3,0.5735000425166213
ipo,stage_b_ordinary_alpha09,54,100,0.06472621525687156,0.06355413278705567,0.46782840116098656,0.0,5,0.7817964394558331,0.7581512876831155,1.216645412022218,2,0.41595417166515597
ipo,stage_b_ordinary_alpha09,251,100,0.07777113580305928,0.10038334110663258,0.45393777874626906,0.0,11,0.9087913308447233,1.064637948426817,1.299297893825639,1,0.3851108654872271
ipo,stage_b_ordinary_alpha09,612,100,0.06600571123942127,0.07730018582361448,0.47885945221998066,0.0,7,0.709272399851027,0.6919944078202469,1.0384699796608081,3,0.47167534333480104
ipo,stage_b_ordinary_alpha09,737,100,0.08374652830807566,0.10749871224443529,0.42966370080355515,0.0,8,0.8139171270716092,1.0052115758021793,1.1318207016756223,2,0.5585843988120416
ipo,stage_b_ordinary_alpha09,867,100,0.08714260186285745,0.11223658964815782,0.49078963364047345,0.0,9,0.7538096271359805,0.43278516459532773,1.0817503998846925,2,0.5047760732730882
ipo,stage_b_ordinary_alpha09,945,100,0.0774454932479675,0.1181961784336603,0.4295701360115504,0.0,8,1.0305665732986302,1.1873663513037351,1.0227849988871132,2,0.6163337293483178
ipo,stage_b_reference_alpha09,54,100,0.06850421740374721,0.06229311384172729,0.4759730537714632,0.0,3,0.7951435058132875,0.8154682278701311,1.171551727859211,2,0.5099812859412567
ipo,stage_b_reference_alpha09,251,100,0.07235995172906755,0.06718046693438055,0.40363974598053376,0.0,8,0.9927232534960734,1.1203525610745346,1.3441698501741248,1,0.35357337390213234
ipo,stage_b_reference_alpha09,612,100,0.07101787961187377,0.08432856318956103,0.45330895322259557,0.0,7,0.7826804431689659,0.5827665329292796,1.1186216540956975,3,0.3905013710010634
ipo,stage_b_reference_alpha09,737,100,0.08484267054819866,0.06577405460047266,0.41989387482977925,0.0,8,0.921079650579524,1.0571902881327437,1.2380668927042098,2,0.48974282334242975
ipo,stage_b_reference_alpha09,867,100,0.07999879357256598,0.0758204859775469,0.44646071741461507,0.0,10,0.7289443690646822,0.6491503752178063,1.157739955361536,4,0.39245630881632376
ipo,stage_b_reference_alpha09,945,100,0.07927326727265499,0.0850561720480931,0.3722053130520668,0.0,14,1.0767903760951059,1.2409939662453213,1.029626222166011,2,0.6487068544820165
ipo,stage_b_feedback_alpha09,54,100,0.06638968546566146,0.06744507402898556,0.4694807550858422,0.0,5,0.7863558757874369,0.7285303286753513,1.2308138881984045,2,0.37218968451291207
ipo,stage_b_feedback_alpha09,251,100,0.0727898863072095,0.0828717834638141,0.42688940126254127,0.0,10,0.921177867784548,1.1248079157141708,1.320981135796274,1,0.3920757549848033
ipo,stage_b_feedback_alpha09,612,100,0.06327333296197928,0.08384342981950432,0.4698771000902688,0.0,7,0.7148341017382507,0.5271416234679879,1.0915019686517442,4,0.41932978636738405
ipo,stage_b_feedback_alpha09,737,100,0.07507286173049116,0.09065101618626688,0.4354366972010788,0.0,5,0.8783658627296519,0.9300625982367294,1.1043272894106269,2,0.5601923697850725
ipo,stage_b_feedback_alpha09,867,100,0.07775656485784598,0.08305517822487546,0.45846052599348863,0.0,15,0.7035423742739492,0.4737384707609844,1.0593664142317571,4,0.45011103838811417
ipo,stage_b_feedback_alpha09,945,100,0.07891340384433856,0.07580802618453007,0.36564165545591254,0.0,15,1.0888563622501923,1.1783579547371759,1.1411893379874134,2,0.5692093486816198
dpo,stage_b_ordinary_alpha09,54,100,0.06759252374582679,0.07417905332739774,0.48389245014009447,0.0,4,0.7698673352081975,0.6980230491212736,1.17880841362873,4,0.4207002864349518
dpo,stage_b_ordinary_alpha09,251,100,0.07928594768340497,0.10978336788229734,0.47629222788513,0.0,9,0.9029870249579665,1.0456803046353935,1.2876598550149456,1,0.38347532999949047
dpo,stage_b_ordinary_alpha09,612,100,0.06706030664758625,0.07878177568592157,0.46700566740893384,0.0,9,0.7155488927759069,0.5508992526564445,1.092872512935358,3,0.4063854246317493
dpo,stage_b_ordinary_alpha09,737,100,0.08865771650417445,0.10791862587605829,0.4168109240553805,0.0,14,0.7973352031500253,0.9456106226746246,1.1324562909237106,2,0.5670738621594129
dpo,stage_b_ordinary_alpha09,867,100,0.08318170811857428,0.11297059497083167,0.5111988458744744,0.0,10,0.7074923759668563,0.34088152533009675,0.9948311449109241,2,0.6072918658252172
dpo,stage_b_ordinary_alpha09,945,100,0.08133693695594248,0.11630252632374236,0.41925565952232163,0.0,8,1.074369753419258,1.119837460144918,1.1260770947106373,2,0.545913422928279
dpo,stage_b_reference_alpha09,54,100,0.06547721768129668,0.059783486640204116,0.4649454463668949,0.0,4,0.7926514949230632,0.8054421921392662,1.193686769799284,2,0.48340124554445957
dpo,stage_b_reference_alpha09,251,100,0.07066819073898628,0.06817053127552701,0.40820002487392465,0.0,16,0.9493046809530519,0.9875674690638434,1.293393426147818,4,0.3926769809283648
dpo,stage_b_reference_alpha09,612,100,0.06947255360733212,0.085387430353907,0.4581973680095465,0.0,11,0.7460128993592902,0.44171141908120454,1.0544576822075578,4,0.47184084017440336
dpo,stage_b_reference_alpha09,737,100,0.08128759080050267,0.06393451552702495,0.42704696820167937,0.0,4,0.9050863723249027,1.0055229196125763,1.1231953313230643,2,0.5729164111303755
dpo,stage_b_reference_alpha09,867,100,0.07762613636658808,0.0803785302564036,0.44833455404707145,0.0,15,0.7517915421081105,0.6299501597784082,1.1525594347723074,4,0.38030433991667484
dpo,stage_b_reference_alpha09,945,100,0.08108114164337371,0.09630300011293366,0.3950489972936553,0.0,12,1.0552330546541477,1.2183564504706208,1.0029383703362078,2,0.6504220707599381
dpo,stage_b_feedback_alpha09,54,100,0.07073533997046728,0.07155765828056744,0.48114694487753745,0.0,7,0.781420967061655,0.7362663726594747,1.2384897308186287,2,0.396818794482417
dpo,stage_b_feedback_alpha09,251,100,0.06722087007527532,0.06823108833565722,0.41797723331463776,0.0,13,0.9026387585406161,1.1106422853060378,1.3242924976984236,1,0.3663902226231408
dpo,stage_b_feedback_alpha09,612,100,0.06658791086353263,0.07702453837655418,0.4695223317059362,0.0,10,0.7183925187385368,0.4739846744897236,1.061894321821553,4,0.4476205263680993
dpo,stage_b_feedback_alpha09,737,100,0.07987326080023997,0.09920783444150814,0.43185517216005,0.0,7,0.8361798333909881,0.9500165952904229,1.145779957773347,2,0.5477941867128922
dpo,stage_b_feedback_alpha09,867,100,0.08288107104399672,0.08936491355544576,0.45555210898819387,0.0,12,0.7265632169159579,0.5491396586109741,1.062061947566767,4,0.5002664531833687
dpo,stage_b_feedback_alpha09,945,100,0.07739736334143299,0.08569684825281564,0.381533713833422,0.0,13,1.0735464166444109,1.240160789384675,1.0764351146771818,2,0.6218934188744437
