method,arm,prompt_id,amplitude_initial,amplitude_final,amplitude_mean_51_100,amplitude_change_vs_ordinary_pct,net_turns_0_100,net_turns_20_100,net_turns_50_100,positive_phase_fraction_51_100,min_mode_amplitude,phase_low_amplitude_fraction,entropy_relative_final,entropy_relative_mean_51_100
ipo,ordinary,54,2.5394596136767005,0.2027643506362381,0.4517137056589604,0.0,1.4110448918532308,1.0871447098878946,1.2254614388267224,0.58,0.10861990119488533,0.0,0.7581512876831155,0.7817964394558331
ipo,ordinary,251,1.4355575677096284,0.44208262815807847,0.5632636724897753,0.0,4.783004921656999,4.29951612668868,2.642374140918363,0.84,0.12599783743268206,0.0,1.064637948426817,0.9087913308447233
ipo,ordinary,612,2.3721554394408577,0.15589293909441437,0.5347501345216471,0.0,3.115467090873614,2.1922714023556003,1.0862440390098058,0.68,0.0162667415969767,0.0297029702970297,0.6919944078202469,0.709272399851027
ipo,ordinary,737,2.4045282897299964,0.6556889258465937,0.49458081788459063,0.0,2.1810240258984566,1.7433156380299828,1.699842835619148,0.72,0.036943142789440955,0.0297029702970297,1.0052115758021793,0.8139171270716092
ipo,ordinary,867,2.123953649294517,0.5739574609049373,0.7336673381315802,0.0,4.3666060806736215,3.394271378218366,2.4263544638685275,0.82,0.049050704710431,0.009900990099009901,0.43278516459532773,0.7538096271359805
ipo,ordinary,945,1.0574401920850691,0.9749501471731832,0.5747046908149309,0.0,4.213290120181011,3.854658975509216,2.440860318366517,0.82,0.047043435977937136,0.0594059405940594,1.1873663513037351,1.0305665732986302
ipo,reference,54,2.5394596136767005,0.29131056458481075,0.42134112053300754,-6.723857333849392,1.2286774537299427,0.9123363744636439,0.984859678049046,0.6,0.05666396843306063,0.039603960396039604,0.8154682278701311,0.7951435058132875
ipo,reference,251,1.4355575677096284,0.25871783672428117,0.3551860582271751,-36.941422716441444,2.8407047882731566,2.382095567947891,1.4511974751400334,0.72,0.10105571763176546,0.0,1.1203525610745346,0.9927232534960734
ipo,reference,612,2.3721554394408577,1.3010008000398088,0.5392239009136709,0.8366087455079718,3.1013624837745644,2.5806225684525734,1.3170768380876043,0.64,0.12993201777064425,0.0,0.5827665329292796,0.7826804431689659
ipo,reference,737,2.4045282897299964,0.44553273347362293,0.32410462751912755,-34.468823739388,2.1562062823026116,1.7367035866757834,0.7144408256292016,0.54,0.10260361142900258,0.0,1.0571902881327437,0.921079650579524
ipo,reference,867,2.123953649294517,0.3835060077038219,0.46107687108708517,-37.15450489300739,2.2078723767296364,1.9324127961904356,1.6380150320968996,0.74,0.0642686384255694,0.019801980198019802,0.6491503752178063,0.7289443690646822
ipo,reference,945,1.0574401920850691,0.7573754765876158,0.3959969581733261,-31.095575779657793,3.108940290295902,2.7642390098861918,1.8075224867449327,0.74,0.041008934714645305,0.0297029702970297,1.2409939662453213,1.0767903760951059
ipo,feedback,54,2.5394596136767005,0.2180375085829568,0.4891814044099697,8.294567616971316,1.516568559464744,1.198020971160525,1.5322194996749765,0.8,0.06716630475063746,0.019801980198019802,0.7285303286753513,0.7863558757874369
ipo,feedback,251,1.4355575677096284,0.3577331530910807,0.45069642228264284,-19.984823397105522,3.8502135854181296,3.3470142335823976,1.6373274499986405,0.68,0.06176484739271703,0.039603960396039604,1.1248079157141708,0.921177867784548
ipo,feedback,612,2.3721554394408577,1.048676957296046,0.5284280116479145,-1.1822573694886374,3.119113551761425,2.696468398692414,1.0405646340586618,0.68,0.05364841615869788,0.0297029702970297,0.5271416234679879,0.7148341017382507
ipo,feedback,737,2.4045282897299964,0.7194537813840874,0.3929409611528117,-20.550707398339974,1.196441495115945,0.786929042535967,0.8864031343067601,0.6,0.00609425917190829,0.019801980198019802,0.9300625982367294,0.8783658627296519
ipo,feedback,867,2.123953649294517,0.23844726426761909,0.4538656100112558,-38.13741100058936,2.7783466506885928,2.6702543476970226,1.6441399558393268,0.78,0.029041161253829655,0.019801980198019802,0.4737384707609844,0.7035423742739492
ipo,feedback,945,1.0574401920850691,0.5201760369310754,0.36699752533881147,-36.14154691892123,2.135350613314454,1.8408268732084612,1.2735200643999576,0.76,0.06969153737577696,0.039603960396039604,1.1783579547371759,1.0888563622501923
dpo,ordinary,54,2.533813529719409,0.5382727229602225,0.4952087533636316,0.0,2.4767833405958566,2.144280773163265,2.222140115092752,0.74,0.029022278495661934,0.04950495049504951,0.6980230491212736,0.7698673352081975
dpo,ordinary,251,1.4345580071154436,0.4725304932407208,0.6419545889905653,0.0,4.767699276873484,4.268627069231403,2.609074203712575,0.84,0.09260271678242699,0.009900990099009901,1.0456803046353935,0.9029870249579665
dpo,ordinary,612,2.367405643698792,1.1221108026435798,0.5348925961624703,0.0,4.109651550832402,3.2018521784492533,2.1145820671433113,0.7,0.04357953486974111,0.0594059405940594,0.5508992526564445,0.7155488927759069
dpo,ordinary,737,2.3991037784120137,0.6067642012006543,0.5479175934087257,0.0,3.2338488981140205,2.773232198469682,2.719686929807104,0.76,0.06929560354297831,0.019801980198019802,0.9456106226746246,0.7973352031500253
dpo,ordinary,867,2.1208693612529137,0.5619291843108247,0.7121024404121604,0.0,3.4763692999236664,2.49104935646144,1.6873216336270542,0.82,0.12081047854887741,0.0,0.34088152533009675,0.7074923759668563
dpo,ordinary,945,1.0569524390252636,0.6910694160855867,0.5155068904886609,0.0,3.244037167745024,2.902340614040003,2.5052985790898803,0.92,0.034971970292602676,0.0594059405940594,1.119837460144918,1.074369753419258
dpo,reference,54,2.533813529719409,0.25267335907086275,0.3922456428949113,-20.79185995186045,1.2622511829548946,0.9195043152217937,0.9156318797685477,0.6,0.08884128857211634,0.009900990099009901,0.8054421921392663,0.7926514949230632
dpo,reference,251,1.4345580071154436,0.4477339133691126,0.3826048984304573,-40.40000570257153,2.684207565423989,2.196672271873127,1.246938694611467,0.62,0.007048006251705152,0.039603960396039604,0.9875674690638434,0.9493046809530518
dpo,reference,612,2.367405643698792,1.1391495713553976,0.6253582324508358,16.9128600652545,3.1362437345383385,2.5841090379203524,1.4311095432669598,0.64,0.09438856908617836,0.009900990099009901,0.44171141908120454,0.7460128993592902
dpo,reference,737,2.3991037784120137,0.6462566521020273,0.307141629991989,-43.94382774219972,1.1955921632586617,0.7615063901360151,-0.2058234125846936,0.4,0.054705581691872486,0.019801980198019802,1.0055229196125763,0.9050863723249027
dpo,reference,867,2.1208693612529137,0.4356586122479858,0.47585567727623534,-33.17595190365966,3.2243866648411923,2.8808347476695864,1.5549224236965884,0.74,0.03231406967380062,0.019801980198019802,0.6299501597784082,0.7517915421081105
dpo,reference,945,1.0569524390252636,0.8638149859216933,0.47664064890591534,-7.539422323900147,3.1706852310255185,2.8140118436027013,1.9873333773145974,0.76,0.0349710164786553,0.039603960396039604,1.2183564504706208,1.0552330546541477
dpo,feedback,54,2.533813529719409,0.10889119823471702,0.5113147590220416,3.252366915772864,1.5811252687727415,1.2483878968441495,1.5839930179189348,0.76,0.05833404964230155,0.019801980198019802,0.7362663726594747,0.781420967061655
dpo,feedback,251,1.4345580071154436,0.23482616417712385,0.3729937816363861,-41.897170293167285,4.839754496592363,4.357634073495322,2.6415703672152957,0.8,0.01852163861884041,0.06930693069306931,1.1106422853060378,0.9026387585406161
dpo,feedback,612,2.367405643698792,1.096432484634915,0.5298315660351146,-0.9461768892793709,3.1288749019011792,1.807028772951627,1.032328651086888,0.66,0.04290419792651395,0.0297029702970297,0.4739846744897236,0.7183925187385368
dpo,feedback,737,2.3991037784120137,0.6090468299193309,0.42915563483346675,-21.6751496947584,2.207846526891329,1.8321854041511099,1.0773661136391715,0.6,0.05032203272353191,0.0297029702970297,0.9500165952904229,0.8361798333909881
dpo,feedback,867,2.1208693612529137,0.34524188403129463,0.5071946871730207,-28.77503875994869,3.837461798663171,2.7927588745958953,1.7649356917017704,0.82,0.051098758625671564,0.009900990099009901,0.5491396586109741,0.7265632169159579
dpo,feedback,945,1.0569524390252636,0.6887211034511266,0.44477760972802394,-13.720336636740404,3.0902174763564982,1.815572033647368,1.2431344195906093,0.78,0.05834711472229164,0.039603960396039604,1.240160789384675,1.0735464166444109
