method,family,prompt_id,column,arm,baseline,run_id,ordinary_run_id,alpha,lambda_current,beta_train,nu,kappa
ipo,reference,54,1,ordinary,B1,ipo_center_ordinary_b100_s0,ipo_center_ordinary_b100_s0,0.9,0.8,0.2,0.0,0.0
ipo,reference,54,2,ordinary,B2,ipo_alpha08_ordinary_b100_s0,ipo_alpha08_ordinary_b100_s0,0.8,0.8,0.2,0.0,0.0
ipo,reference,54,3,ordinary,B3,ipo_alpha099_ordinary_b100_s0,ipo_alpha099_ordinary_b100_s0,0.99,0.8,0.2,0.0,0.0
ipo,reference,54,4,ordinary,B4,ipo_coverage05_ordinary_b100_s0,ipo_coverage05_ordinary_b100_s0,0.9,0.5,0.2,0.0,0.0
ipo,reference,54,5,ordinary,B5,ipo_beta15_ordinary_b100_s0,ipo_beta15_ordinary_b100_s0,0.9,0.8,0.3,0.0,0.0
ipo,reference,54,6,reference_half,B2,ipo_alpha08_reference_half_b100_s0,ipo_alpha08_ordinary_b100_s0,0.8,0.8,0.2,0.4,0.0
ipo,reference,54,7,reference_half,B1,ipo_center_reference_half_b100_s0,ipo_center_ordinary_b100_s0,0.9,0.8,0.2,0.45,0.0
ipo,reference,54,8,reference_half,B4,ipo_coverage05_reference_half_b100_s0,ipo_coverage05_ordinary_b100_s0,0.9,0.5,0.2,0.45,0.0
ipo,reference,54,9,reference_half,B5,ipo_beta15_reference_half_b100_s0,ipo_beta15_ordinary_b100_s0,0.9,0.8,0.3,0.45,0.0
ipo,reference,54,10,reference_half,B3,ipo_alpha099_reference_half_b100_s0,ipo_alpha099_ordinary_b100_s0,0.99,0.8,0.2,0.495,0.0
ipo,reference,54,11,reference_max,B2,ipo_alpha08_reference_max_b100_s0,ipo_alpha08_ordinary_b100_s0,0.8,0.8,0.2,0.8,0.0
ipo,reference,54,12,reference_max,B1,ipo_center_reference_max_b100_s0,ipo_center_ordinary_b100_s0,0.9,0.8,0.2,0.9,0.0
ipo,reference,54,13,reference_max,B4,ipo_coverage05_reference_max_b100_s0,ipo_coverage05_ordinary_b100_s0,0.9,0.5,0.2,0.9,0.0
ipo,reference,54,14,reference_max,B5,ipo_beta15_reference_max_b100_s0,ipo_beta15_ordinary_b100_s0,0.9,0.8,0.3,0.9,0.0
ipo,reference,54,15,reference_max,B3,ipo_alpha099_reference_max_b100_s0,ipo_alpha099_ordinary_b100_s0,0.99,0.8,0.2,0.99,0.0
ipo,reference,251,1,ordinary,B1,ipo_center_ordinary_b100_s0,ipo_center_ordinary_b100_s0,0.9,0.8,0.2,0.0,0.0
ipo,reference,251,2,ordinary,B2,ipo_alpha08_ordinary_b100_s0,ipo_alpha08_ordinary_b100_s0,0.8,0.8,0.2,0.0,0.0
ipo,reference,251,3,ordinary,B3,ipo_alpha099_ordinary_b100_s0,ipo_alpha099_ordinary_b100_s0,0.99,0.8,0.2,0.0,0.0
ipo,reference,251,4,ordinary,B4,ipo_coverage05_ordinary_b100_s0,ipo_coverage05_ordinary_b100_s0,0.9,0.5,0.2,0.0,0.0
ipo,reference,251,5,ordinary,B5,ipo_beta15_ordinary_b100_s0,ipo_beta15_ordinary_b100_s0,0.9,0.8,0.3,0.0,0.0
ipo,reference,251,6,reference_half,B2,ipo_alpha08_reference_half_b100_s0,ipo_alpha08_ordinary_b100_s0,0.8,0.8,0.2,0.4,0.0
ipo,reference,251,7,reference_half,B1,ipo_center_reference_half_b100_s0,ipo_center_ordinary_b100_s0,0.9,0.8,0.2,0.45,0.0
ipo,reference,251,8,reference_half,B4,ipo_coverage05_reference_half_b100_s0,ipo_coverage05_ordinary_b100_s0,0.9,0.5,0.2,0.45,0.0
ipo,reference,251,9,reference_half,B5,ipo_beta15_reference_half_b100_s0,ipo_beta15_ordinary_b100_s0,0.9,0.8,0.3,0.45,0.0
ipo,reference,251,10,reference_half,B3,ipo_alpha099_reference_half_b100_s0,ipo_alpha099_ordinary_b100_s0,0.99,0.8,0.2,0.495,0.0
ipo,reference,251,11,reference_max,B2,ipo_alpha08_reference_max_b100_s0,ipo_alpha08_ordinary_b100_s0,0.8,0.8,0.2,0.8,0.0
ipo,reference,251,12,reference_max,B1,ipo_center_reference_max_b100_s0,ipo_center_ordinary_b100_s0,0.9,0.8,0.2,0.9,0.0
ipo,reference,251,13,reference_max,B4,ipo_coverage05_reference_max_b100_s0,ipo_coverage05_ordinary_b100_s0,0.9,0.5,0.2,0.9,0.0
ipo,reference,251,14,reference_max,B5,ipo_beta15_reference_max_b100_s0,ipo_beta15_ordinary_b100_s0,0.9,0.8,0.3,0.9,0.0
ipo,reference,251,15,reference_max,B3,ipo_alpha099_reference_max_b100_s0,ipo_alpha099_ordinary_b100_s0,0.99,0.8,0.2,0.99,0.0
ipo,reference,612,1,ordinary,B1,ipo_center_ordinary_b100_s0,ipo_center_ordinary_b100_s0,0.9,0.8,0.2,0.0,0.0
ipo,reference,612,2,ordinary,B2,ipo_alpha08_ordinary_b100_s0,ipo_alpha08_ordinary_b100_s0,0.8,0.8,0.2,0.0,0.0
ipo,reference,612,3,ordinary,B3,ipo_alpha099_ordinary_b100_s0,ipo_alpha099_ordinary_b100_s0,0.99,0.8,0.2,0.0,0.0
ipo,reference,612,4,ordinary,B4,ipo_coverage05_ordinary_b100_s0,ipo_coverage05_ordinary_b100_s0,0.9,0.5,0.2,0.0,0.0
ipo,reference,612,5,ordinary,B5,ipo_beta15_ordinary_b100_s0,ipo_beta15_ordinary_b100_s0,0.9,0.8,0.3,0.0,0.0
ipo,reference,612,6,reference_half,B2,ipo_alpha08_reference_half_b100_s0,ipo_alpha08_ordinary_b100_s0,0.8,0.8,0.2,0.4,0.0
ipo,reference,612,7,reference_half,B1,ipo_center_reference_half_b100_s0,ipo_center_ordinary_b100_s0,0.9,0.8,0.2,0.45,0.0
ipo,reference,612,8,reference_half,B4,ipo_coverage05_reference_half_b100_s0,ipo_coverage05_ordinary_b100_s0,0.9,0.5,0.2,0.45,0.0
ipo,reference,612,9,reference_half,B5,ipo_beta15_reference_half_b100_s0,ipo_beta15_ordinary_b100_s0,0.9,0.8,0.3,0.45,0.0
ipo,reference,612,10,reference_half,B3,ipo_alpha099_reference_half_b100_s0,ipo_alpha099_ordinary_b100_s0,0.99,0.8,0.2,0.495,0.0
ipo,reference,612,11,reference_max,B2,ipo_alpha08_reference_max_b100_s0,ipo_alpha08_ordinary_b100_s0,0.8,0.8,0.2,0.8,0.0
ipo,reference,612,12,reference_max,B1,ipo_center_reference_max_b100_s0,ipo_center_ordinary_b100_s0,0.9,0.8,0.2,0.9,0.0
ipo,reference,612,13,reference_max,B4,ipo_coverage05_reference_max_b100_s0,ipo_coverage05_ordinary_b100_s0,0.9,0.5,0.2,0.9,0.0
ipo,reference,612,14,reference_max,B5,ipo_beta15_reference_max_b100_s0,ipo_beta15_ordinary_b100_s0,0.9,0.8,0.3,0.9,0.0
ipo,reference,612,15,reference_max,B3,ipo_alpha099_reference_max_b100_s0,ipo_alpha099_ordinary_b100_s0,0.99,0.8,0.2,0.99,0.0
ipo,reference,737,1,ordinary,B1,ipo_center_ordinary_b100_s0,ipo_center_ordinary_b100_s0,0.9,0.8,0.2,0.0,0.0
ipo,reference,737,2,ordinary,B2,ipo_alpha08_ordinary_b100_s0,ipo_alpha08_ordinary_b100_s0,0.8,0.8,0.2,0.0,0.0
ipo,reference,737,3,ordinary,B3,ipo_alpha099_ordinary_b100_s0,ipo_alpha099_ordinary_b100_s0,0.99,0.8,0.2,0.0,0.0
ipo,reference,737,4,ordinary,B4,ipo_coverage05_ordinary_b100_s0,ipo_coverage05_ordinary_b100_s0,0.9,0.5,0.2,0.0,0.0
ipo,reference,737,5,ordinary,B5,ipo_beta15_ordinary_b100_s0,ipo_beta15_ordinary_b100_s0,0.9,0.8,0.3,0.0,0.0
ipo,reference,737,6,reference_half,B2,ipo_alpha08_reference_half_b100_s0,ipo_alpha08_ordinary_b100_s0,0.8,0.8,0.2,0.4,0.0
ipo,reference,737,7,reference_half,B1,ipo_center_reference_half_b100_s0,ipo_center_ordinary_b100_s0,0.9,0.8,0.2,0.45,0.0
ipo,reference,737,8,reference_half,B4,ipo_coverage05_reference_half_b100_s0,ipo_coverage05_ordinary_b100_s0,0.9,0.5,0.2,0.45,0.0
ipo,reference,737,9,reference_half,B5,ipo_beta15_reference_half_b100_s0,ipo_beta15_ordinary_b100_s0,0.9,0.8,0.3,0.45,0.0
ipo,reference,737,10,reference_half,B3,ipo_alpha099_reference_half_b100_s0,ipo_alpha099_ordinary_b100_s0,0.99,0.8,0.2,0.495,0.0
ipo,reference,737,11,reference_max,B2,ipo_alpha08_reference_max_b100_s0,ipo_alpha08_ordinary_b100_s0,0.8,0.8,0.2,0.8,0.0
ipo,reference,737,12,reference_max,B1,ipo_center_reference_max_b100_s0,ipo_center_ordinary_b100_s0,0.9,0.8,0.2,0.9,0.0
ipo,reference,737,13,reference_max,B4,ipo_coverage05_reference_max_b100_s0,ipo_coverage05_ordinary_b100_s0,0.9,0.5,0.2,0.9,0.0
ipo,reference,737,14,reference_max,B5,ipo_beta15_reference_max_b100_s0,ipo_beta15_ordinary_b100_s0,0.9,0.8,0.3,0.9,0.0
ipo,reference,737,15,reference_max,B3,ipo_alpha099_reference_max_b100_s0,ipo_alpha099_ordinary_b100_s0,0.99,0.8,0.2,0.99,0.0
ipo,reference,867,1,ordinary,B1,ipo_center_ordinary_b100_s0,ipo_center_ordinary_b100_s0,0.9,0.8,0.2,0.0,0.0
ipo,reference,867,2,ordinary,B2,ipo_alpha08_ordinary_b100_s0,ipo_alpha08_ordinary_b100_s0,0.8,0.8,0.2,0.0,0.0
ipo,reference,867,3,ordinary,B3,ipo_alpha099_ordinary_b100_s0,ipo_alpha099_ordinary_b100_s0,0.99,0.8,0.2,0.0,0.0
ipo,reference,867,4,ordinary,B4,ipo_coverage05_ordinary_b100_s0,ipo_coverage05_ordinary_b100_s0,0.9,0.5,0.2,0.0,0.0
ipo,reference,867,5,ordinary,B5,ipo_beta15_ordinary_b100_s0,ipo_beta15_ordinary_b100_s0,0.9,0.8,0.3,0.0,0.0
ipo,reference,867,6,reference_half,B2,ipo_alpha08_reference_half_b100_s0,ipo_alpha08_ordinary_b100_s0,0.8,0.8,0.2,0.4,0.0
ipo,reference,867,7,reference_half,B1,ipo_center_reference_half_b100_s0,ipo_center_ordinary_b100_s0,0.9,0.8,0.2,0.45,0.0
ipo,reference,867,8,reference_half,B4,ipo_coverage05_reference_half_b100_s0,ipo_coverage05_ordinary_b100_s0,0.9,0.5,0.2,0.45,0.0
ipo,reference,867,9,reference_half,B5,ipo_beta15_reference_half_b100_s0,ipo_beta15_ordinary_b100_s0,0.9,0.8,0.3,0.45,0.0
ipo,reference,867,10,reference_half,B3,ipo_alpha099_reference_half_b100_s0,ipo_alpha099_ordinary_b100_s0,0.99,0.8,0.2,0.495,0.0
ipo,reference,867,11,reference_max,B2,ipo_alpha08_reference_max_b100_s0,ipo_alpha08_ordinary_b100_s0,0.8,0.8,0.2,0.8,0.0
ipo,reference,867,12,reference_max,B1,ipo_center_reference_max_b100_s0,ipo_center_ordinary_b100_s0,0.9,0.8,0.2,0.9,0.0
ipo,reference,867,13,reference_max,B4,ipo_coverage05_reference_max_b100_s0,ipo_coverage05_ordinary_b100_s0,0.9,0.5,0.2,0.9,0.0
ipo,reference,867,14,reference_max,B5,ipo_beta15_reference_max_b100_s0,ipo_beta15_ordinary_b100_s0,0.9,0.8,0.3,0.9,0.0
ipo,reference,867,15,reference_max,B3,ipo_alpha099_reference_max_b100_s0,ipo_alpha099_ordinary_b100_s0,0.99,0.8,0.2,0.99,0.0
ipo,reference,945,1,ordinary,B1,ipo_center_ordinary_b100_s0,ipo_center_ordinary_b100_s0,0.9,0.8,0.2,0.0,0.0
ipo,reference,945,2,ordinary,B2,ipo_alpha08_ordinary_b100_s0,ipo_alpha08_ordinary_b100_s0,0.8,0.8,0.2,0.0,0.0
ipo,reference,945,3,ordinary,B3,ipo_alpha099_ordinary_b100_s0,ipo_alpha099_ordinary_b100_s0,0.99,0.8,0.2,0.0,0.0
ipo,reference,945,4,ordinary,B4,ipo_coverage05_ordinary_b100_s0,ipo_coverage05_ordinary_b100_s0,0.9,0.5,0.2,0.0,0.0
ipo,reference,945,5,ordinary,B5,ipo_beta15_ordinary_b100_s0,ipo_beta15_ordinary_b100_s0,0.9,0.8,0.3,0.0,0.0
ipo,reference,945,6,reference_half,B2,ipo_alpha08_reference_half_b100_s0,ipo_alpha08_ordinary_b100_s0,0.8,0.8,0.2,0.4,0.0
ipo,reference,945,7,reference_half,B1,ipo_center_reference_half_b100_s0,ipo_center_ordinary_b100_s0,0.9,0.8,0.2,0.45,0.0
ipo,reference,945,8,reference_half,B4,ipo_coverage05_reference_half_b100_s0,ipo_coverage05_ordinary_b100_s0,0.9,0.5,0.2,0.45,0.0
ipo,reference,945,9,reference_half,B5,ipo_beta15_reference_half_b100_s0,ipo_beta15_ordinary_b100_s0,0.9,0.8,0.3,0.45,0.0
ipo,reference,945,10,reference_half,B3,ipo_alpha099_reference_half_b100_s0,ipo_alpha099_ordinary_b100_s0,0.99,0.8,0.2,0.495,0.0
ipo,reference,945,11,reference_max,B2,ipo_alpha08_reference_max_b100_s0,ipo_alpha08_ordinary_b100_s0,0.8,0.8,0.2,0.8,0.0
ipo,reference,945,12,reference_max,B1,ipo_center_reference_max_b100_s0,ipo_center_ordinary_b100_s0,0.9,0.8,0.2,0.9,0.0
ipo,reference,945,13,reference_max,B4,ipo_coverage05_reference_max_b100_s0,ipo_coverage05_ordinary_b100_s0,0.9,0.5,0.2,0.9,0.0
ipo,reference,945,14,reference_max,B5,ipo_beta15_reference_max_b100_s0,ipo_beta15_ordinary_b100_s0,0.9,0.8,0.3,0.9,0.0
ipo,reference,945,15,reference_max,B3,ipo_alpha099_reference_max_b100_s0,ipo_alpha099_ordinary_b100_s0,0.99,0.8,0.2,0.99,0.0
ipo,feedback,54,1,ordinary,B1,ipo_center_ordinary_b100_s0,ipo_center_ordinary_b100_s0,0.9,0.8,0.2,0.0,0.0
ipo,feedback,54,2,ordinary,B2,ipo_alpha08_ordinary_b100_s0,ipo_alpha08_ordinary_b100_s0,0.8,0.8,0.2,0.0,0.0
ipo,feedback,54,3,ordinary,B3,ipo_alpha099_ordinary_b100_s0,ipo_alpha099_ordinary_b100_s0,0.99,0.8,0.2,0.0,0.0
ipo,feedback,54,4,ordinary,B4,ipo_coverage05_ordinary_b100_s0,ipo_coverage05_ordinary_b100_s0,0.9,0.5,0.2,0.0,0.0
ipo,feedback,54,5,ordinary,B5,ipo_beta15_ordinary_b100_s0,ipo_beta15_ordinary_b100_s0,0.9,0.8,0.3,0.0,0.0
ipo,feedback,54,6,feedback_half,B1,ipo_center_feedback_half_b100_s0,ipo_center_ordinary_b100_s0,0.9,0.8,0.2,0.0,0.5
ipo,feedback,54,7,feedback_half,B2,ipo_alpha08_feedback_half_b100_s0,ipo_alpha08_ordinary_b100_s0,0.8,0.8,0.2,0.0,0.5
ipo,feedback,54,8,feedback_half,B3,ipo_alpha099_feedback_half_b100_s0,ipo_alpha099_ordinary_b100_s0,0.99,0.8,0.2,0.0,0.5
ipo,feedback,54,9,feedback_half,B4,ipo_coverage05_feedback_half_b100_s0,ipo_coverage05_ordinary_b100_s0,0.9,0.5,0.2,0.0,0.5
ipo,feedback,54,10,feedback_half,B5,ipo_beta15_feedback_half_b100_s0,ipo_beta15_ordinary_b100_s0,0.9,0.8,0.3,0.0,0.5
ipo,feedback,54,11,feedback_one,B1,ipo_center_feedback_one_b100_s0,ipo_center_ordinary_b100_s0,0.9,0.8,0.2,0.0,1.0
ipo,feedback,54,12,feedback_one,B2,ipo_alpha08_feedback_one_b100_s0,ipo_alpha08_ordinary_b100_s0,0.8,0.8,0.2,0.0,1.0
ipo,feedback,54,13,feedback_one,B3,ipo_alpha099_feedback_one_b100_s0,ipo_alpha099_ordinary_b100_s0,0.99,0.8,0.2,0.0,1.0
ipo,feedback,54,14,feedback_one,B4,ipo_coverage05_feedback_one_b100_s0,ipo_coverage05_ordinary_b100_s0,0.9,0.5,0.2,0.0,1.0
ipo,feedback,54,15,feedback_one,B5,ipo_beta15_feedback_one_b100_s0,ipo_beta15_ordinary_b100_s0,0.9,0.8,0.3,0.0,1.0
ipo,feedback,251,1,ordinary,B1,ipo_center_ordinary_b100_s0,ipo_center_ordinary_b100_s0,0.9,0.8,0.2,0.0,0.0
ipo,feedback,251,2,ordinary,B2,ipo_alpha08_ordinary_b100_s0,ipo_alpha08_ordinary_b100_s0,0.8,0.8,0.2,0.0,0.0
ipo,feedback,251,3,ordinary,B3,ipo_alpha099_ordinary_b100_s0,ipo_alpha099_ordinary_b100_s0,0.99,0.8,0.2,0.0,0.0
ipo,feedback,251,4,ordinary,B4,ipo_coverage05_ordinary_b100_s0,ipo_coverage05_ordinary_b100_s0,0.9,0.5,0.2,0.0,0.0
ipo,feedback,251,5,ordinary,B5,ipo_beta15_ordinary_b100_s0,ipo_beta15_ordinary_b100_s0,0.9,0.8,0.3,0.0,0.0
ipo,feedback,251,6,feedback_half,B1,ipo_center_feedback_half_b100_s0,ipo_center_ordinary_b100_s0,0.9,0.8,0.2,0.0,0.5
ipo,feedback,251,7,feedback_half,B2,ipo_alpha08_feedback_half_b100_s0,ipo_alpha08_ordinary_b100_s0,0.8,0.8,0.2,0.0,0.5
ipo,feedback,251,8,feedback_half,B3,ipo_alpha099_feedback_half_b100_s0,ipo_alpha099_ordinary_b100_s0,0.99,0.8,0.2,0.0,0.5
ipo,feedback,251,9,feedback_half,B4,ipo_coverage05_feedback_half_b100_s0,ipo_coverage05_ordinary_b100_s0,0.9,0.5,0.2,0.0,0.5
ipo,feedback,251,10,feedback_half,B5,ipo_beta15_feedback_half_b100_s0,ipo_beta15_ordinary_b100_s0,0.9,0.8,0.3,0.0,0.5
ipo,feedback,251,11,feedback_one,B1,ipo_center_feedback_one_b100_s0,ipo_center_ordinary_b100_s0,0.9,0.8,0.2,0.0,1.0
ipo,feedback,251,12,feedback_one,B2,ipo_alpha08_feedback_one_b100_s0,ipo_alpha08_ordinary_b100_s0,0.8,0.8,0.2,0.0,1.0
ipo,feedback,251,13,feedback_one,B3,ipo_alpha099_feedback_one_b100_s0,ipo_alpha099_ordinary_b100_s0,0.99,0.8,0.2,0.0,1.0
ipo,feedback,251,14,feedback_one,B4,ipo_coverage05_feedback_one_b100_s0,ipo_coverage05_ordinary_b100_s0,0.9,0.5,0.2,0.0,1.0
ipo,feedback,251,15,feedback_one,B5,ipo_beta15_feedback_one_b100_s0,ipo_beta15_ordinary_b100_s0,0.9,0.8,0.3,0.0,1.0
ipo,feedback,612,1,ordinary,B1,ipo_center_ordinary_b100_s0,ipo_center_ordinary_b100_s0,0.9,0.8,0.2,0.0,0.0
ipo,feedback,612,2,ordinary,B2,ipo_alpha08_ordinary_b100_s0,ipo_alpha08_ordinary_b100_s0,0.8,0.8,0.2,0.0,0.0
ipo,feedback,612,3,ordinary,B3,ipo_alpha099_ordinary_b100_s0,ipo_alpha099_ordinary_b100_s0,0.99,0.8,0.2,0.0,0.0
ipo,feedback,612,4,ordinary,B4,ipo_coverage05_ordinary_b100_s0,ipo_coverage05_ordinary_b100_s0,0.9,0.5,0.2,0.0,0.0
ipo,feedback,612,5,ordinary,B5,ipo_beta15_ordinary_b100_s0,ipo_beta15_ordinary_b100_s0,0.9,0.8,0.3,0.0,0.0
ipo,feedback,612,6,feedback_half,B1,ipo_center_feedback_half_b100_s0,ipo_center_ordinary_b100_s0,0.9,0.8,0.2,0.0,0.5
ipo,feedback,612,7,feedback_half,B2,ipo_alpha08_feedback_half_b100_s0,ipo_alpha08_ordinary_b100_s0,0.8,0.8,0.2,0.0,0.5
ipo,feedback,612,8,feedback_half,B3,ipo_alpha099_feedback_half_b100_s0,ipo_alpha099_ordinary_b100_s0,0.99,0.8,0.2,0.0,0.5
ipo,feedback,612,9,feedback_half,B4,ipo_coverage05_feedback_half_b100_s0,ipo_coverage05_ordinary_b100_s0,0.9,0.5,0.2,0.0,0.5
ipo,feedback,612,10,feedback_half,B5,ipo_beta15_feedback_half_b100_s0,ipo_beta15_ordinary_b100_s0,0.9,0.8,0.3,0.0,0.5
ipo,feedback,612,11,feedback_one,B1,ipo_center_feedback_one_b100_s0,ipo_center_ordinary_b100_s0,0.9,0.8,0.2,0.0,1.0
ipo,feedback,612,12,feedback_one,B2,ipo_alpha08_feedback_one_b100_s0,ipo_alpha08_ordinary_b100_s0,0.8,0.8,0.2,0.0,1.0
ipo,feedback,612,13,feedback_one,B3,ipo_alpha099_feedback_one_b100_s0,ipo_alpha099_ordinary_b100_s0,0.99,0.8,0.2,0.0,1.0
ipo,feedback,612,14,feedback_one,B4,ipo_coverage05_feedback_one_b100_s0,ipo_coverage05_ordinary_b100_s0,0.9,0.5,0.2,0.0,1.0
ipo,feedback,612,15,feedback_one,B5,ipo_beta15_feedback_one_b100_s0,ipo_beta15_ordinary_b100_s0,0.9,0.8,0.3,0.0,1.0
ipo,feedback,737,1,ordinary,B1,ipo_center_ordinary_b100_s0,ipo_center_ordinary_b100_s0,0.9,0.8,0.2,0.0,0.0
ipo,feedback,737,2,ordinary,B2,ipo_alpha08_ordinary_b100_s0,ipo_alpha08_ordinary_b100_s0,0.8,0.8,0.2,0.0,0.0
ipo,feedback,737,3,ordinary,B3,ipo_alpha099_ordinary_b100_s0,ipo_alpha099_ordinary_b100_s0,0.99,0.8,0.2,0.0,0.0
ipo,feedback,737,4,ordinary,B4,ipo_coverage05_ordinary_b100_s0,ipo_coverage05_ordinary_b100_s0,0.9,0.5,0.2,0.0,0.0
ipo,feedback,737,5,ordinary,B5,ipo_beta15_ordinary_b100_s0,ipo_beta15_ordinary_b100_s0,0.9,0.8,0.3,0.0,0.0
ipo,feedback,737,6,feedback_half,B1,ipo_center_feedback_half_b100_s0,ipo_center_ordinary_b100_s0,0.9,0.8,0.2,0.0,0.5
ipo,feedback,737,7,feedback_half,B2,ipo_alpha08_feedback_half_b100_s0,ipo_alpha08_ordinary_b100_s0,0.8,0.8,0.2,0.0,0.5
ipo,feedback,737,8,feedback_half,B3,ipo_alpha099_feedback_half_b100_s0,ipo_alpha099_ordinary_b100_s0,0.99,0.8,0.2,0.0,0.5
ipo,feedback,737,9,feedback_half,B4,ipo_coverage05_feedback_half_b100_s0,ipo_coverage05_ordinary_b100_s0,0.9,0.5,0.2,0.0,0.5
ipo,feedback,737,10,feedback_half,B5,ipo_beta15_feedback_half_b100_s0,ipo_beta15_ordinary_b100_s0,0.9,0.8,0.3,0.0,0.5
ipo,feedback,737,11,feedback_one,B1,ipo_center_feedback_one_b100_s0,ipo_center_ordinary_b100_s0,0.9,0.8,0.2,0.0,1.0
ipo,feedback,737,12,feedback_one,B2,ipo_alpha08_feedback_one_b100_s0,ipo_alpha08_ordinary_b100_s0,0.8,0.8,0.2,0.0,1.0
ipo,feedback,737,13,feedback_one,B3,ipo_alpha099_feedback_one_b100_s0,ipo_alpha099_ordinary_b100_s0,0.99,0.8,0.2,0.0,1.0
ipo,feedback,737,14,feedback_one,B4,ipo_coverage05_feedback_one_b100_s0,ipo_coverage05_ordinary_b100_s0,0.9,0.5,0.2,0.0,1.0
ipo,feedback,737,15,feedback_one,B5,ipo_beta15_feedback_one_b100_s0,ipo_beta15_ordinary_b100_s0,0.9,0.8,0.3,0.0,1.0
ipo,feedback,867,1,ordinary,B1,ipo_center_ordinary_b100_s0,ipo_center_ordinary_b100_s0,0.9,0.8,0.2,0.0,0.0
ipo,feedback,867,2,ordinary,B2,ipo_alpha08_ordinary_b100_s0,ipo_alpha08_ordinary_b100_s0,0.8,0.8,0.2,0.0,0.0
ipo,feedback,867,3,ordinary,B3,ipo_alpha099_ordinary_b100_s0,ipo_alpha099_ordinary_b100_s0,0.99,0.8,0.2,0.0,0.0
ipo,feedback,867,4,ordinary,B4,ipo_coverage05_ordinary_b100_s0,ipo_coverage05_ordinary_b100_s0,0.9,0.5,0.2,0.0,0.0
ipo,feedback,867,5,ordinary,B5,ipo_beta15_ordinary_b100_s0,ipo_beta15_ordinary_b100_s0,0.9,0.8,0.3,0.0,0.0
ipo,feedback,867,6,feedback_half,B1,ipo_center_feedback_half_b100_s0,ipo_center_ordinary_b100_s0,0.9,0.8,0.2,0.0,0.5
ipo,feedback,867,7,feedback_half,B2,ipo_alpha08_feedback_half_b100_s0,ipo_alpha08_ordinary_b100_s0,0.8,0.8,0.2,0.0,0.5
ipo,feedback,867,8,feedback_half,B3,ipo_alpha099_feedback_half_b100_s0,ipo_alpha099_ordinary_b100_s0,0.99,0.8,0.2,0.0,0.5
ipo,feedback,867,9,feedback_half,B4,ipo_coverage05_feedback_half_b100_s0,ipo_coverage05_ordinary_b100_s0,0.9,0.5,0.2,0.0,0.5
ipo,feedback,867,10,feedback_half,B5,ipo_beta15_feedback_half_b100_s0,ipo_beta15_ordinary_b100_s0,0.9,0.8,0.3,0.0,0.5
ipo,feedback,867,11,feedback_one,B1,ipo_center_feedback_one_b100_s0,ipo_center_ordinary_b100_s0,0.9,0.8,0.2,0.0,1.0
ipo,feedback,867,12,feedback_one,B2,ipo_alpha08_feedback_one_b100_s0,ipo_alpha08_ordinary_b100_s0,0.8,0.8,0.2,0.0,1.0
ipo,feedback,867,13,feedback_one,B3,ipo_alpha099_feedback_one_b100_s0,ipo_alpha099_ordinary_b100_s0,0.99,0.8,0.2,0.0,1.0
ipo,feedback,867,14,feedback_one,B4,ipo_coverage05_feedback_one_b100_s0,ipo_coverage05_ordinary_b100_s0,0.9,0.5,0.2,0.0,1.0
ipo,feedback,867,15,feedback_one,B5,ipo_beta15_feedback_one_b100_s0,ipo_beta15_ordinary_b100_s0,0.9,0.8,0.3,0.0,1.0
ipo,feedback,945,1,ordinary,B1,ipo_center_ordinary_b100_s0,ipo_center_ordinary_b100_s0,0.9,0.8,0.2,0.0,0.0
ipo,feedback,945,2,ordinary,B2,ipo_alpha08_ordinary_b100_s0,ipo_alpha08_ordinary_b100_s0,0.8,0.8,0.2,0.0,0.0
ipo,feedback,945,3,ordinary,B3,ipo_alpha099_ordinary_b100_s0,ipo_alpha099_ordinary_b100_s0,0.99,0.8,0.2,0.0,0.0
ipo,feedback,945,4,ordinary,B4,ipo_coverage05_ordinary_b100_s0,ipo_coverage05_ordinary_b100_s0,0.9,0.5,0.2,0.0,0.0
ipo,feedback,945,5,ordinary,B5,ipo_beta15_ordinary_b100_s0,ipo_beta15_ordinary_b100_s0,0.9,0.8,0.3,0.0,0.0
ipo,feedback,945,6,feedback_half,B1,ipo_center_feedback_half_b100_s0,ipo_center_ordinary_b100_s0,0.9,0.8,0.2,0.0,0.5
ipo,feedback,945,7,feedback_half,B2,ipo_alpha08_feedback_half_b100_s0,ipo_alpha08_ordinary_b100_s0,0.8,0.8,0.2,0.0,0.5
ipo,feedback,945,8,feedback_half,B3,ipo_alpha099_feedback_half_b100_s0,ipo_alpha099_ordinary_b100_s0,0.99,0.8,0.2,0.0,0.5
ipo,feedback,945,9,feedback_half,B4,ipo_coverage05_feedback_half_b100_s0,ipo_coverage05_ordinary_b100_s0,0.9,0.5,0.2,0.0,0.5
ipo,feedback,945,10,feedback_half,B5,ipo_beta15_feedback_half_b100_s0,ipo_beta15_ordinary_b100_s0,0.9,0.8,0.3,0.0,0.5
ipo,feedback,945,11,feedback_one,B1,ipo_center_feedback_one_b100_s0,ipo_center_ordinary_b100_s0,0.9,0.8,0.2,0.0,1.0
ipo,feedback,945,12,feedback_one,B2,ipo_alpha08_feedback_one_b100_s0,ipo_alpha08_ordinary_b100_s0,0.8,0.8,0.2,0.0,1.0
ipo,feedback,945,13,feedback_one,B3,ipo_alpha099_feedback_one_b100_s0,ipo_alpha099_ordinary_b100_s0,0.99,0.8,0.2,0.0,1.0
ipo,feedback,945,14,feedback_one,B4,ipo_coverage05_feedback_one_b100_s0,ipo_coverage05_ordinary_b100_s0,0.9,0.5,0.2,0.0,1.0
ipo,feedback,945,15,feedback_one,B5,ipo_beta15_feedback_one_b100_s0,ipo_beta15_ordinary_b100_s0,0.9,0.8,0.3,0.0,1.0
dpo,reference,54,1,ordinary,B1,dpo_center_ordinary_b100_s0,dpo_center_ordinary_b100_s0,0.9,0.8,0.8,0.0,0.0
dpo,reference,54,2,ordinary,B2,dpo_alpha08_ordinary_b100_s0,dpo_alpha08_ordinary_b100_s0,0.8,0.8,0.8,0.0,0.0
dpo,reference,54,3,ordinary,B3,dpo_alpha099_ordinary_b100_s0,dpo_alpha099_ordinary_b100_s0,0.99,0.8,0.8,0.0,0.0
dpo,reference,54,4,ordinary,B4,dpo_coverage05_ordinary_b100_s0,dpo_coverage05_ordinary_b100_s0,0.9,0.5,0.8,0.0,0.0
dpo,reference,54,5,ordinary,B5,dpo_beta15_ordinary_b100_s0,dpo_beta15_ordinary_b100_s0,0.9,0.8,1.2,0.0,0.0
dpo,reference,54,6,reference_half,B2,dpo_alpha08_reference_half_b100_s0,dpo_alpha08_ordinary_b100_s0,0.8,0.8,0.8,0.4,0.0
dpo,reference,54,7,reference_half,B1,dpo_center_reference_half_b100_s0,dpo_center_ordinary_b100_s0,0.9,0.8,0.8,0.45,0.0
dpo,reference,54,8,reference_half,B4,dpo_coverage05_reference_half_b100_s0,dpo_coverage05_ordinary_b100_s0,0.9,0.5,0.8,0.45,0.0
dpo,reference,54,9,reference_half,B5,dpo_beta15_reference_half_b100_s0,dpo_beta15_ordinary_b100_s0,0.9,0.8,1.2,0.45,0.0
dpo,reference,54,10,reference_half,B3,dpo_alpha099_reference_half_b100_s0,dpo_alpha099_ordinary_b100_s0,0.99,0.8,0.8,0.495,0.0
dpo,reference,54,11,reference_max,B2,dpo_alpha08_reference_max_b100_s0,dpo_alpha08_ordinary_b100_s0,0.8,0.8,0.8,0.8,0.0
dpo,reference,54,12,reference_max,B1,dpo_center_reference_max_b100_s0,dpo_center_ordinary_b100_s0,0.9,0.8,0.8,0.9,0.0
dpo,reference,54,13,reference_max,B4,dpo_coverage05_reference_max_b100_s0,dpo_coverage05_ordinary_b100_s0,0.9,0.5,0.8,0.9,0.0
dpo,reference,54,14,reference_max,B5,dpo_beta15_reference_max_b100_s0,dpo_beta15_ordinary_b100_s0,0.9,0.8,1.2,0.9,0.0
dpo,reference,54,15,reference_max,B3,dpo_alpha099_reference_max_b100_s0,dpo_alpha099_ordinary_b100_s0,0.99,0.8,0.8,0.99,0.0
dpo,reference,251,1,ordinary,B1,dpo_center_ordinary_b100_s0,dpo_center_ordinary_b100_s0,0.9,0.8,0.8,0.0,0.0
dpo,reference,251,2,ordinary,B2,dpo_alpha08_ordinary_b100_s0,dpo_alpha08_ordinary_b100_s0,0.8,0.8,0.8,0.0,0.0
dpo,reference,251,3,ordinary,B3,dpo_alpha099_ordinary_b100_s0,dpo_alpha099_ordinary_b100_s0,0.99,0.8,0.8,0.0,0.0
dpo,reference,251,4,ordinary,B4,dpo_coverage05_ordinary_b100_s0,dpo_coverage05_ordinary_b100_s0,0.9,0.5,0.8,0.0,0.0
dpo,reference,251,5,ordinary,B5,dpo_beta15_ordinary_b100_s0,dpo_beta15_ordinary_b100_s0,0.9,0.8,1.2,0.0,0.0
dpo,reference,251,6,reference_half,B2,dpo_alpha08_reference_half_b100_s0,dpo_alpha08_ordinary_b100_s0,0.8,0.8,0.8,0.4,0.0
dpo,reference,251,7,reference_half,B1,dpo_center_reference_half_b100_s0,dpo_center_ordinary_b100_s0,0.9,0.8,0.8,0.45,0.0
dpo,reference,251,8,reference_half,B4,dpo_coverage05_reference_half_b100_s0,dpo_coverage05_ordinary_b100_s0,0.9,0.5,0.8,0.45,0.0
dpo,reference,251,9,reference_half,B5,dpo_beta15_reference_half_b100_s0,dpo_beta15_ordinary_b100_s0,0.9,0.8,1.2,0.45,0.0
dpo,reference,251,10,reference_half,B3,dpo_alpha099_reference_half_b100_s0,dpo_alpha099_ordinary_b100_s0,0.99,0.8,0.8,0.495,0.0
dpo,reference,251,11,reference_max,B2,dpo_alpha08_reference_max_b100_s0,dpo_alpha08_ordinary_b100_s0,0.8,0.8,0.8,0.8,0.0
dpo,reference,251,12,reference_max,B1,dpo_center_reference_max_b100_s0,dpo_center_ordinary_b100_s0,0.9,0.8,0.8,0.9,0.0
dpo,reference,251,13,reference_max,B4,dpo_coverage05_reference_max_b100_s0,dpo_coverage05_ordinary_b100_s0,0.9,0.5,0.8,0.9,0.0
dpo,reference,251,14,reference_max,B5,dpo_beta15_reference_max_b100_s0,dpo_beta15_ordinary_b100_s0,0.9,0.8,1.2,0.9,0.0
dpo,reference,251,15,reference_max,B3,dpo_alpha099_reference_max_b100_s0,dpo_alpha099_ordinary_b100_s0,0.99,0.8,0.8,0.99,0.0
dpo,reference,612,1,ordinary,B1,dpo_center_ordinary_b100_s0,dpo_center_ordinary_b100_s0,0.9,0.8,0.8,0.0,0.0
dpo,reference,612,2,ordinary,B2,dpo_alpha08_ordinary_b100_s0,dpo_alpha08_ordinary_b100_s0,0.8,0.8,0.8,0.0,0.0
dpo,reference,612,3,ordinary,B3,dpo_alpha099_ordinary_b100_s0,dpo_alpha099_ordinary_b100_s0,0.99,0.8,0.8,0.0,0.0
dpo,reference,612,4,ordinary,B4,dpo_coverage05_ordinary_b100_s0,dpo_coverage05_ordinary_b100_s0,0.9,0.5,0.8,0.0,0.0
dpo,reference,612,5,ordinary,B5,dpo_beta15_ordinary_b100_s0,dpo_beta15_ordinary_b100_s0,0.9,0.8,1.2,0.0,0.0
dpo,reference,612,6,reference_half,B2,dpo_alpha08_reference_half_b100_s0,dpo_alpha08_ordinary_b100_s0,0.8,0.8,0.8,0.4,0.0
dpo,reference,612,7,reference_half,B1,dpo_center_reference_half_b100_s0,dpo_center_ordinary_b100_s0,0.9,0.8,0.8,0.45,0.0
dpo,reference,612,8,reference_half,B4,dpo_coverage05_reference_half_b100_s0,dpo_coverage05_ordinary_b100_s0,0.9,0.5,0.8,0.45,0.0
dpo,reference,612,9,reference_half,B5,dpo_beta15_reference_half_b100_s0,dpo_beta15_ordinary_b100_s0,0.9,0.8,1.2,0.45,0.0
dpo,reference,612,10,reference_half,B3,dpo_alpha099_reference_half_b100_s0,dpo_alpha099_ordinary_b100_s0,0.99,0.8,0.8,0.495,0.0
dpo,reference,612,11,reference_max,B2,dpo_alpha08_reference_max_b100_s0,dpo_alpha08_ordinary_b100_s0,0.8,0.8,0.8,0.8,0.0
dpo,reference,612,12,reference_max,B1,dpo_center_reference_max_b100_s0,dpo_center_ordinary_b100_s0,0.9,0.8,0.8,0.9,0.0
dpo,reference,612,13,reference_max,B4,dpo_coverage05_reference_max_b100_s0,dpo_coverage05_ordinary_b100_s0,0.9,0.5,0.8,0.9,0.0
dpo,reference,612,14,reference_max,B5,dpo_beta15_reference_max_b100_s0,dpo_beta15_ordinary_b100_s0,0.9,0.8,1.2,0.9,0.0
dpo,reference,612,15,reference_max,B3,dpo_alpha099_reference_max_b100_s0,dpo_alpha099_ordinary_b100_s0,0.99,0.8,0.8,0.99,0.0
dpo,reference,737,1,ordinary,B1,dpo_center_ordinary_b100_s0,dpo_center_ordinary_b100_s0,0.9,0.8,0.8,0.0,0.0
dpo,reference,737,2,ordinary,B2,dpo_alpha08_ordinary_b100_s0,dpo_alpha08_ordinary_b100_s0,0.8,0.8,0.8,0.0,0.0
dpo,reference,737,3,ordinary,B3,dpo_alpha099_ordinary_b100_s0,dpo_alpha099_ordinary_b100_s0,0.99,0.8,0.8,0.0,0.0
dpo,reference,737,4,ordinary,B4,dpo_coverage05_ordinary_b100_s0,dpo_coverage05_ordinary_b100_s0,0.9,0.5,0.8,0.0,0.0
dpo,reference,737,5,ordinary,B5,dpo_beta15_ordinary_b100_s0,dpo_beta15_ordinary_b100_s0,0.9,0.8,1.2,0.0,0.0
dpo,reference,737,6,reference_half,B2,dpo_alpha08_reference_half_b100_s0,dpo_alpha08_ordinary_b100_s0,0.8,0.8,0.8,0.4,0.0
dpo,reference,737,7,reference_half,B1,dpo_center_reference_half_b100_s0,dpo_center_ordinary_b100_s0,0.9,0.8,0.8,0.45,0.0
dpo,reference,737,8,reference_half,B4,dpo_coverage05_reference_half_b100_s0,dpo_coverage05_ordinary_b100_s0,0.9,0.5,0.8,0.45,0.0
dpo,reference,737,9,reference_half,B5,dpo_beta15_reference_half_b100_s0,dpo_beta15_ordinary_b100_s0,0.9,0.8,1.2,0.45,0.0
dpo,reference,737,10,reference_half,B3,dpo_alpha099_reference_half_b100_s0,dpo_alpha099_ordinary_b100_s0,0.99,0.8,0.8,0.495,0.0
dpo,reference,737,11,reference_max,B2,dpo_alpha08_reference_max_b100_s0,dpo_alpha08_ordinary_b100_s0,0.8,0.8,0.8,0.8,0.0
dpo,reference,737,12,reference_max,B1,dpo_center_reference_max_b100_s0,dpo_center_ordinary_b100_s0,0.9,0.8,0.8,0.9,0.0
dpo,reference,737,13,reference_max,B4,dpo_coverage05_reference_max_b100_s0,dpo_coverage05_ordinary_b100_s0,0.9,0.5,0.8,0.9,0.0
dpo,reference,737,14,reference_max,B5,dpo_beta15_reference_max_b100_s0,dpo_beta15_ordinary_b100_s0,0.9,0.8,1.2,0.9,0.0
dpo,reference,737,15,reference_max,B3,dpo_alpha099_reference_max_b100_s0,dpo_alpha099_ordinary_b100_s0,0.99,0.8,0.8,0.99,0.0
dpo,reference,867,1,ordinary,B1,dpo_center_ordinary_b100_s0,dpo_center_ordinary_b100_s0,0.9,0.8,0.8,0.0,0.0
dpo,reference,867,2,ordinary,B2,dpo_alpha08_ordinary_b100_s0,dpo_alpha08_ordinary_b100_s0,0.8,0.8,0.8,0.0,0.0
dpo,reference,867,3,ordinary,B3,dpo_alpha099_ordinary_b100_s0,dpo_alpha099_ordinary_b100_s0,0.99,0.8,0.8,0.0,0.0
dpo,reference,867,4,ordinary,B4,dpo_coverage05_ordinary_b100_s0,dpo_coverage05_ordinary_b100_s0,0.9,0.5,0.8,0.0,0.0
dpo,reference,867,5,ordinary,B5,dpo_beta15_ordinary_b100_s0,dpo_beta15_ordinary_b100_s0,0.9,0.8,1.2,0.0,0.0
dpo,reference,867,6,reference_half,B2,dpo_alpha08_reference_half_b100_s0,dpo_alpha08_ordinary_b100_s0,0.8,0.8,0.8,0.4,0.0
dpo,reference,867,7,reference_half,B1,dpo_center_reference_half_b100_s0,dpo_center_ordinary_b100_s0,0.9,0.8,0.8,0.45,0.0
dpo,reference,867,8,reference_half,B4,dpo_coverage05_reference_half_b100_s0,dpo_coverage05_ordinary_b100_s0,0.9,0.5,0.8,0.45,0.0
dpo,reference,867,9,reference_half,B5,dpo_beta15_reference_half_b100_s0,dpo_beta15_ordinary_b100_s0,0.9,0.8,1.2,0.45,0.0
dpo,reference,867,10,reference_half,B3,dpo_alpha099_reference_half_b100_s0,dpo_alpha099_ordinary_b100_s0,0.99,0.8,0.8,0.495,0.0
dpo,reference,867,11,reference_max,B2,dpo_alpha08_reference_max_b100_s0,dpo_alpha08_ordinary_b100_s0,0.8,0.8,0.8,0.8,0.0
dpo,reference,867,12,reference_max,B1,dpo_center_reference_max_b100_s0,dpo_center_ordinary_b100_s0,0.9,0.8,0.8,0.9,0.0
dpo,reference,867,13,reference_max,B4,dpo_coverage05_reference_max_b100_s0,dpo_coverage05_ordinary_b100_s0,0.9,0.5,0.8,0.9,0.0
dpo,reference,867,14,reference_max,B5,dpo_beta15_reference_max_b100_s0,dpo_beta15_ordinary_b100_s0,0.9,0.8,1.2,0.9,0.0
dpo,reference,867,15,reference_max,B3,dpo_alpha099_reference_max_b100_s0,dpo_alpha099_ordinary_b100_s0,0.99,0.8,0.8,0.99,0.0
dpo,reference,945,1,ordinary,B1,dpo_center_ordinary_b100_s0,dpo_center_ordinary_b100_s0,0.9,0.8,0.8,0.0,0.0
dpo,reference,945,2,ordinary,B2,dpo_alpha08_ordinary_b100_s0,dpo_alpha08_ordinary_b100_s0,0.8,0.8,0.8,0.0,0.0
dpo,reference,945,3,ordinary,B3,dpo_alpha099_ordinary_b100_s0,dpo_alpha099_ordinary_b100_s0,0.99,0.8,0.8,0.0,0.0
dpo,reference,945,4,ordinary,B4,dpo_coverage05_ordinary_b100_s0,dpo_coverage05_ordinary_b100_s0,0.9,0.5,0.8,0.0,0.0
dpo,reference,945,5,ordinary,B5,dpo_beta15_ordinary_b100_s0,dpo_beta15_ordinary_b100_s0,0.9,0.8,1.2,0.0,0.0
dpo,reference,945,6,reference_half,B2,dpo_alpha08_reference_half_b100_s0,dpo_alpha08_ordinary_b100_s0,0.8,0.8,0.8,0.4,0.0
dpo,reference,945,7,reference_half,B1,dpo_center_reference_half_b100_s0,dpo_center_ordinary_b100_s0,0.9,0.8,0.8,0.45,0.0
dpo,reference,945,8,reference_half,B4,dpo_coverage05_reference_half_b100_s0,dpo_coverage05_ordinary_b100_s0,0.9,0.5,0.8,0.45,0.0
dpo,reference,945,9,reference_half,B5,dpo_beta15_reference_half_b100_s0,dpo_beta15_ordinary_b100_s0,0.9,0.8,1.2,0.45,0.0
dpo,reference,945,10,reference_half,B3,dpo_alpha099_reference_half_b100_s0,dpo_alpha099_ordinary_b100_s0,0.99,0.8,0.8,0.495,0.0
dpo,reference,945,11,reference_max,B2,dpo_alpha08_reference_max_b100_s0,dpo_alpha08_ordinary_b100_s0,0.8,0.8,0.8,0.8,0.0
dpo,reference,945,12,reference_max,B1,dpo_center_reference_max_b100_s0,dpo_center_ordinary_b100_s0,0.9,0.8,0.8,0.9,0.0
dpo,reference,945,13,reference_max,B4,dpo_coverage05_reference_max_b100_s0,dpo_coverage05_ordinary_b100_s0,0.9,0.5,0.8,0.9,0.0
dpo,reference,945,14,reference_max,B5,dpo_beta15_reference_max_b100_s0,dpo_beta15_ordinary_b100_s0,0.9,0.8,1.2,0.9,0.0
dpo,reference,945,15,reference_max,B3,dpo_alpha099_reference_max_b100_s0,dpo_alpha099_ordinary_b100_s0,0.99,0.8,0.8,0.99,0.0
dpo,feedback,54,1,ordinary,B1,dpo_center_ordinary_b100_s0,dpo_center_ordinary_b100_s0,0.9,0.8,0.8,0.0,0.0
dpo,feedback,54,2,ordinary,B2,dpo_alpha08_ordinary_b100_s0,dpo_alpha08_ordinary_b100_s0,0.8,0.8,0.8,0.0,0.0
dpo,feedback,54,3,ordinary,B3,dpo_alpha099_ordinary_b100_s0,dpo_alpha099_ordinary_b100_s0,0.99,0.8,0.8,0.0,0.0
dpo,feedback,54,4,ordinary,B4,dpo_coverage05_ordinary_b100_s0,dpo_coverage05_ordinary_b100_s0,0.9,0.5,0.8,0.0,0.0
dpo,feedback,54,5,ordinary,B5,dpo_beta15_ordinary_b100_s0,dpo_beta15_ordinary_b100_s0,0.9,0.8,1.2,0.0,0.0
dpo,feedback,54,6,feedback_half,B1,dpo_center_feedback_half_b100_s0,dpo_center_ordinary_b100_s0,0.9,0.8,0.8,0.0,0.5
dpo,feedback,54,7,feedback_half,B2,dpo_alpha08_feedback_half_b100_s0,dpo_alpha08_ordinary_b100_s0,0.8,0.8,0.8,0.0,0.5
dpo,feedback,54,8,feedback_half,B3,dpo_alpha099_feedback_half_b100_s0,dpo_alpha099_ordinary_b100_s0,0.99,0.8,0.8,0.0,0.5
dpo,feedback,54,9,feedback_half,B4,dpo_coverage05_feedback_half_b100_s0,dpo_coverage05_ordinary_b100_s0,0.9,0.5,0.8,0.0,0.5
dpo,feedback,54,10,feedback_half,B5,dpo_beta15_feedback_half_b100_s0,dpo_beta15_ordinary_b100_s0,0.9,0.8,1.2,0.0,0.5
dpo,feedback,54,11,feedback_one,B1,dpo_center_feedback_one_b100_s0,dpo_center_ordinary_b100_s0,0.9,0.8,0.8,0.0,1.0
dpo,feedback,54,12,feedback_one,B2,dpo_alpha08_feedback_one_b100_s0,dpo_alpha08_ordinary_b100_s0,0.8,0.8,0.8,0.0,1.0
dpo,feedback,54,13,feedback_one,B3,dpo_alpha099_feedback_one_b100_s0,dpo_alpha099_ordinary_b100_s0,0.99,0.8,0.8,0.0,1.0
dpo,feedback,54,14,feedback_one,B4,dpo_coverage05_feedback_one_b100_s0,dpo_coverage05_ordinary_b100_s0,0.9,0.5,0.8,0.0,1.0
dpo,feedback,54,15,feedback_one,B5,dpo_beta15_feedback_one_b100_s0,dpo_beta15_ordinary_b100_s0,0.9,0.8,1.2,0.0,1.0
dpo,feedback,251,1,ordinary,B1,dpo_center_ordinary_b100_s0,dpo_center_ordinary_b100_s0,0.9,0.8,0.8,0.0,0.0
dpo,feedback,251,2,ordinary,B2,dpo_alpha08_ordinary_b100_s0,dpo_alpha08_ordinary_b100_s0,0.8,0.8,0.8,0.0,0.0
dpo,feedback,251,3,ordinary,B3,dpo_alpha099_ordinary_b100_s0,dpo_alpha099_ordinary_b100_s0,0.99,0.8,0.8,0.0,0.0
dpo,feedback,251,4,ordinary,B4,dpo_coverage05_ordinary_b100_s0,dpo_coverage05_ordinary_b100_s0,0.9,0.5,0.8,0.0,0.0
dpo,feedback,251,5,ordinary,B5,dpo_beta15_ordinary_b100_s0,dpo_beta15_ordinary_b100_s0,0.9,0.8,1.2,0.0,0.0
dpo,feedback,251,6,feedback_half,B1,dpo_center_feedback_half_b100_s0,dpo_center_ordinary_b100_s0,0.9,0.8,0.8,0.0,0.5
dpo,feedback,251,7,feedback_half,B2,dpo_alpha08_feedback_half_b100_s0,dpo_alpha08_ordinary_b100_s0,0.8,0.8,0.8,0.0,0.5
dpo,feedback,251,8,feedback_half,B3,dpo_alpha099_feedback_half_b100_s0,dpo_alpha099_ordinary_b100_s0,0.99,0.8,0.8,0.0,0.5
dpo,feedback,251,9,feedback_half,B4,dpo_coverage05_feedback_half_b100_s0,dpo_coverage05_ordinary_b100_s0,0.9,0.5,0.8,0.0,0.5
dpo,feedback,251,10,feedback_half,B5,dpo_beta15_feedback_half_b100_s0,dpo_beta15_ordinary_b100_s0,0.9,0.8,1.2,0.0,0.5
dpo,feedback,251,11,feedback_one,B1,dpo_center_feedback_one_b100_s0,dpo_center_ordinary_b100_s0,0.9,0.8,0.8,0.0,1.0
dpo,feedback,251,12,feedback_one,B2,dpo_alpha08_feedback_one_b100_s0,dpo_alpha08_ordinary_b100_s0,0.8,0.8,0.8,0.0,1.0
dpo,feedback,251,13,feedback_one,B3,dpo_alpha099_feedback_one_b100_s0,dpo_alpha099_ordinary_b100_s0,0.99,0.8,0.8,0.0,1.0
dpo,feedback,251,14,feedback_one,B4,dpo_coverage05_feedback_one_b100_s0,dpo_coverage05_ordinary_b100_s0,0.9,0.5,0.8,0.0,1.0
dpo,feedback,251,15,feedback_one,B5,dpo_beta15_feedback_one_b100_s0,dpo_beta15_ordinary_b100_s0,0.9,0.8,1.2,0.0,1.0
dpo,feedback,612,1,ordinary,B1,dpo_center_ordinary_b100_s0,dpo_center_ordinary_b100_s0,0.9,0.8,0.8,0.0,0.0
dpo,feedback,612,2,ordinary,B2,dpo_alpha08_ordinary_b100_s0,dpo_alpha08_ordinary_b100_s0,0.8,0.8,0.8,0.0,0.0
dpo,feedback,612,3,ordinary,B3,dpo_alpha099_ordinary_b100_s0,dpo_alpha099_ordinary_b100_s0,0.99,0.8,0.8,0.0,0.0
dpo,feedback,612,4,ordinary,B4,dpo_coverage05_ordinary_b100_s0,dpo_coverage05_ordinary_b100_s0,0.9,0.5,0.8,0.0,0.0
dpo,feedback,612,5,ordinary,B5,dpo_beta15_ordinary_b100_s0,dpo_beta15_ordinary_b100_s0,0.9,0.8,1.2,0.0,0.0
dpo,feedback,612,6,feedback_half,B1,dpo_center_feedback_half_b100_s0,dpo_center_ordinary_b100_s0,0.9,0.8,0.8,0.0,0.5
dpo,feedback,612,7,feedback_half,B2,dpo_alpha08_feedback_half_b100_s0,dpo_alpha08_ordinary_b100_s0,0.8,0.8,0.8,0.0,0.5
dpo,feedback,612,8,feedback_half,B3,dpo_alpha099_feedback_half_b100_s0,dpo_alpha099_ordinary_b100_s0,0.99,0.8,0.8,0.0,0.5
dpo,feedback,612,9,feedback_half,B4,dpo_coverage05_feedback_half_b100_s0,dpo_coverage05_ordinary_b100_s0,0.9,0.5,0.8,0.0,0.5
dpo,feedback,612,10,feedback_half,B5,dpo_beta15_feedback_half_b100_s0,dpo_beta15_ordinary_b100_s0,0.9,0.8,1.2,0.0,0.5
dpo,feedback,612,11,feedback_one,B1,dpo_center_feedback_one_b100_s0,dpo_center_ordinary_b100_s0,0.9,0.8,0.8,0.0,1.0
dpo,feedback,612,12,feedback_one,B2,dpo_alpha08_feedback_one_b100_s0,dpo_alpha08_ordinary_b100_s0,0.8,0.8,0.8,0.0,1.0
dpo,feedback,612,13,feedback_one,B3,dpo_alpha099_feedback_one_b100_s0,dpo_alpha099_ordinary_b100_s0,0.99,0.8,0.8,0.0,1.0
dpo,feedback,612,14,feedback_one,B4,dpo_coverage05_feedback_one_b100_s0,dpo_coverage05_ordinary_b100_s0,0.9,0.5,0.8,0.0,1.0
dpo,feedback,612,15,feedback_one,B5,dpo_beta15_feedback_one_b100_s0,dpo_beta15_ordinary_b100_s0,0.9,0.8,1.2,0.0,1.0
dpo,feedback,737,1,ordinary,B1,dpo_center_ordinary_b100_s0,dpo_center_ordinary_b100_s0,0.9,0.8,0.8,0.0,0.0
dpo,feedback,737,2,ordinary,B2,dpo_alpha08_ordinary_b100_s0,dpo_alpha08_ordinary_b100_s0,0.8,0.8,0.8,0.0,0.0
dpo,feedback,737,3,ordinary,B3,dpo_alpha099_ordinary_b100_s0,dpo_alpha099_ordinary_b100_s0,0.99,0.8,0.8,0.0,0.0
dpo,feedback,737,4,ordinary,B4,dpo_coverage05_ordinary_b100_s0,dpo_coverage05_ordinary_b100_s0,0.9,0.5,0.8,0.0,0.0
dpo,feedback,737,5,ordinary,B5,dpo_beta15_ordinary_b100_s0,dpo_beta15_ordinary_b100_s0,0.9,0.8,1.2,0.0,0.0
dpo,feedback,737,6,feedback_half,B1,dpo_center_feedback_half_b100_s0,dpo_center_ordinary_b100_s0,0.9,0.8,0.8,0.0,0.5
dpo,feedback,737,7,feedback_half,B2,dpo_alpha08_feedback_half_b100_s0,dpo_alpha08_ordinary_b100_s0,0.8,0.8,0.8,0.0,0.5
dpo,feedback,737,8,feedback_half,B3,dpo_alpha099_feedback_half_b100_s0,dpo_alpha099_ordinary_b100_s0,0.99,0.8,0.8,0.0,0.5
dpo,feedback,737,9,feedback_half,B4,dpo_coverage05_feedback_half_b100_s0,dpo_coverage05_ordinary_b100_s0,0.9,0.5,0.8,0.0,0.5
dpo,feedback,737,10,feedback_half,B5,dpo_beta15_feedback_half_b100_s0,dpo_beta15_ordinary_b100_s0,0.9,0.8,1.2,0.0,0.5
dpo,feedback,737,11,feedback_one,B1,dpo_center_feedback_one_b100_s0,dpo_center_ordinary_b100_s0,0.9,0.8,0.8,0.0,1.0
dpo,feedback,737,12,feedback_one,B2,dpo_alpha08_feedback_one_b100_s0,dpo_alpha08_ordinary_b100_s0,0.8,0.8,0.8,0.0,1.0
dpo,feedback,737,13,feedback_one,B3,dpo_alpha099_feedback_one_b100_s0,dpo_alpha099_ordinary_b100_s0,0.99,0.8,0.8,0.0,1.0
dpo,feedback,737,14,feedback_one,B4,dpo_coverage05_feedback_one_b100_s0,dpo_coverage05_ordinary_b100_s0,0.9,0.5,0.8,0.0,1.0
dpo,feedback,737,15,feedback_one,B5,dpo_beta15_feedback_one_b100_s0,dpo_beta15_ordinary_b100_s0,0.9,0.8,1.2,0.0,1.0
dpo,feedback,867,1,ordinary,B1,dpo_center_ordinary_b100_s0,dpo_center_ordinary_b100_s0,0.9,0.8,0.8,0.0,0.0
dpo,feedback,867,2,ordinary,B2,dpo_alpha08_ordinary_b100_s0,dpo_alpha08_ordinary_b100_s0,0.8,0.8,0.8,0.0,0.0
dpo,feedback,867,3,ordinary,B3,dpo_alpha099_ordinary_b100_s0,dpo_alpha099_ordinary_b100_s0,0.99,0.8,0.8,0.0,0.0
dpo,feedback,867,4,ordinary,B4,dpo_coverage05_ordinary_b100_s0,dpo_coverage05_ordinary_b100_s0,0.9,0.5,0.8,0.0,0.0
dpo,feedback,867,5,ordinary,B5,dpo_beta15_ordinary_b100_s0,dpo_beta15_ordinary_b100_s0,0.9,0.8,1.2,0.0,0.0
dpo,feedback,867,6,feedback_half,B1,dpo_center_feedback_half_b100_s0,dpo_center_ordinary_b100_s0,0.9,0.8,0.8,0.0,0.5
dpo,feedback,867,7,feedback_half,B2,dpo_alpha08_feedback_half_b100_s0,dpo_alpha08_ordinary_b100_s0,0.8,0.8,0.8,0.0,0.5
dpo,feedback,867,8,feedback_half,B3,dpo_alpha099_feedback_half_b100_s0,dpo_alpha099_ordinary_b100_s0,0.99,0.8,0.8,0.0,0.5
dpo,feedback,867,9,feedback_half,B4,dpo_coverage05_feedback_half_b100_s0,dpo_coverage05_ordinary_b100_s0,0.9,0.5,0.8,0.0,0.5
dpo,feedback,867,10,feedback_half,B5,dpo_beta15_feedback_half_b100_s0,dpo_beta15_ordinary_b100_s0,0.9,0.8,1.2,0.0,0.5
dpo,feedback,867,11,feedback_one,B1,dpo_center_feedback_one_b100_s0,dpo_center_ordinary_b100_s0,0.9,0.8,0.8,0.0,1.0
dpo,feedback,867,12,feedback_one,B2,dpo_alpha08_feedback_one_b100_s0,dpo_alpha08_ordinary_b100_s0,0.8,0.8,0.8,0.0,1.0
dpo,feedback,867,13,feedback_one,B3,dpo_alpha099_feedback_one_b100_s0,dpo_alpha099_ordinary_b100_s0,0.99,0.8,0.8,0.0,1.0
dpo,feedback,867,14,feedback_one,B4,dpo_coverage05_feedback_one_b100_s0,dpo_coverage05_ordinary_b100_s0,0.9,0.5,0.8,0.0,1.0
dpo,feedback,867,15,feedback_one,B5,dpo_beta15_feedback_one_b100_s0,dpo_beta15_ordinary_b100_s0,0.9,0.8,1.2,0.0,1.0
dpo,feedback,945,1,ordinary,B1,dpo_center_ordinary_b100_s0,dpo_center_ordinary_b100_s0,0.9,0.8,0.8,0.0,0.0
dpo,feedback,945,2,ordinary,B2,dpo_alpha08_ordinary_b100_s0,dpo_alpha08_ordinary_b100_s0,0.8,0.8,0.8,0.0,0.0
dpo,feedback,945,3,ordinary,B3,dpo_alpha099_ordinary_b100_s0,dpo_alpha099_ordinary_b100_s0,0.99,0.8,0.8,0.0,0.0
dpo,feedback,945,4,ordinary,B4,dpo_coverage05_ordinary_b100_s0,dpo_coverage05_ordinary_b100_s0,0.9,0.5,0.8,0.0,0.0
dpo,feedback,945,5,ordinary,B5,dpo_beta15_ordinary_b100_s0,dpo_beta15_ordinary_b100_s0,0.9,0.8,1.2,0.0,0.0
dpo,feedback,945,6,feedback_half,B1,dpo_center_feedback_half_b100_s0,dpo_center_ordinary_b100_s0,0.9,0.8,0.8,0.0,0.5
dpo,feedback,945,7,feedback_half,B2,dpo_alpha08_feedback_half_b100_s0,dpo_alpha08_ordinary_b100_s0,0.8,0.8,0.8,0.0,0.5
dpo,feedback,945,8,feedback_half,B3,dpo_alpha099_feedback_half_b100_s0,dpo_alpha099_ordinary_b100_s0,0.99,0.8,0.8,0.0,0.5
dpo,feedback,945,9,feedback_half,B4,dpo_coverage05_feedback_half_b100_s0,dpo_coverage05_ordinary_b100_s0,0.9,0.5,0.8,0.0,0.5
dpo,feedback,945,10,feedback_half,B5,dpo_beta15_feedback_half_b100_s0,dpo_beta15_ordinary_b100_s0,0.9,0.8,1.2,0.0,0.5
dpo,feedback,945,11,feedback_one,B1,dpo_center_feedback_one_b100_s0,dpo_center_ordinary_b100_s0,0.9,0.8,0.8,0.0,1.0
dpo,feedback,945,12,feedback_one,B2,dpo_alpha08_feedback_one_b100_s0,dpo_alpha08_ordinary_b100_s0,0.8,0.8,0.8,0.0,1.0
dpo,feedback,945,13,feedback_one,B3,dpo_alpha099_feedback_one_b100_s0,dpo_alpha099_ordinary_b100_s0,0.99,0.8,0.8,0.0,1.0
dpo,feedback,945,14,feedback_one,B4,dpo_coverage05_feedback_one_b100_s0,dpo_coverage05_ordinary_b100_s0,0.9,0.5,0.8,0.0,1.0
dpo,feedback,945,15,feedback_one,B5,dpo_beta15_feedback_one_b100_s0,dpo_beta15_ordinary_b100_s0,0.9,0.8,1.2,0.0,1.0
