method,alpha,lambda_on,beta,prompt_id,first_iter,last_iter,valid_rows,mean_adjacent_tv,top1_switches,min_probability,max_probability
ipo,0.1,0.1,0.01,814,0,99,100,0.02116652053694843,0,2.9070836293355063e-12,0.9999807735682056
ipo,0.1,0.1,0.01,439,0,99,100,0.054234521804532414,1,1.3541937431179599e-23,0.9999999692345959
ipo,0.1,0.1,0.01,543,0,99,100,0.04330820214296415,5,1.3133145887211835e-19,0.9999999999992433
ipo,0.5,0.5,5.0,814,0,99,100,0.0008463419496626526,0,0.16316555911841443,0.3621829546927134
ipo,0.5,0.5,5.0,439,0,99,100,0.0016153157028765705,0,0.14155077077716038,0.322433953926807
ipo,0.5,0.5,5.0,543,0,99,100,0.0019391282016998272,10,0.17552377038235187,0.3197818760959851
ipo,0.99,0.8,1.0,814,0,99,100,0.006648536626701259,0,1.383397225470477e-24,0.9999999998996196
ipo,0.99,0.8,1.0,439,0,99,100,0.011210599036768016,1,7.405990584404558e-35,0.9999999999035987
ipo,0.99,0.8,1.0,543,0,99,100,0.1474696714910972,16,1.4311692491012902e-19,1.0
ipo,0.99,0.8,10.0,814,0,99,100,0.03359104983208976,0,0.001522286998659232,0.914750461543525
ipo,0.99,0.8,10.0,439,0,99,100,0.030367119922946002,3,0.00047735028726709626,0.8564699359144774
ipo,0.99,0.8,10.0,543,0,99,100,0.06874642620477425,7,0.0006348110955909345,0.9169803785146086
ipo,0.0,0.0,0.01,814,0,49,50,0.03882039043120026,0,2.0007396063128216e-08,0.9993988521654623
ipo,0.0,0.0,0.01,439,0,49,50,0.05969081255142292,1,2.3045955952764053e-10,0.9871787617417422
ipo,0.0,0.0,0.01,543,0,49,50,0.01712927329462883,1,2.451326118382064e-12,0.9999999983729795
dpo,0.1,0.1,0.01,814,0,149,150,0.036410510273890855,0,1.1993920516952812e-25,0.9999999799784565
dpo,0.1,0.1,0.01,439,0,149,150,0.10559556550261187,24,2.8450451472859734e-33,0.9999999991928405
dpo,0.1,0.1,0.01,543,0,149,150,0.04449987029625805,5,7.351555716026441e-21,0.9999999999999913
dpo,0.5,0.5,5.0,814,0,149,150,0.0040107014705335646,0,0.15162357967973764,0.42257899599426463
dpo,0.5,0.5,5.0,439,0,149,150,0.0035427145615442358,0,0.0999670898798905,0.3449845384670759
dpo,0.5,0.5,5.0,543,0,149,150,0.010455470012960754,1,0.0959838639716464,0.43080646951372514
dpo,0.99,0.8,1.0,814,0,149,150,0.08741868342544963,2,5.446789214683636e-15,0.9999999052358718
dpo,0.99,0.8,1.0,439,0,149,150,0.18629460743046367,41,7.940540495280236e-56,0.9999999999999656
dpo,0.99,0.8,1.0,543,0,149,150,0.2372181680714168,32,1.2528151784444078e-34,1.0
dpo,0.0,0.0,0.01,814,0,49,50,0.01765142124773438,0,3.4672244673631106e-18,0.9999945594103675
dpo,0.0,0.0,0.01,439,0,49,50,0.023915465345503376,1,3.2058157607448952e-18,0.9997901168915979
dpo,0.0,0.0,0.01,543,0,49,50,0.02354114856916796,1,1.68786162625194e-26,1.0
