run,beta,prompt_id,amp_initial,amp_step10,amp_final,amp_late_mean,amp_late_to_mid,net_turns_0_30,net_turns_10_30,late_turns_20_30,late_positive_phase_fraction,late_fixed_point_rms,exact_net_turns_0_30,exact_amp30,exact_amp200
ipo_ordinary_calibrated_s0,0.2,54,2.5394596136766996,2.342543535905253,1.3886166275270209,1.7557224384682517,0.8069657337300039,0.3029384295804829,0.0695566480785125,-0.025456615302970085,0.5,2.440572809534274,2.020966516208292,1.889523972833181,1.774499920859922
ipo_ordinary_calibrated_s0,0.2,251,1.4355575677096284,0.733067548386428,1.5615646417573197,1.6202880491087257,1.570111005057424,1.0435458866038476,0.7326644764033425,0.5560685013709866,1.0,1.248912667466147,2.1789258468164374,1.5187467949303022,1.6350504482261292
ipo_ordinary_calibrated_s0,0.2,612,2.3721554394408595,1.779246640004428,1.6672133298300487,1.723453143749317,1.1361830238622888,1.1417414093886233,0.6579829083095058,0.22946138232739258,0.9,1.6628097024622133,2.0507836034925457,1.8147839639988104,1.8134637964400049
ipo_ordinary_calibrated_s0,0.2,737,2.404528289729996,1.8949754948245479,0.8714610409954461,0.6484195416088595,0.3678672783544533,0.39837305466097744,0.010058169796821023,-0.05971949122472483,0.6,0.9990098289100005,2.010325868968586,1.6334078524974787,1.5901696078881238
ipo_ordinary_calibrated_s0,0.2,867,2.123953649294516,1.6876167500953372,0.4187513229005506,0.7269411129098937,1.0872167815999996,1.0708229037197434,0.7571956583280485,0.08337547020019491,0.5,1.2991259330371403,2.0443246786219733,1.5826460634072175,1.3347266814759002
ipo_ordinary_calibrated_s0,0.2,945,1.0574401920850691,1.6411839179845806,0.23933281286648506,0.451310366538909,0.3974830770625214,0.27567406365442393,-0.05378224601307278,-0.07674905461319549,0.5,0.6165261843843514,2.3006808350462413,1.7713250346878184,1.6764579169763945
ipo_stable_calibrated_s0,0.4,54,2.4119802864475273,1.3601946025306395,0.9281392021051692,0.8961479401698593,0.7128806263544947,0.28606929814190263,0.17556648141527367,0.0792823574882029,0.7,0.8686078063113336,1.0427258014363239,0.231809734232671,1.5366035395891405e-06
ipo_stable_calibrated_s0,0.4,251,1.3120492811803603,1.0126304302645117,0.598982216890667,0.9020141491677247,0.7876114131466703,0.7404700605692893,0.5434992098307699,0.3535547839451376,0.8,0.7448083957840179,1.3084839617968607,0.18064334841224583,4.771862349258118e-06
ipo_stable_calibrated_s0,0.4,612,2.265234685170072,0.9415763319061421,0.45332258116736557,0.48084707018424355,0.6377030307882795,0.8301312278197689,0.6475554882295508,0.4418010875423064,0.8,0.49991366230002376,1.1049448273205162,0.23314524476154996,2.3552506725927383e-06
ipo_stable_calibrated_s0,0.4,737,2.108173153080828,1.370209916653104,0.6059270407285721,0.8786176546335366,0.6830887130947961,0.4200366646741638,0.23243887310484188,0.059343457751548194,0.5,0.6467210772534143,1.1034918999429542,0.2400326984070828,2.446108580432876e-06
ipo_stable_calibrated_s0,0.4,867,1.8587353028806473,1.0488565769119682,0.39011796952896055,0.5364867233395069,0.7410650312394149,0.05466299961841516,-0.0880826906148394,-0.020166569776809074,0.7,1.0185495877948552,1.1550504920721572,0.21775374613893383,2.5328244720469633e-06
ipo_stable_calibrated_s0,0.4,945,1.0149917112580868,0.6147437657243778,0.48459377215928484,0.5859627586323467,0.9036249791243657,0.28160109633349706,0.09382956452837553,-0.009253318437731358,0.7,0.4424141105611798,1.4266672315427977,0.16866332612203733,1.283030870608445e-05
dpo_ordinary_calibrated_s0,0.8,54,2.5338135297194073,2.3163066300915616,1.5544028179758094,1.7353286279991216,0.8536086497466532,0.3057643868160812,0.06376754572012958,-0.03067268028970901,0.5,2.535060573101541,2.0827666023046763,2.0782195562671544,2.1264344117263336
dpo_ordinary_calibrated_s0,0.8,251,1.4345580071154438,0.8833083419708411,1.9902648792120694,2.041506038178035,1.3967094934157351,1.0312861758607546,0.7676663739762287,0.5328496321998614,1.0,1.591142281136355,2.242313352038137,1.6701061995823219,1.7421862108929733
dpo_ordinary_calibrated_s0,0.8,612,2.367405643698792,2.149567448447253,1.6784164148758567,1.5678008092589648,0.9747425133332331,1.119437073464961,0.6112398008101201,0.19699845708868471,0.9,1.6216819052694225,2.118931900482522,2.024145279684626,1.9936005442045783
dpo_ordinary_calibrated_s0,0.8,737,2.399103778412014,2.057726043119051,0.6342256828211383,0.7589866803134004,0.37918849730958926,0.46143735465548413,0.06310940026177603,0.016697308829864498,0.6,1.1532511096608373,2.0725521730535084,1.9763009128401858,1.6768443108912883
dpo_ordinary_calibrated_s0,0.8,867,2.120869361252913,1.7706681094759167,0.9041313270015164,0.9671748039094739,1.1704582629415614,1.1598359974612968,0.8074491461426208,0.13636650007625864,0.6,1.7379935246671612,2.0955853594250184,1.8888918255272888,1.7772085808515523
dpo_ordinary_calibrated_s0,0.8,945,1.0569524390252638,1.7790544583673338,0.25050480623894195,0.30130904176387424,0.2481718196230993,0.15103465769724833,-0.18279220518448197,-0.2186809570600925,0.4,0.5418151637077762,2.34619938318829,1.9134362793903994,1.9559136257040006
dpo_stable_calibrated_s0,1.6,54,2.4021546700507783,1.4556668274712017,0.5250453216039671,0.8474160929486256,0.5884167631559842,0.32982476396440014,0.1961788445373983,0.08146360646233848,0.6,0.9593710056777193,1.1466983197251475,0.25802945464351124,3.733861319600727e-06
dpo_stable_calibrated_s0,1.6,251,1.3096934777600697,0.9889997383209214,0.63959924229917,0.8928234356196537,0.8130573412549238,0.7566909156550823,0.5793638169397778,0.3497396316230234,0.9,0.8634856507961873,1.3508202594277607,0.19350496766352357,6.40850551511496e-06
dpo_stable_calibrated_s0,1.6,612,2.257735072865779,0.7269404829619238,0.37049812778488755,0.6387540457407056,1.1441734782357857,0.795440739283906,0.5785012315770016,0.3699145554694198,0.8,0.6029304284582966,1.1994637722644252,0.2636396084244094,5.402666621242501e-06
dpo_stable_calibrated_s0,1.6,737,2.098119845100383,1.3998952017418926,0.7758057347140364,1.08138493250691,0.7667730869442521,0.4251538371314222,0.25516631126116723,0.15358507065966928,0.7,0.7618399441864576,1.1841016454828681,0.2656454513677049,5.0539268410675435e-06
dpo_stable_calibrated_s0,1.6,867,1.8526043552151588,1.3929133071319868,0.5770058780653093,0.5732139155875402,0.6545068632590404,0.09250680530911284,-0.0639130391727018,0.0067946952210707606,0.7,1.0867287904897258,1.2235561776225028,0.23375199137151043,4.3705601490912325e-06
dpo_stable_calibrated_s0,1.6,945,1.0139147209459551,0.5618805682721766,0.59022976519852,0.5988396471592876,1.0827430758384788,0.26641865809782045,0.07347869501568563,-0.004709549027347217,0.4,0.459237065459087,1.4586148772356837,0.17724744649954577,1.5950655782794612e-05
