method,arm,prompt_id,orientation,late_mean_tv,late_mean_probability_temporal_sd,late_mean_relative_entropy,final_relative_entropy,late_mean_own_mode_amplitude
ipo,ordinary,54,1,0.06472621525687156,0.06355413278705567,0.7817964394558331,0.7581512876831155,0.45171370565896046
ipo,ordinary,251,1,0.07777113580305928,0.10038334110663259,0.9087913308447233,1.064637948426817,0.5632636724897753
ipo,ordinary,612,1,0.06600571123942127,0.07730018582361448,0.709272399851027,0.6919944078202469,0.5347501345216472
ipo,ordinary,737,1,0.08374652830807566,0.10749871224443529,0.8139171270716092,1.0052115758021793,0.49458081788459063
ipo,ordinary,867,1,0.08714260186285745,0.11223658964815782,0.7538096271359805,0.43278516459532773,0.7336673381315802
ipo,ordinary,945,1,0.07744549324796751,0.1181961784336603,1.0305665732986302,1.1873663513037351,0.5747046908149309
ipo,reference,54,1,0.06850421740374721,0.06229311384172729,0.7951435058132875,0.8154682278701311,0.42134112053300754
ipo,reference,251,1,0.07235995172906756,0.06718046693438055,0.9927232534960734,1.1203525610745346,0.3551860582271751
ipo,reference,612,1,0.07101787961187377,0.08432856318956104,0.7826804431689659,0.5827665329292796,0.5392239009136709
ipo,reference,737,1,0.08484267054819866,0.06577405460047266,0.921079650579524,1.0571902881327437,0.3241046275191276
ipo,reference,867,1,0.07999879357256598,0.0758204859775469,0.7289443690646822,0.6491503752178063,0.46107687108708517
ipo,reference,945,1,0.07927326727265499,0.0850561720480931,1.0767903760951059,1.2409939662453213,0.39599695817332603
ipo,feedback,54,1,0.06638968546566146,0.06744507402898556,0.7863558757874369,0.7285303286753513,0.4891814044099697
ipo,feedback,251,1,0.0727898863072095,0.0828717834638141,0.921177867784548,1.1248079157141708,0.45069642228264284
ipo,feedback,612,1,0.06327333296197928,0.08384342981950432,0.7148341017382507,0.5271416234679879,0.5284280116479146
ipo,feedback,737,1,0.07507286173049116,0.09065101618626688,0.8783658627296519,0.9300625982367294,0.3929409611528117
ipo,feedback,867,1,0.07775656485784598,0.08305517822487546,0.7035423742739492,0.4737384707609844,0.4538656100112558
ipo,feedback,945,1,0.07891340384433856,0.07580802618453007,1.0888563622501923,1.1783579547371759,0.36699752533881147
ipo,mixed,54,-1,0.07186916139143186,0.09139021444495246,0.8082325371745255,0.8459331622483353,0.7276446276354911
ipo,mixed,251,1,0.09463689571020314,0.15025205497853839,0.9052956738874688,0.9249646432657821,0.8552315156026877
ipo,mixed,612,-1,0.09222543433621368,0.11370340312519255,0.43245673599330053,0.8108397794025248,0.9809492844018366
ipo,mixed,737,1,0.10797151391425894,0.16384956562922254,0.8301225131121257,0.8333335671597979,0.9603489199124283
ipo,mixed,867,-1,0.11257695251658316,0.15292499172332114,0.8223830822835266,0.8325595983155424,0.9172889513042812
ipo,mixed,945,1,0.0730211130171888,0.10228460985031285,0.7896097873047058,1.063728618467702,0.8506824877275472
dpo,ordinary,54,1,0.06759252374582679,0.07417905332739774,0.7698673352081975,0.6980230491212736,0.4952087533636317
dpo,ordinary,251,1,0.07928594768340498,0.10978336788229734,0.9029870249579665,1.0456803046353935,0.6419545889905652
dpo,ordinary,612,1,0.06706030664758625,0.07878177568592157,0.7155488927759069,0.5508992526564445,0.5348925961624704
dpo,ordinary,737,1,0.08865771650417445,0.10791862587605829,0.7973352031500253,0.9456106226746246,0.5479175934087257
dpo,ordinary,867,1,0.08318170811857428,0.11297059497083167,0.7074923759668563,0.34088152533009675,0.7121024404121603
dpo,ordinary,945,1,0.08133693695594248,0.11630252632374236,1.074369753419258,1.119837460144918,0.5155068904886609
dpo,reference,54,1,0.06547721768129668,0.059783486640204116,0.7926514949230632,0.8054421921392663,0.3922456428949113
dpo,reference,251,1,0.07066819073898628,0.06817053127552701,0.9493046809530518,0.9875674690638434,0.38260489843045725
dpo,reference,612,1,0.06947255360733214,0.085387430353907,0.7460128993592902,0.44171141908120454,0.6253582324508359
dpo,reference,737,1,0.08128759080050267,0.06393451552702495,0.9050863723249027,1.0055229196125763,0.307141629991989
dpo,reference,867,1,0.07762613636658809,0.0803785302564036,0.7517915421081105,0.6299501597784082,0.47585567727623534
dpo,reference,945,1,0.08108114164337371,0.09630300011293366,1.0552330546541477,1.2183564504706208,0.47664064890591534
dpo,feedback,54,1,0.07073533997046728,0.07155765828056744,0.781420967061655,0.7362663726594747,0.5113147590220416
dpo,feedback,251,1,0.06722087007527532,0.06823108833565722,0.9026387585406161,1.1106422853060378,0.3729937816363861
dpo,feedback,612,1,0.06658791086353263,0.07702453837655418,0.7183925187385368,0.4739846744897236,0.5298315660351147
dpo,feedback,737,1,0.07987326080023997,0.09920783444150816,0.8361798333909881,0.9500165952904229,0.4291556348334668
dpo,feedback,867,1,0.08288107104399672,0.08936491355544576,0.7265632169159579,0.5491396586109741,0.5071946871730207
dpo,feedback,945,1,0.077397363341433,0.08569684825281565,1.0735464166444109,1.240160789384675,0.44477760972802394
dpo,mixed,54,-1,0.09206262156626517,0.12900596175240822,0.7822547528531609,0.8644156731690842,1.1032869847605014
dpo,mixed,251,1,0.11650882930845001,0.17727580957101988,0.9360419571780993,0.8607400203069165,0.9743194035802021
dpo,mixed,612,-1,0.10847553872869746,0.16016529107524302,0.4442637782857644,0.8268507952390209,1.281562853756011
dpo,mixed,737,1,0.12053918942281378,0.19901723971656052,0.8270317856719326,1.0959588294923819,1.3948703871042838
dpo,mixed,867,-1,0.09342111120699764,0.11728201362861937,0.782993874251071,0.8412403410182328,0.7814258118977478
dpo,mixed,945,1,0.08084562230623987,0.10943723454148116,0.8821695157944128,1.0866483646628664,0.6426260731676271
