iter,loss_type,alpha,lambda,beta,primary_entropy_metric,relative_sequence_score_definition,reconstruction_mode,prompt_relative_sequence_entropy_mean,prompt_relative_sequence_entropy_min,prompt_relative_sequence_entropy_max,prompt_relative_sequence_tv_mean,prompt_relative_sequence_tv_max,relative_sequence_top1_flip_rate_vs_initial,prompt_length_normalized_entropy_mean,oracle_win_rate,eval_response_token_count_mean,eval_response_token_count_median,num_prompts_eval,max_eval_support_k
0,dpo,0.9,0.9,1.0,prompt_relative_sequence_entropy_mean,log_pi_t_minus_log_pi_0,direct_pi0_scores,1.5494587013130285,-0.0,1.6094379124341005,,,0.0,1.5334889393448694,0.482,190.2669983416252,230.0,500,5
1,dpo,0.9,0.9,1.0,prompt_relative_sequence_entropy_mean,log_pi_t_minus_log_pi_0,direct_pi0_scores,1.4505486306635185,-0.0,1.6077364393541325,0.16416992146645795,0.5813887300940581,0.852,1.5335626549632844,,190.2669983416252,230.0,500,5
2,dpo,0.9,0.9,1.0,prompt_relative_sequence_entropy_mean,log_pi_t_minus_log_pi_0,direct_pi0_scores,1.2661887257191289,-0.0,1.6045819263417642,0.14484933991366108,0.3878024834705624,0.84,1.5335760380461805,,190.2669983416252,230.0,500,5
3,dpo,0.9,0.9,1.0,prompt_relative_sequence_entropy_mean,log_pi_t_minus_log_pi_0,direct_pi0_scores,1.0399409371535453,-0.0,1.5834205714978018,0.1380570471021684,0.3540426300722662,0.844,1.533582304701482,,190.2669983416252,230.0,500,5
4,dpo,0.9,0.9,1.0,prompt_relative_sequence_entropy_mean,log_pi_t_minus_log_pi_0,direct_pi0_scores,0.8543231852539767,-0.0,1.5937211710442392,0.11015291957788113,0.34837147950194786,0.844,1.5334991823357087,,190.2669983416252,230.0,500,5
5,dpo,0.9,0.9,1.0,prompt_relative_sequence_entropy_mean,log_pi_t_minus_log_pi_0,direct_pi0_scores,0.7131106737845172,-0.0,1.564769755300676,0.0886521594590094,0.354328946249855,0.836,1.5334038260376393,,190.2669983416252,230.0,500,5
6,dpo,0.9,0.9,1.0,prompt_relative_sequence_entropy_mean,log_pi_t_minus_log_pi_0,direct_pi0_scores,0.5952507068983579,-0.0,1.5566610867763182,0.07171005479338897,0.3483917380479875,0.832,1.533213749333377,,190.2669983416252,230.0,500,5
7,dpo,0.9,0.9,1.0,prompt_relative_sequence_entropy_mean,log_pi_t_minus_log_pi_0,direct_pi0_scores,0.5263151568938038,-0.0,1.5849738799521464,0.06768003356765455,0.44944420668887686,0.834,1.5329692735711358,,190.2669983416252,230.0,500,5
8,dpo,0.9,0.9,1.0,prompt_relative_sequence_entropy_mean,log_pi_t_minus_log_pi_0,direct_pi0_scores,0.4542863780758032,-0.0,1.5144104029711025,0.07343911341767669,0.6330934523612486,0.834,1.5326162259868552,,190.2669983416252,230.0,500,5
9,dpo,0.9,0.9,1.0,prompt_relative_sequence_entropy_mean,log_pi_t_minus_log_pi_0,direct_pi0_scores,0.4116388325792668,-0.0,1.4824569294731975,0.04953239387509119,0.43290684095107645,0.836,1.5323084069233504,,190.2669983416252,230.0,500,5
10,dpo,0.9,0.9,1.0,prompt_relative_sequence_entropy_mean,log_pi_t_minus_log_pi_0,direct_pi0_scores,0.3826209345645517,-0.0,1.5329310801520821,0.042737368151147405,0.37911689524979747,0.832,1.5319496383030806,,190.2669983416252,230.0,500,5
11,dpo,0.9,0.9,1.0,prompt_relative_sequence_entropy_mean,log_pi_t_minus_log_pi_0,direct_pi0_scores,0.35245572321054375,-0.0,1.4860573660802252,0.04808294544534202,0.6581540987003892,0.828,1.5314971091773135,,190.2669983416252,230.0,500,5
12,dpo,0.9,0.9,1.0,prompt_relative_sequence_entropy_mean,log_pi_t_minus_log_pi_0,direct_pi0_scores,0.3234536104875538,-0.0,1.4555027682015158,0.04348602785666034,0.39419957086183466,0.828,1.530946372461583,,190.2669983416252,230.0,500,5
13,dpo,0.9,0.9,1.0,prompt_relative_sequence_entropy_mean,log_pi_t_minus_log_pi_0,direct_pi0_scores,0.29615009286170113,-0.0,1.405670372628867,0.047227081303966044,0.5638660330769798,0.83,1.53032071531854,,190.2669983416252,230.0,500,5
14,dpo,0.9,0.9,1.0,prompt_relative_sequence_entropy_mean,log_pi_t_minus_log_pi_0,direct_pi0_scores,0.27655236553699125,-0.0,1.401026806794334,0.04637934900249388,0.6086500690140418,0.834,1.5298025510660076,,190.2669983416252,230.0,500,5
15,dpo,0.9,0.9,1.0,prompt_relative_sequence_entropy_mean,log_pi_t_minus_log_pi_0,direct_pi0_scores,0.26476727181260834,-0.0,1.3097787447858558,0.037715558370384254,0.41013725552667085,0.836,1.5296183479937484,,190.2669983416252,230.0,500,5
16,dpo,0.9,0.9,1.0,prompt_relative_sequence_entropy_mean,log_pi_t_minus_log_pi_0,direct_pi0_scores,0.25376826681374876,-0.0,1.3036553764472567,0.0383291934043271,0.35664081558440835,0.842,1.528978809673119,,190.2669983416252,230.0,500,5
17,dpo,0.9,0.9,1.0,prompt_relative_sequence_entropy_mean,log_pi_t_minus_log_pi_0,direct_pi0_scores,0.24101488424324424,-0.0,1.3728789237164896,0.04414877135633887,0.5825829716129505,0.848,1.5279931583488733,,190.2669983416252,230.0,500,5
18,dpo,0.9,0.9,1.0,prompt_relative_sequence_entropy_mean,log_pi_t_minus_log_pi_0,direct_pi0_scores,0.21686872562946222,-0.0,1.4755263612001965,0.04513415357397921,0.7022089070391848,0.844,1.526735262483788,,190.2669983416252,230.0,500,5
19,dpo,0.9,0.9,1.0,prompt_relative_sequence_entropy_mean,log_pi_t_minus_log_pi_0,direct_pi0_scores,0.21312117575376233,-0.0,1.4626460747766123,0.044277780046587126,0.6852338487317212,0.844,1.52630802473735,,190.2669983416252,230.0,500,5
20,dpo,0.9,0.9,1.0,prompt_relative_sequence_entropy_mean,log_pi_t_minus_log_pi_0,direct_pi0_scores,0.20623953355443866,-0.0,1.3328274984671913,0.04149425369417241,0.6671988032547704,0.85,1.5259707223099372,0.865125,190.2669983416252,230.0,500,5
21,dpo,0.9,0.9,1.0,prompt_relative_sequence_entropy_mean,log_pi_t_minus_log_pi_0,direct_pi0_scores,0.20160530788472544,-0.0,1.2365605270195315,0.03951672954788247,0.5729612025805887,0.852,1.5254195450067822,,190.2669983416252,230.0,500,5
22,dpo,0.9,0.9,1.0,prompt_relative_sequence_entropy_mean,log_pi_t_minus_log_pi_0,direct_pi0_scores,0.1926700314341902,-0.0,1.3753192197163857,0.03468799120356401,0.5128014718471938,0.852,1.524641118737203,,190.2669983416252,230.0,500,5
23,dpo,0.9,0.9,1.0,prompt_relative_sequence_entropy_mean,log_pi_t_minus_log_pi_0,direct_pi0_scores,0.18615708053555388,-0.0,1.3356797499390454,0.034823106178119956,0.5314191162645121,0.854,1.52334754890171,,190.2669983416252,230.0,500,5
24,dpo,0.9,0.9,1.0,prompt_relative_sequence_entropy_mean,log_pi_t_minus_log_pi_0,direct_pi0_scores,0.18056922396976835,-0.0,1.3453901821342256,0.039734498965026156,0.7515091121683077,0.85,1.5226703334093554,,190.2669983416252,230.0,500,5
25,dpo,0.9,0.9,1.0,prompt_relative_sequence_entropy_mean,log_pi_t_minus_log_pi_0,direct_pi0_scores,0.1728772880089301,-0.0,1.3303523184585664,0.03678258658867292,0.844534004659387,0.85,1.521950450221658,,190.2669983416252,230.0,500,5
26,dpo,0.9,0.9,1.0,prompt_relative_sequence_entropy_mean,log_pi_t_minus_log_pi_0,direct_pi0_scores,0.15633969917954976,-0.0,1.3299336723533455,0.04723832833456953,0.7220696393432516,0.848,1.520144987944459,,190.2669983416252,230.0,500,5
27,dpo,0.9,0.9,1.0,prompt_relative_sequence_entropy_mean,log_pi_t_minus_log_pi_0,direct_pi0_scores,0.1516419033254457,-0.0,1.1888373644861394,0.02787972244666108,0.9466250335810925,0.846,1.5197789487794249,,190.2669983416252,230.0,500,5
28,dpo,0.9,0.9,1.0,prompt_relative_sequence_entropy_mean,log_pi_t_minus_log_pi_0,direct_pi0_scores,0.14864940551426925,-0.0,1.0551047980603745,0.036867560166521186,0.6201411671241399,0.856,1.5189251381428648,,190.2669983416252,230.0,500,5
29,dpo,0.9,0.9,1.0,prompt_relative_sequence_entropy_mean,log_pi_t_minus_log_pi_0,direct_pi0_scores,0.14550851062157086,-0.0,1.0824897097767836,0.031138173161683255,0.4594063193098629,0.852,1.5190725952396789,,190.2669983416252,230.0,500,5
30,dpo,0.9,0.9,1.0,prompt_relative_sequence_entropy_mean,log_pi_t_minus_log_pi_0,direct_pi0_scores,0.12935247544047496,-0.0,1.212766912212637,0.038346035004576354,0.8381817497700392,0.852,1.5167930343102891,,190.2669983416252,230.0,500,5
31,dpo,0.9,0.9,1.0,prompt_relative_sequence_entropy_mean,log_pi_t_minus_log_pi_0,direct_pi0_scores,0.12476799098407212,-0.0,1.1998595473742633,0.04088146093180049,0.8628467592217505,0.856,1.514787459349437,,190.2669983416252,230.0,500,5
32,dpo,0.9,0.9,1.0,prompt_relative_sequence_entropy_mean,log_pi_t_minus_log_pi_0,direct_pi0_scores,0.12639682188142756,-0.0,1.0946274824613047,0.03713672652695908,0.7679368740341328,0.854,1.5147794501255094,,190.2669983416252,230.0,500,5
33,dpo,0.9,0.9,1.0,prompt_relative_sequence_entropy_mean,log_pi_t_minus_log_pi_0,direct_pi0_scores,0.1309960471458611,-0.0,1.1366594478117387,0.037717287183062484,0.8829812504851996,0.85,1.5149960835620824,,190.2669983416252,230.0,500,5
34,dpo,0.9,0.9,1.0,prompt_relative_sequence_entropy_mean,log_pi_t_minus_log_pi_0,direct_pi0_scores,0.13719930203687006,-0.0,1.2682648980395497,0.03684494507392237,0.672971803325628,0.846,1.5153452712602458,,190.2669983416252,230.0,500,5
35,dpo,0.9,0.9,1.0,prompt_relative_sequence_entropy_mean,log_pi_t_minus_log_pi_0,direct_pi0_scores,0.13085612850306513,-0.0,1.2274082109996889,0.0350375797783819,0.7956980329708623,0.844,1.5150273209725538,,190.2669983416252,230.0,500,5
36,dpo,0.9,0.9,1.0,prompt_relative_sequence_entropy_mean,log_pi_t_minus_log_pi_0,direct_pi0_scores,0.13038680114088627,-0.0,1.2167782702956513,0.038098489462620656,0.8084488387812917,0.848,1.5140568307374809,,190.2669983416252,230.0,500,5
37,dpo,0.9,0.9,1.0,prompt_relative_sequence_entropy_mean,log_pi_t_minus_log_pi_0,direct_pi0_scores,0.12693636681395076,-0.0,1.3408310065913445,0.026929294094969875,0.5720684190117729,0.85,1.513789257737218,,190.2669983416252,230.0,500,5
38,dpo,0.9,0.9,1.0,prompt_relative_sequence_entropy_mean,log_pi_t_minus_log_pi_0,direct_pi0_scores,0.11424298491027624,-0.0,1.3039932110660049,0.037710274968807626,0.6842586238008019,0.854,1.5123278489383871,,190.2669983416252,230.0,500,5
39,dpo,0.9,0.9,1.0,prompt_relative_sequence_entropy_mean,log_pi_t_minus_log_pi_0,direct_pi0_scores,0.11699909097217116,-0.0,1.2900491317082503,0.03209191249378188,0.665222537541792,0.85,1.5126490692251635,,190.2669983416252,230.0,500,5
40,dpo,0.9,0.9,1.0,prompt_relative_sequence_entropy_mean,log_pi_t_minus_log_pi_0,direct_pi0_scores,0.1053754915534496,-0.0,1.2139016205003275,0.02865541647426035,0.5479741963556815,0.854,1.511653917477424,0.897125,190.2669983416252,230.0,500,5
41,dpo,0.9,0.9,1.0,prompt_relative_sequence_entropy_mean,log_pi_t_minus_log_pi_0,direct_pi0_scores,0.1109628287002324,-0.0,1.306505910972834,0.027199250543989487,0.8273969206687513,0.852,1.5116801977703724,,190.2669983416252,230.0,500,5
42,dpo,0.9,0.9,1.0,prompt_relative_sequence_entropy_mean,log_pi_t_minus_log_pi_0,direct_pi0_scores,0.11164947372517907,-0.0,1.1589128845141214,0.026230893614070896,0.7733516975460808,0.85,1.5115015999336374,,190.2669983416252,230.0,500,5
43,dpo,0.9,0.9,1.0,prompt_relative_sequence_entropy_mean,log_pi_t_minus_log_pi_0,direct_pi0_scores,0.10445050636474085,-0.0,1.1672896193583828,0.03758636411081933,0.7979390889813001,0.848,1.5097798493889276,,190.2669983416252,230.0,500,5
44,dpo,0.9,0.9,1.0,prompt_relative_sequence_entropy_mean,log_pi_t_minus_log_pi_0,direct_pi0_scores,0.10078128844707651,-0.0,1.0523518218623213,0.027762682340724758,0.6359883517138232,0.848,1.5096281779694614,,190.2669983416252,230.0,500,5
45,dpo,0.9,0.9,1.0,prompt_relative_sequence_entropy_mean,log_pi_t_minus_log_pi_0,direct_pi0_scores,0.10259926485552397,-0.0,1.0871282107514668,0.036625902263309786,0.9955911580951369,0.844,1.508771795572346,,190.2669983416252,230.0,500,5
46,dpo,0.9,0.9,1.0,prompt_relative_sequence_entropy_mean,log_pi_t_minus_log_pi_0,direct_pi0_scores,0.09970305836516792,-0.0,1.0553114974184656,0.0296716500419805,0.7446529599691978,0.846,1.5086471170786089,,190.2669983416252,230.0,500,5
47,dpo,0.9,0.9,1.0,prompt_relative_sequence_entropy_mean,log_pi_t_minus_log_pi_0,direct_pi0_scores,0.09891907792949799,-0.0,1.029914437786792,0.028482783432601896,0.6478185137684593,0.842,1.5084339286070287,,190.2669983416252,230.0,500,5
48,dpo,0.9,0.9,1.0,prompt_relative_sequence_entropy_mean,log_pi_t_minus_log_pi_0,direct_pi0_scores,0.09518587892811588,-0.0,1.0338239817320387,0.036611133080967986,0.8584582500255886,0.838,1.5073355448334973,,190.2669983416252,230.0,500,5
49,dpo,0.9,0.9,1.0,prompt_relative_sequence_entropy_mean,log_pi_t_minus_log_pi_0,direct_pi0_scores,0.09738766066937665,-0.0,1.0412837702965199,0.03199815308115397,0.7017028960567986,0.838,1.5075849341998655,,190.2669983416252,230.0,500,5
50,dpo,0.9,0.9,1.0,prompt_relative_sequence_entropy_mean,log_pi_t_minus_log_pi_0,direct_pi0_scores,0.09345675871133012,-0.0,1.1234119743604318,0.03089589882104348,0.6848457243952174,0.838,1.5078199665691892,,190.2669983416252,230.0,500,5
51,dpo,0.9,0.9,1.0,prompt_relative_sequence_entropy_mean,log_pi_t_minus_log_pi_0,direct_pi0_scores,0.09778222314601318,-0.0,1.3507689875164623,0.02853049722773741,0.7417085000681793,0.836,1.5077763065423933,,190.2669983416252,230.0,500,5
52,dpo,0.9,0.9,1.0,prompt_relative_sequence_entropy_mean,log_pi_t_minus_log_pi_0,direct_pi0_scores,0.0966414901529706,-0.0,0.9783127057152178,0.02985654434480588,0.8095143608621159,0.83,1.5074806240701384,,190.2669983416252,230.0,500,5
53,dpo,0.9,0.9,1.0,prompt_relative_sequence_entropy_mean,log_pi_t_minus_log_pi_0,direct_pi0_scores,0.10133514103062308,-0.0,1.0747884894545583,0.03470143880553602,0.867598588587302,0.832,1.5072787155872769,,190.2669983416252,230.0,500,5
54,dpo,0.9,0.9,1.0,prompt_relative_sequence_entropy_mean,log_pi_t_minus_log_pi_0,direct_pi0_scores,0.09614723443314048,-0.0,0.9898776995920058,0.03889407663605529,0.867383093295518,0.826,1.5064940438312886,,190.2669983416252,230.0,500,5
55,dpo,0.9,0.9,1.0,prompt_relative_sequence_entropy_mean,log_pi_t_minus_log_pi_0,direct_pi0_scores,0.09882342909877795,-0.0,1.0484696574642176,0.03213119883836282,0.6812385974821451,0.83,1.5052492471180572,,190.2669983416252,230.0,500,5
56,dpo,0.9,0.9,1.0,prompt_relative_sequence_entropy_mean,log_pi_t_minus_log_pi_0,direct_pi0_scores,0.09631401855127694,-0.0,0.9840003573057858,0.038672392590268515,0.937579918741733,0.836,1.5037470431669058,,190.2669983416252,230.0,500,5
57,dpo,0.9,0.9,1.0,prompt_relative_sequence_entropy_mean,log_pi_t_minus_log_pi_0,direct_pi0_scores,0.09022377015052392,-0.0,0.8246429750619806,0.028325557514046043,0.7387715858251626,0.834,1.5022599632511269,,190.2669983416252,230.0,500,5
58,dpo,0.9,0.9,1.0,prompt_relative_sequence_entropy_mean,log_pi_t_minus_log_pi_0,direct_pi0_scores,0.1045183586963599,-0.0,1.222619443485032,0.03617546254876966,0.6574971169953565,0.828,1.5018294991806178,,190.2669983416252,230.0,500,5
59,dpo,0.9,0.9,1.0,prompt_relative_sequence_entropy_mean,log_pi_t_minus_log_pi_0,direct_pi0_scores,0.09437682619905947,-0.0,1.1125861674179869,0.036498227778635706,0.9465828282222871,0.828,1.5007805552123727,,190.2669983416252,230.0,500,5
60,dpo,0.9,0.9,1.0,prompt_relative_sequence_entropy_mean,log_pi_t_minus_log_pi_0,direct_pi0_scores,0.08890472025359668,-0.0,1.025992171375544,0.02574964304940504,0.8249613130633557,0.83,1.500400180323498,0.9045,190.2669983416252,230.0,500,5
61,dpo,0.9,0.9,1.0,prompt_relative_sequence_entropy_mean,log_pi_t_minus_log_pi_0,direct_pi0_scores,0.08524892105992067,-0.0,1.1670735682167044,0.03266122727340652,0.893267302028151,0.834,1.5005958779547082,,190.2669983416252,230.0,500,5
62,dpo,0.9,0.9,1.0,prompt_relative_sequence_entropy_mean,log_pi_t_minus_log_pi_0,direct_pi0_scores,0.08273870660150456,-0.0,1.0095295469001266,0.03315230909838295,0.9715700196455817,0.832,1.4983896920269035,,190.2669983416252,230.0,500,5
63,dpo,0.9,0.9,1.0,prompt_relative_sequence_entropy_mean,log_pi_t_minus_log_pi_0,direct_pi0_scores,0.08395427962302757,-0.0,1.287048501170069,0.0296662227529786,0.6425766222335731,0.836,1.4975989215374292,,190.2669983416252,230.0,500,5
64,dpo,0.9,0.9,1.0,prompt_relative_sequence_entropy_mean,log_pi_t_minus_log_pi_0,direct_pi0_scores,0.07778395159222658,-0.0,1.3676213378219992,0.022770993489295257,0.6960767451785912,0.832,1.4974791938907597,,190.2669983416252,230.0,500,5
65,dpo,0.9,0.9,1.0,prompt_relative_sequence_entropy_mean,log_pi_t_minus_log_pi_0,direct_pi0_scores,0.07709897694138235,-0.0,1.0260717874234881,0.023006028153639897,0.7025786488086612,0.834,1.4974438025977037,,190.2669983416252,230.0,500,5
66,dpo,0.9,0.9,1.0,prompt_relative_sequence_entropy_mean,log_pi_t_minus_log_pi_0,direct_pi0_scores,0.08189441229724068,-0.0,0.9467601922623463,0.024165935156136423,0.8827213931879669,0.832,1.4974872970400617,,190.2669983416252,230.0,500,5
67,dpo,0.9,0.9,1.0,prompt_relative_sequence_entropy_mean,log_pi_t_minus_log_pi_0,direct_pi0_scores,0.07228699738958873,-0.0,0.8771936200882795,0.02613368936766828,0.7206268748618737,0.828,1.4984829046650807,,190.2669983416252,230.0,500,5
68,dpo,0.9,0.9,1.0,prompt_relative_sequence_entropy_mean,log_pi_t_minus_log_pi_0,direct_pi0_scores,0.0712174840364815,-0.0,1.0097780061873423,0.026809996199198216,0.8660735094009473,0.826,1.497877874845952,,190.2669983416252,230.0,500,5
69,dpo,0.9,0.9,1.0,prompt_relative_sequence_entropy_mean,log_pi_t_minus_log_pi_0,direct_pi0_scores,0.07363078284017141,-0.0,0.9585545927627163,0.028174705406704015,0.7934568610076077,0.834,1.4956333942341982,,190.2669983416252,230.0,500,5
70,dpo,0.9,0.9,1.0,prompt_relative_sequence_entropy_mean,log_pi_t_minus_log_pi_0,direct_pi0_scores,0.0773827622851586,-0.0,1.0668366719445523,0.03653282535502857,0.9192095527262539,0.828,1.4929749893288609,,190.2669983416252,230.0,500,5
71,dpo,0.9,0.9,1.0,prompt_relative_sequence_entropy_mean,log_pi_t_minus_log_pi_0,direct_pi0_scores,0.07301350865545049,-0.0,0.8007252518434973,0.030793699745674728,0.908833306934981,0.838,1.490811312787853,,190.2669983416252,230.0,500,5
72,dpo,0.9,0.9,1.0,prompt_relative_sequence_entropy_mean,log_pi_t_minus_log_pi_0,direct_pi0_scores,0.06924812536193922,-0.0,1.0668337588296137,0.033966412022715865,0.9025916000217233,0.834,1.4903509352952915,,190.2669983416252,230.0,500,5
73,dpo,0.9,0.9,1.0,prompt_relative_sequence_entropy_mean,log_pi_t_minus_log_pi_0,direct_pi0_scores,0.06879611059548557,-0.0,1.034923919004972,0.029707543385658845,0.962889752985933,0.84,1.4888376859138386,,190.2669983416252,230.0,500,5
74,dpo,0.9,0.9,1.0,prompt_relative_sequence_entropy_mean,log_pi_t_minus_log_pi_0,direct_pi0_scores,0.06792453778512794,-0.0,1.0201913367268314,0.021976950861424222,0.836873961147618,0.834,1.489029942878477,,190.2669983416252,230.0,500,5
75,dpo,0.9,0.9,1.0,prompt_relative_sequence_entropy_mean,log_pi_t_minus_log_pi_0,direct_pi0_scores,0.061383059849291606,-0.0,0.9549054384290281,0.026701242842701388,0.9192176681973917,0.834,1.4868124216335754,,190.2669983416252,230.0,500,5
76,dpo,0.9,0.9,1.0,prompt_relative_sequence_entropy_mean,log_pi_t_minus_log_pi_0,direct_pi0_scores,0.06847265677213034,-0.0,0.9433028943512385,0.031571899783868755,0.9987325230154851,0.838,1.4865758816034196,,190.2669983416252,230.0,500,5
77,dpo,0.9,0.9,1.0,prompt_relative_sequence_entropy_mean,log_pi_t_minus_log_pi_0,direct_pi0_scores,0.06394764238767166,-0.0,0.9393132141420286,0.030826320039049192,0.6650599436054506,0.834,1.485889748620582,,190.2669983416252,230.0,500,5
78,dpo,0.9,0.9,1.0,prompt_relative_sequence_entropy_mean,log_pi_t_minus_log_pi_0,direct_pi0_scores,0.05935575168382161,-0.0,1.0228790235920395,0.035975795210353274,0.8858988027327381,0.836,1.483521470555495,,190.2669983416252,230.0,500,5
79,dpo,0.9,0.9,1.0,prompt_relative_sequence_entropy_mean,log_pi_t_minus_log_pi_0,direct_pi0_scores,0.05990074389134385,-0.0,0.7944302634782011,0.030124912026755823,0.9239347864818095,0.836,1.4837180468471407,,190.2669983416252,230.0,500,5
80,dpo,0.9,0.9,1.0,prompt_relative_sequence_entropy_mean,log_pi_t_minus_log_pi_0,direct_pi0_scores,0.06207241317433686,-0.0,0.8533080805610672,0.028255822421198395,0.7172523207617176,0.832,1.4829342382300936,0.917625,190.2669983416252,230.0,500,5
