iter,snapshot_stage,loss_type,preference_case,alpha,lambda,tau,beta,mix_eps,target_train_prompt_count,actual_train_pairs,sampled_train_prompts,train_sample_size,pairs_per_prompt,train_pair_source,oracle_train_pairs,outer_reference_frozen,primary_entropy_metric,relative_sequence_score_definition,prompt_relative_sequence_entropy_mean,prompt_relative_sequence_entropy_min,prompt_relative_sequence_entropy_max,prompt_relative_sequence_tv_mean,prompt_relative_sequence_tv_max,relative_sequence_top1_flip_rate_vs_initial,prompt_relative_sequence_entropy_abs_delta_mean,prompt_relative_sequence_entropy_abs_delta_max,prompt_relative_sequence_entropy_pct_change_mean,eval_response_token_count_mean,eval_response_token_count_median,prompt_entropy_mean,prompt_entropy_min,prompt_entropy_max,prompt_tv_mean,prompt_tv_max,top1_flip_rate_vs_initial,prompt_entropy_abs_delta_mean,prompt_entropy_abs_delta_max,prompt_entropy_pct_change_mean,cycle_strength_mean,cycle_strength_max,num_prompts_eval,max_eval_support_k,train_loss_mean,train_loss_std,train_loss_min,train_loss_max,train_loss_last,train_num_batches,optimizer_steps_in_iter,oracle_win_rate,oracle_soft_win_rate,oracle_reward_delta_mean,oracle_win_rate_prompt_std,oracle_soft_win_rate_prompt_std,oracle_num_prompts,oracle_num_checkpoint_responses,oracle_num_baseline_responses,oracle_avg_response_len_chars
0,pre_update,dpo,transitive,0.8,0.9,1.0,1.0,0.05,500,834,500,1000,2,dynamic_oracle,1,True,prompt_relative_sequence_entropy_mean,log_pi_t_minus_log_pi_0,1.5569997481993374,-0.0,1.6094379124341005,,,0.0,,,,188.55922410235246,223.0,1.5418496482011106,-0.0,1.6093755199400395,,,0.0,,,,,,500,5,0.6060182156869851,0.2632557023733896,0.012509570457041264,2.0176751613616943,0.7411203980445862,834,209,0.47725,0.499228441282517,0.0158603515625,0.22693184549551437,0.19084832707025248,500,2000,2000,753.526
1,pre_update,dpo,transitive,0.8,0.9,1.0,1.0,0.05,500,831,500,1000,2,dynamic_oracle,1,True,prompt_relative_sequence_entropy_mean,log_pi_t_minus_log_pi_0,1.4326025720381343,-0.0,1.6091210646423058,0.1874490558290305,0.5841840831948913,0.828,0.12439717616120309,0.8071029113818948,-7.784326778237528,188.55922410235246,223.0,1.5419004601006263,-0.0,1.6093841464814942,0.0011842895455922142,0.010988145347594801,0.008,0.00021452656566344996,0.016270580707589133,0.010414495117472547,,,500,5,0.6102963069680222,0.3219005047843073,0.02565925382077694,3.3362369537353516,0.1460345834493637,831,208,,,,,,0,0,0,
2,pre_update,dpo,transitive,0.8,0.9,1.0,1.0,0.05,500,844,500,1000,2,dynamic_oracle,1,True,prompt_relative_sequence_entropy_mean,log_pi_t_minus_log_pi_0,1.2404402660723517,-0.0,1.602806956612095,0.15135342809931296,0.4494332011731009,0.848,0.19300551908774022,1.0119618816368245,-13.990685666582358,188.55922410235246,223.0,1.5419167050969258,-0.0,1.6093874394755983,0.0011478152306130581,0.0038825868533961406,0.018,0.00018812389783687584,0.00493888268949827,-0.000662640386658254,,,500,5,0.5976748387163761,0.40089299149379537,0.005104857496917248,3.8710625171661377,0.6684600114822388,844,211,,,,,,0,0,0,
3,pre_update,dpo,transitive,0.8,0.9,1.0,1.0,0.05,500,840,500,1000,2,dynamic_oracle,1,True,prompt_relative_sequence_entropy_mean,log_pi_t_minus_log_pi_0,1.0476409713120265,-0.0,1.5900332252428533,0.12531838586014904,0.3614153601697077,0.86,0.19422111066321074,0.7840136903474484,-18.568400042916036,188.55922410235246,223.0,1.5419325841969598,-0.0,1.6093891168542442,0.0012191942250352748,0.004972001580036252,0.04,0.0002022239301533318,0.003898654427661352,0.0009602650541795048,,,500,5,0.5642514176722172,0.40533193567891734,0.00861448422074318,2.765054941177368,0.7378547191619873,840,210,,,,,,0,0,0,
4,pre_update,dpo,transitive,0.8,0.9,1.0,1.0,0.05,500,842,500,1000,2,dynamic_oracle,1,True,prompt_relative_sequence_entropy_mean,log_pi_t_minus_log_pi_0,0.8963533539942653,-0.0,1.5732766795772086,0.10448188360635531,0.3588633335009942,0.848,0.1579300623830146,0.6981725326209316,-19.2681089896872,188.55922410235246,223.0,1.5419827470665954,-0.0,1.6093922452832368,0.001304632531905042,0.010944354207234226,0.058,0.0002483908681282348,0.014120293785440552,0.0016539024754781365,,,500,5,0.5607581171382721,0.45206168850532896,0.0013938170159235597,3.179980516433716,0.9130299091339111,842,211,,,,,,0,0,0,
5,pre_update,dpo,transitive,0.8,0.9,1.0,1.0,0.05,500,868,500,1000,2,dynamic_oracle,1,True,prompt_relative_sequence_entropy_mean,log_pi_t_minus_log_pi_0,0.7689935515282963,-0.0,1.5597723318531833,0.09682653556343226,0.46710421520614775,0.848,0.1446681464858952,0.6935290762156798,-20.61177909820914,188.55922410235246,223.0,1.541875473463478,-0.0,1.609391676889701,0.0016567817526525828,0.014998387468645513,0.072,0.0003572204163350541,0.02120283795206268,-0.0036080426697231173,,,500,5,0.5361655270795457,0.5535157979004162,0.00027461251011118293,5.80302619934082,0.825939416885376,868,217,,,,,,0,0,0,
6,pre_update,dpo,transitive,0.8,0.9,1.0,1.0,0.05,500,851,500,1000,2,dynamic_oracle,1,True,prompt_relative_sequence_entropy_mean,log_pi_t_minus_log_pi_0,0.6593003425436923,-0.0,1.5730822403055127,0.07685958125961607,0.35107543251017054,0.85,0.11962947320190903,0.4765534480920415,-22.88215346969974,188.55922410235246,223.0,1.5417082681446672,-0.0,1.6093929795521695,0.0016459335424901251,0.012259635176718381,0.09,0.0003521417123497234,0.020680072916658854,-0.02004473263220755,,,500,5,0.5364029268421547,0.7242024429058521,3.535687574185431e-05,7.225733757019043,0.0419590137898922,851,213,,,,,,0,0,0,
7,pre_update,dpo,transitive,0.8,0.9,1.0,1.0,0.05,500,857,500,1000,2,dynamic_oracle,1,True,prompt_relative_sequence_entropy_mean,log_pi_t_minus_log_pi_0,0.5623746156462917,-0.0,1.5552046513165987,0.08015195068803627,0.42493222329223457,0.862,0.119620142375205,0.7790292474382862,-22.00963263134766,188.55922410235246,223.0,1.541561163779382,-0.0,1.6093932114420162,0.002017051671103265,0.012842150479331134,0.1,0.0004164482632901933,0.02212847174480015,-0.012939687295037803,,,500,5,0.522953171746138,0.6501712299792262,0.00011592516966629773,4.313480377197266,0.1881447285413742,857,215,,,,,,0,0,0,
8,pre_update,dpo,transitive,0.8,0.9,1.0,1.0,0.05,500,828,500,1000,2,dynamic_oracle,1,True,prompt_relative_sequence_entropy_mean,log_pi_t_minus_log_pi_0,0.5229927767563035,-0.0,1.5409346386444827,0.07288975773701108,0.43181006048035236,0.862,0.09291844853340696,0.6729167771716864,-8.320652380779865,188.55922410235246,223.0,1.541257379520118,-0.0,1.60939600894964,0.0018720699309527802,0.020658922798691286,0.134,0.0004395180511142179,0.03648361306956471,-0.03441188242670188,,,500,5,0.5522741897655947,0.6885909828605485,3.363294308655895e-05,5.292540073394775,0.24369902908802032,828,207,,,,,,0,0,0,
9,pre_update,dpo,transitive,0.8,0.9,1.0,1.0,0.05,500,834,500,1000,2,dynamic_oracle,1,True,prompt_relative_sequence_entropy_mean,log_pi_t_minus_log_pi_0,0.5059633783678122,-0.0,1.4736070768660192,0.06073423702590261,0.45237036301546113,0.854,0.07493096244126404,0.5492910888256204,0.3177995652928614,188.55922410235246,223.0,1.5411322375737364,-0.0,1.6093936996917404,0.0012065360917444144,0.008170127583522868,0.13,0.0002617492078490347,0.00854280319623646,-0.013405467284817988,,,500,5,0.5366007800550737,0.668149727632434,4.275978426449001e-06,6.202024459838867,0.14267607033252716,834,209,,,,,,0,0,0,
10,pre_update,dpo,transitive,0.8,0.9,1.0,1.0,0.05,500,848,500,1000,2,dynamic_oracle,1,True,prompt_relative_sequence_entropy_mean,log_pi_t_minus_log_pi_0,0.4749860255941246,-0.0,1.5829456514478413,0.07026196988652587,0.44226213045931867,0.856,0.08583031755970356,0.6838554827268299,-8.070282530999371,188.55922410235246,223.0,1.5408497222159878,-0.0,1.6093983031954786,0.001619641740342142,0.013959307215389669,0.148,0.0004098674495857322,0.02189266469501805,-0.03264064859118922,,,500,5,0.5661740686721124,0.7292012966212534,7.35729912548777e-08,5.97754430770874,0.4932560920715332,848,212,,,,,,0,0,0,
11,pre_update,dpo,transitive,0.8,0.9,1.0,1.0,0.05,500,851,500,1000,2,dynamic_oracle,1,True,prompt_relative_sequence_entropy_mean,log_pi_t_minus_log_pi_0,0.4498075995303996,-0.0,1.4255475100809496,0.05550731561080075,0.5976165350087522,0.856,0.07416139515069342,0.6811339154650482,-6.469551676507135,188.55922410235246,223.0,1.540704444495213,-0.0,1.6093972246528898,0.0015318977021238198,0.011799433405619675,0.152,0.0003824133255258709,0.011417919360147133,-0.022566246376927845,,,500,5,0.5716375820219156,0.7620589226733779,2.8232967451913282e-05,7.656730651855469,0.20370613038539886,851,213,,,,,,0,0,0,
12,pre_update,dpo,transitive,0.8,0.9,1.0,1.0,0.05,500,844,500,1000,2,dynamic_oracle,1,True,prompt_relative_sequence_entropy_mean,log_pi_t_minus_log_pi_0,0.45040709995534883,-0.0,1.467654526091118,0.04879197234574658,0.3361938712652765,0.856,0.059568213048378,0.5216152610143676,3.857047201431541,188.55922410235246,223.0,1.5407322607386023,-0.0,1.6093960308495636,0.001060334001617449,0.01352014534343101,0.154,0.00021041331680801982,0.015715374854434305,-0.003738658425527115,,,500,5,0.5843089136938492,0.7551853396036188,3.2887041925278027e-06,4.656423091888428,0.7378547191619873,844,211,,,,,,0,0,0,
13,pre_update,dpo,transitive,0.8,0.9,1.0,1.0,0.05,500,853,500,1000,2,dynamic_oracle,1,True,prompt_relative_sequence_entropy_mean,log_pi_t_minus_log_pi_0,0.4539131103230165,-0.0,1.4944868210737907,0.054392465403681825,0.46003973849406327,0.848,0.06438192547748994,0.4694670161839893,13.211912274816722,188.55922410235246,223.0,1.5408441474446755,-0.0,1.6093951894565781,0.0013002543545485583,0.017647999948263243,0.146,0.00030252648071088306,0.032318908004844715,0.009943238654565572,,,500,5,0.553038482860489,0.7520961741970501,1.8925327822216786e-05,6.002460479736328,0.06972534954547882,853,214,,,,,,0,0,0,
14,pre_update,dpo,transitive,0.8,0.9,1.0,1.0,0.05,500,858,500,1000,2,dynamic_oracle,1,True,prompt_relative_sequence_entropy_mean,log_pi_t_minus_log_pi_0,0.43795629098604766,-0.0,1.4547951177004814,0.06300337137381655,0.5365909716021025,0.85,0.0797905516452065,0.6502948891364989,2.325374057451347,188.55922410235246,223.0,1.5405548270274325,-0.0,1.6093956038395174,0.0015557259893639844,0.014339293877588699,0.146,0.0003961050574937098,0.018316726707646724,-0.03239265852995387,,,500,5,0.551777892335737,0.7305276831844433,3.0510839224007213e-06,5.155776500701904,0.5333796739578247,858,215,,,,,,0,0,0,
15,pre_update,dpo,transitive,0.8,0.9,1.0,1.0,0.05,500,849,500,1000,2,dynamic_oracle,1,True,prompt_relative_sequence_entropy_mean,log_pi_t_minus_log_pi_0,0.4185282666115406,-0.0,1.3488494368325563,0.052468338556740095,0.3620978001499494,0.844,0.06608915235190971,0.4882505711327918,-6.820517115415938,188.55922410235246,223.0,1.5404411888353902,-0.0,1.6093901021805985,0.0015239069910940929,0.012853536985597575,0.158,0.0003255060540794241,0.007128044994141325,-0.009185637458847328,,,500,5,0.5295827064541087,0.7766762405506429,2.2322553832054837e-06,6.925970077514648,0.9130207300186157,849,213,,,,,,0,0,0,
16,pre_update,dpo,transitive,0.8,0.9,1.0,1.0,0.05,500,819,500,1000,2,dynamic_oracle,1,True,prompt_relative_sequence_entropy_mean,log_pi_t_minus_log_pi_0,0.39662020820049937,-0.0,1.4198005777788496,0.05327150046541476,0.39779651792124127,0.846,0.06377010179652742,0.5366414883920361,-6.417054889711718,188.55922410235246,223.0,1.5400550808494673,-0.0,1.6093871579665053,0.0020638188009447873,0.018165919535431924,0.172,0.0005564116351213364,0.021180863536132133,-0.05469291504966932,,,500,5,0.516913871426311,0.7001798578892694,1.2959785635757726e-06,4.535770416259766,2.683281183242798,819,205,,,,,,0,0,0,
17,pre_update,dpo,transitive,0.8,0.9,1.0,1.0,0.05,500,857,500,1000,2,dynamic_oracle,1,True,prompt_relative_sequence_entropy_mean,log_pi_t_minus_log_pi_0,0.38908740953038273,-0.0,1.4022065070784893,0.04549931364849256,0.43981991203484305,0.842,0.05495232322033857,0.4572591877336076,4.79796777206683,188.55922410235246,223.0,1.5397759238415303,-0.0,1.6093802038536111,0.0013576042664065647,0.016870790339411218,0.166,0.0004084722960989484,0.010159508172123521,-0.03602117591323001,,,500,5,0.5756993751328037,0.7542747718021601,3.907555583282374e-05,5.043960094451904,0.6209598779678345,857,215,,,,,,0,0,0,
18,pre_update,dpo,transitive,0.8,0.9,1.0,1.0,0.05,500,868,500,1000,2,dynamic_oracle,1,True,prompt_relative_sequence_entropy_mean,log_pi_t_minus_log_pi_0,0.3978608932921244,-0.0,1.3601598800632821,0.05317712240207664,0.4119354443895648,0.838,0.06320620721120541,0.47426190041982796,17.366452612329347,188.55922410235246,223.0,1.539673614905255,-0.0,1.6093808808005128,0.0013603958747510747,0.00976369542212542,0.17,0.00033725054182475123,0.013650913916234186,-0.028990481134230427,,,500,5,0.580889198504029,0.8598699112627392,5.171199290998629e-07,8.044079780578613,0.11051065474748611,868,217,,,,,,0,0,0,
19,pre_update,dpo,transitive,0.8,0.9,1.0,1.0,0.05,500,841,500,1000,2,dynamic_oracle,1,True,prompt_relative_sequence_entropy_mean,log_pi_t_minus_log_pi_0,0.3751724273199364,-0.0,1.454006411899058,0.04451992256035399,0.4766764876979545,0.844,0.05459322793199059,0.4360093226819616,-9.153970700244011,188.55922410235246,223.0,1.5391725624393844,-0.0,1.6093752086480466,0.0019260610779696433,0.019613967743166774,0.184,0.000628913052451405,0.035972342858901274,-0.06765328605238521,,,500,5,0.5637107895170975,0.9123283649568655,5.1599970823934527e-11,10.200034141540527,0.6931509971618652,841,211,,,,,,0,0,0,
20,pre_update,dpo,transitive,0.8,0.9,1.0,1.0,0.05,500,830,500,1000,2,dynamic_oracle,1,True,prompt_relative_sequence_entropy_mean,log_pi_t_minus_log_pi_0,0.3589608420680166,-0.0,1.3816000030607074,0.052409110658466915,0.4441794083750741,0.848,0.060371274360401794,0.4667260367139564,-5.898056719057189,188.55922410235246,223.0,1.5387540545545526,-0.0,1.609367720734612,0.0019424266326380614,0.015731471174091863,0.186,0.0006071212059591828,0.021674618119400524,-0.06618379408363283,,,500,5,0.5450173300739406,0.9470841631077561,7.123264755826142e-10,8.600190162658691,6.6228080868313555e-06,830,208,0.81225,0.8026660049414782,5.6263212890625,0.19756312282407362,0.18259318705197317,500,2000,2000,855.0285
21,pre_update,dpo,transitive,0.8,0.9,1.0,1.0,0.05,500,853,500,1000,2,dynamic_oracle,1,True,prompt_relative_sequence_entropy_mean,log_pi_t_minus_log_pi_0,0.34228634338890374,-0.0,1.3200039746722565,0.05109358836204934,0.6128205203790414,0.844,0.06669127378809754,0.6375601812469691,-0.20095524781980065,188.55922410235246,223.0,1.5381005428839736,-0.0,1.609353407843599,0.0025003023113815623,0.024543402541419998,0.204,0.0008358943010697617,0.03771190535474567,-0.08023211666404885,,,500,5,0.5355545321873274,0.7852287701363218,2.7607602532953024e-06,6.676249027252197,0.0552176795899868,853,214,,,,,,0,0,0,
22,pre_update,dpo,transitive,0.8,0.9,1.0,1.0,0.05,500,848,500,1000,2,dynamic_oracle,1,True,prompt_relative_sequence_entropy_mean,log_pi_t_minus_log_pi_0,0.3387716861462776,-0.0,1.3472807238748712,0.05057854344847979,0.5990573908360091,0.84,0.06148492708329193,0.4937402478227627,8.850275588363996,188.55922410235246,223.0,1.538116687087393,-0.0,1.609361426614923,0.0015577104887091833,0.012974143167103394,0.204,0.00041239774213567974,0.01937333897963911,0.009574540431305175,,,500,5,0.5464551826806735,0.9239722401630763,3.097490832715266e-07,7.712956428527832,1.804731845855713,848,212,,,,,,0,0,0,
23,pre_update,dpo,transitive,0.8,0.9,1.0,1.0,0.05,500,853,500,1000,2,dynamic_oracle,1,True,prompt_relative_sequence_entropy_mean,log_pi_t_minus_log_pi_0,0.33278644747563546,-0.0,1.5358508102465087,0.04439205325890413,0.653398202776835,0.848,0.05661222961908302,0.39817897585009937,4.842392745496558,188.55922410235246,223.0,1.5379963036823843,-0.0,1.6093596185305148,0.0014462324591465775,0.01728004567762889,0.204,0.0004119823191473749,0.022276792593485473,-0.01861817266167597,,,500,5,0.6077330469704068,1.0716509167851411,4.691164434689199e-08,7.994089126586914,0.016436995938420296,853,214,,,,,,0,0,0,
24,pre_update,dpo,transitive,0.8,0.9,1.0,1.0,0.05,500,860,500,1000,2,dynamic_oracle,1,True,prompt_relative_sequence_entropy_mean,log_pi_t_minus_log_pi_0,0.31865714175257465,-0.0,1.4593471494577808,0.049962714744386676,0.514667896633104,0.844,0.06025384446401696,0.6936155437229672,-5.399948733755376,188.55922410235246,223.0,1.5375567363938472,-0.0,1.6093547594014004,0.0019020060892607868,0.017282124682317095,0.208,0.0005623938047150538,0.02284028268687166,-0.059940210764724305,,,500,5,0.554463407117412,0.9115801123137084,7.068082368277828e-07,7.038383960723877,0.05227489396929741,860,215,,,,,,0,0,0,
25,pre_update,dpo,transitive,0.8,0.9,1.0,1.0,0.05,500,849,500,1000,2,dynamic_oracle,1,True,prompt_relative_sequence_entropy_mean,log_pi_t_minus_log_pi_0,0.31637757228779,-0.0,1.4672774267656323,0.0461193442199015,0.5891109427890863,0.846,0.05378381940040697,0.5878525481564909,8.682718267839862,188.55922410235246,223.0,1.5370045796330838,-0.0,1.6093508557612206,0.001798809335774008,0.019667467422342086,0.202,0.0006919080408151045,0.026073854247014028,-0.07612258341007865,,,500,5,0.5517765092524232,1.0765998038103648,1.45839923796319e-13,8.487709045410156,0.006591049022972584,849,213,,,,,,0,0,0,
26,pre_update,dpo,transitive,0.8,0.9,1.0,1.0,0.05,500,854,500,1000,2,dynamic_oracle,1,True,prompt_relative_sequence_entropy_mean,log_pi_t_minus_log_pi_0,0.29522180897881944,-0.0,1.480153504609727,0.05778932560393282,0.4644135024341641,0.84,0.07288166798222602,0.8415832070588828,7.397884345480724,188.55922410235246,223.0,1.5367711851128343,-0.0,1.6093448936832249,0.002443157183320548,0.03305003618043615,0.226,0.0006510723870924584,0.028693563085653295,-0.031670406041646865,,,500,5,0.5809677760813099,1.0311116907162823,1.481550953030819e-07,13.568745613098145,1.1905958652496338,854,214,,,,,,0,0,0,
27,pre_update,dpo,transitive,0.8,0.9,1.0,1.0,0.05,500,855,500,1000,2,dynamic_oracle,1,True,prompt_relative_sequence_entropy_mean,log_pi_t_minus_log_pi_0,0.30121179531008374,-0.0,1.509139342421708,0.04902100535645783,0.6443306199745904,0.84,0.05851977692904752,0.5417134783251205,32.109813594978064,188.55922410235246,223.0,1.5369961560239567,-0.0,1.6093478336214728,0.001708359283973329,0.03663190831899725,0.226,0.00046706290575788565,0.040118188265698906,0.005269897390330504,,,500,5,0.6030970751827532,1.159755764329069,2.9280622015903646e-07,8.18777084350586,0.3789106607437134,855,214,,,,,,0,0,0,
28,pre_update,dpo,transitive,0.8,0.9,1.0,1.0,0.05,500,859,500,1000,2,dynamic_oracle,1,True,prompt_relative_sequence_entropy_mean,log_pi_t_minus_log_pi_0,0.29835885274078405,-0.0,1.5486175813073197,0.048696804542133196,0.6652225418478015,0.836,0.060496464273037676,0.4624920588504132,14.73783243136935,188.55922410235246,223.0,1.5363530250730812,-0.0,1.6093523291097038,0.0022177573729542954,0.02053859933648601,0.232,0.0007220221946322352,0.030672168008454403,-0.07072495871433958,,,500,5,0.5801435176659482,1.1326035873171205,1.1866203820324467e-13,10.325029373168945,0.3823808431625366,859,215,,,,,,0,0,0,
29,pre_update,dpo,transitive,0.8,0.9,1.0,1.0,0.05,500,838,500,1000,2,dynamic_oracle,1,True,prompt_relative_sequence_entropy_mean,log_pi_t_minus_log_pi_0,0.2868944640767498,-0.0,1.4906156288568573,0.059208891533045344,0.8454203561361784,0.828,0.06995675040553133,0.643069114657319,11.716764399326983,188.55922410235246,223.0,1.5357488590006556,-0.0,1.6093511040325674,0.0024586995653858483,0.017819629791541988,0.238,0.0008291191981777342,0.028992282647605783,-0.06563211354601091,,,500,5,0.5155373534985772,0.8201721020668294,4.485463389602984e-10,7.500553131103516,1.119960069656372,838,210,,,,,,0,0,0,
30,pre_update,dpo,transitive,0.8,0.9,1.0,1.0,0.05,500,866,500,1000,2,dynamic_oracle,1,True,prompt_relative_sequence_entropy_mean,log_pi_t_minus_log_pi_0,0.28993145458186,-0.0,1.5372343196845493,0.04848542711742945,0.4894950558165965,0.832,0.05743514971032127,0.4675767384384834,20.56998775148741,188.55922410235246,223.0,1.535386653065292,-0.0,1.6093593472399095,0.0019082900997282582,0.019081092735576524,0.234,0.0006151809878932411,0.022644791556748756,-0.0477920242527855,,,500,5,0.5740345061424104,1.144787196390629,1.246092509199785e-15,13.353128433227539,1.7339729311061092e-05,866,217,,,,,,0,0,0,
31,pre_update,dpo,transitive,0.8,0.9,1.0,1.0,0.05,500,849,500,1000,2,dynamic_oracle,1,True,prompt_relative_sequence_entropy_mean,log_pi_t_minus_log_pi_0,0.28947606329257547,-0.0,1.479773127531617,0.04733164832975245,0.5484538079071895,0.84,0.05238175219612897,0.5876773358933469,29.482549520707778,188.55922410235246,223.0,1.535050331309944,-0.0,1.6093538845520847,0.0018055109382677638,0.025986606340142826,0.232,0.0005815673840832118,0.024489278147505233,-0.0394177045241039,,,500,5,0.5693432803305267,1.0333266014883187,4.703220923829576e-09,9.275087356567383,2.9062461853027344,849,213,,,,,,0,0,0,
32,pre_update,dpo,transitive,0.8,0.9,1.0,1.0,0.05,500,854,500,1000,2,dynamic_oracle,1,True,prompt_relative_sequence_entropy_mean,log_pi_t_minus_log_pi_0,0.28825878196672244,-0.0,1.4007417738652228,0.04801948950586308,0.6812290358380009,0.84,0.056778598963000956,0.8144746730309407,39.17056762118923,188.55922410235246,223.0,1.5349200480457716,-0.0,1.6093557693702523,0.001919156044853939,0.01604258319846716,0.224,0.0005209585355017195,0.016831584797096344,-0.0005305311067649772,,,500,5,0.5913556963379036,1.0178616960402265,1.9999212952370726e-07,7.450562953948975,0.00010103383101522923,854,214,,,,,,0,0,0,
33,pre_update,dpo,transitive,0.8,0.9,1.0,1.0,0.05,500,854,500,1000,2,dynamic_oracle,1,True,prompt_relative_sequence_entropy_mean,log_pi_t_minus_log_pi_0,0.28746329616169963,-0.0,1.3201373451902754,0.04697239580532265,0.5570921849694542,0.832,0.04932295351998474,0.4661210316111048,23.060923380143226,188.55922410235246,223.0,1.5348516523649665,-0.0,1.6093534412709034,0.0017140176024786672,0.015575528793138567,0.234,0.00042431863845806715,0.013094111560642885,-0.016305218250444297,,,500,5,0.5681545733098803,0.9992003472302186,2.1724068377526606e-10,6.8260979652404785,0.2357073277235031,854,214,,,,,,0,0,0,
34,pre_update,dpo,transitive,0.8,0.9,1.0,1.0,0.05,500,857,500,1000,2,dynamic_oracle,1,True,prompt_relative_sequence_entropy_mean,log_pi_t_minus_log_pi_0,0.2871926120281187,-0.0,1.3354055320264486,0.03887473738535564,0.40295289821617297,0.834,0.047406917165319355,0.5055578436344533,24.43767316030021,188.55922410235246,223.0,1.5345611652564926,-0.0,1.6093548982333874,0.001543792618818172,0.02409553400842437,0.236,0.0005027577290864265,0.02090758298129325,-0.04103859355889841,,,500,5,0.5870256907198129,1.11539298478634,3.755575406216849e-09,9.900044441223145,0.37110209465026855,857,215,,,,,,0,0,0,
35,pre_update,dpo,transitive,0.8,0.9,1.0,1.0,0.05,500,859,500,1000,2,dynamic_oracle,1,True,prompt_relative_sequence_entropy_mean,log_pi_t_minus_log_pi_0,0.27473374188573485,-0.0,1.3117742683097675,0.04707794802259205,0.5411227916345043,0.838,0.057510664048054966,0.5964870747284462,13.203983567737579,188.55922410235246,223.0,1.5343263394063846,-0.0,1.6093589208208918,0.0019037096590128555,0.016178271115861287,0.23,0.0005259028191569942,0.019998920012946342,-0.03653000248419385,,,500,5,0.594346886757071,1.1417984957633045,1.615283573563886e-09,10.650025367736816,0.0008247597143054008,859,215,,,,,,0,0,0,
36,pre_update,dpo,transitive,0.8,0.9,1.0,1.0,0.05,500,855,500,1000,2,dynamic_oracle,1,True,prompt_relative_sequence_entropy_mean,log_pi_t_minus_log_pi_0,0.2745081417006952,-0.0,1.4118809398279106,0.03870510514696001,0.4479326177132481,0.836,0.05148573458073241,0.469329678452323,16.035443794860075,188.55922410235246,223.0,1.5343388596015977,-0.0,1.6093499266100322,0.0014957674835899596,0.009726079227491417,0.238,0.0003661530093514491,0.014407879925659062,-0.00859435792702082,,,500,5,0.6070113334718872,1.108263490826002,6.04833674464067e-12,7.594255447387695,0.005041619762778282,855,214,,,,,,0,0,0,
37,pre_update,dpo,transitive,0.8,0.9,1.0,1.0,0.05,500,828,500,1000,2,dynamic_oracle,1,True,prompt_relative_sequence_entropy_mean,log_pi_t_minus_log_pi_0,0.27924619056174255,-0.0,1.2792492821357977,0.04428504215802616,0.5685582724247887,0.838,0.05356453312023689,0.48564144179548746,39.91701653727533,188.55922410235246,223.0,1.5343551050803463,-0.0,1.609358227816676,0.001819518901752178,0.015062685136632146,0.246,0.0004959896594092783,0.02320393865549053,0.012063691962422964,,,500,5,0.525985972967181,1.082292647060205,2.1144852979659845e-08,11.67501163482666,0.04144887998700142,828,207,,,,,,0,0,0,
38,pre_update,dpo,transitive,0.8,0.9,1.0,1.0,0.05,500,861,500,1000,2,dynamic_oracle,1,True,prompt_relative_sequence_entropy_mean,log_pi_t_minus_log_pi_0,0.27379084310177937,-0.0,1.278362902448724,0.04822614499395532,0.44048116066560694,0.834,0.055540022719985906,0.5436918757214173,3.737809624863858,188.55922410235246,223.0,1.5339636927794436,-0.0,1.6093546162926466,0.001962113815627475,0.018482326834937095,0.244,0.0005858998057666042,0.021555482133045034,-0.0557198112500587,,,500,5,0.5278539192532417,0.9714007477045841,7.950794689293161e-09,10.20004940032959,0.000784561038017273,861,216,,,,,,0,0,0,
39,pre_update,dpo,transitive,0.8,0.9,1.0,1.0,0.05,500,869,500,1000,2,dynamic_oracle,1,True,prompt_relative_sequence_entropy_mean,log_pi_t_minus_log_pi_0,0.27081835533357296,-0.0,1.3422700373012952,0.043693004245164126,0.831278723458082,0.83,0.053272884033411246,0.48401705167197107,37.85481513291099,188.55922410235246,223.0,1.5342994389498315,-0.0,1.6093577394535448,0.0019139127088828984,0.038822149727552414,0.248,0.0006563446409169753,0.05298703260652049,0.05832489031549274,,,500,5,0.5066622070729402,0.9068797634073074,2.4552742061700883e-09,6.6637678146362305,1.9744731187820435,869,218,,,,,,0,0,0,
40,pre_update,dpo,transitive,0.8,0.9,1.0,1.0,0.05,500,856,500,1000,2,dynamic_oracle,1,True,prompt_relative_sequence_entropy_mean,log_pi_t_minus_log_pi_0,0.26876053849293396,-0.0,1.2993350057419937,0.05008448412754056,0.607255739142962,0.83,0.057184435860281636,0.680321870399707,50.839943031980596,188.55922410235246,223.0,1.53417178406154,-0.0,1.6093626626172899,0.0018102511452187547,0.011727580445961883,0.24,0.000513631409517088,0.013023044987876653,-0.01895518701240966,,,500,5,0.5498431995660664,0.9189365968056981,4.703364364644358e-09,9.075111389160156,3.23995041847229,856,214,0.8315,0.8236663114045464,6.2464951171875,0.19505191616592749,0.18054148749705973,500,2000,2000,905.246
41,pre_update,dpo,transitive,0.8,0.9,1.0,1.0,0.05,500,855,500,1000,2,dynamic_oracle,1,True,prompt_relative_sequence_entropy_mean,log_pi_t_minus_log_pi_0,0.26925297072195725,-0.0,1.333393608332968,0.046353399961660435,0.7829715185948688,0.834,0.05535199713296287,0.6976603871388596,34.08787761270523,188.55922410235246,223.0,1.5340658451289968,-0.0,1.6093666146208077,0.0018141161904881246,0.013298016463171905,0.242,0.0005594881933660958,0.019345073787418787,-0.028610612146003647,,,500,5,0.5862032344637369,1.3430166433739996,3.6914113259178816e-12,17.275009155273438,0.1063380166888237,855,214,,,,,,0,0,0,
42,pre_update,dpo,transitive,0.8,0.9,1.0,1.0,0.05,500,858,500,1000,2,dynamic_oracle,1,True,prompt_relative_sequence_entropy_mean,log_pi_t_minus_log_pi_0,0.25985703672075094,-0.0,1.307280598494799,0.04134067309430957,0.6819498704291044,0.834,0.052711667054962184,0.5164133503388044,15.367870477719043,188.55922410235246,223.0,1.533918709615959,-0.0,1.6093569193033008,0.0017931770207215804,0.016204854259377427,0.256,0.0005245931815642732,0.015199192332298939,-0.0251052763677751,,,500,5,0.552515625725377,1.057880718873653,4.94445018262013e-09,7.587996482849121,0.00737288361415267,858,215,,,,,,0,0,0,
43,pre_update,dpo,transitive,0.8,0.9,1.0,1.0,0.05,500,836,500,1000,2,dynamic_oracle,1,True,prompt_relative_sequence_entropy_mean,log_pi_t_minus_log_pi_0,0.24929763014489037,-0.0,1.3729064585340087,0.05442188546369814,0.814342808435407,0.838,0.0653122280064805,0.81763683091435,45.06182352040879,188.55922410235246,223.0,1.533528224701004,-0.0,1.6093624144587495,0.0026203517740720473,0.017403080400180945,0.268,0.0007481975102791148,0.021804536020964105,-0.048448239509375754,,,500,5,0.5501452671217106,1.0248776353084044,3.249308114239291e-11,9.850043296813965,2.2713794708251953,836,209,,,,,,0,0,0,
44,pre_update,dpo,transitive,0.8,0.9,1.0,1.0,0.05,500,869,500,1000,2,dynamic_oracle,1,True,prompt_relative_sequence_entropy_mean,log_pi_t_minus_log_pi_0,0.2502393442736592,-0.0,1.285703180697743,0.04052380734356412,0.4842988049222938,0.834,0.05666472999122709,0.8819729984418729,380.9340221866398,188.55922410235246,223.0,1.5335680188704413,-0.0,1.6093628371154591,0.0018128332447068015,0.032006398217410414,0.278,0.00047960364832717433,0.04119103193522489,0.009417898449635437,,,500,5,0.5564354406163922,1.224199850603312,1.1399918552548738e-12,11.275036811828613,0.6684581637382507,869,218,,,,,,0,0,0,
45,pre_update,dpo,transitive,0.8,0.9,1.0,1.0,0.05,500,878,500,1000,2,dynamic_oracle,1,True,prompt_relative_sequence_entropy_mean,log_pi_t_minus_log_pi_0,0.23983646490561533,-0.0,1.2443715989814994,0.04808942418866623,0.8340394059841186,0.826,0.052828382121094516,0.6797050852928723,8.414284110498967,188.55922410235246,223.0,1.5326913888870088,-0.0,1.609358511775213,0.002983194172890524,0.02410119393770231,0.284,0.00106893864524646,0.030068625918772574,-0.09214798699676625,,,500,5,0.6278613904454166,1.243533376469063,2.517491104470082e-09,10.071914672851562,0.0040783812291920185,878,220,,,,,,0,0,0,
46,pre_update,dpo,transitive,0.8,0.9,1.0,1.0,0.05,500,857,500,1000,2,dynamic_oracle,1,True,prompt_relative_sequence_entropy_mean,log_pi_t_minus_log_pi_0,0.2417634495808585,-0.0,1.2892291400614335,0.04083643137896203,0.5686115266686578,0.828,0.0554064147697588,0.6718236900135178,25.98430529230796,188.55922410235246,223.0,1.5326937275707755,-0.0,1.6093602606715587,0.0020865470963331825,0.01101528673813297,0.28,0.0005443906566430783,0.012660127475174199,0.007473339673481966,,,500,5,0.6110162170137525,1.0994070062199421,1.003460335657902e-11,10.925021171569824,0.04208797588944435,857,215,,,,,,0,0,0,
47,pre_update,dpo,transitive,0.8,0.9,1.0,1.0,0.05,500,856,500,1000,2,dynamic_oracle,1,True,prompt_relative_sequence_entropy_mean,log_pi_t_minus_log_pi_0,0.24420591156981866,-0.0,1.3709258016125045,0.043354940564613816,0.838327584775918,0.83,0.05040089688310526,0.4719572498867285,54.09496521631207,188.55922410235246,223.0,1.5326051847213242,-0.0,1.6093585787903661,0.0022034960107577117,0.017429316578583723,0.272,0.0005126406688662091,0.010613380958884866,-0.0020447927015163465,,,500,5,0.637964636113018,1.1684775339568336,2.272032162409232e-08,11.009394645690918,0.9432564377784729,856,214,,,,,,0,0,0,
48,pre_update,dpo,transitive,0.8,0.9,1.0,1.0,0.05,500,845,500,1000,2,dynamic_oracle,1,True,prompt_relative_sequence_entropy_mean,log_pi_t_minus_log_pi_0,0.23737043846756875,-0.0,1.2994105022235722,0.05396693308281192,0.7701486027628031,0.834,0.05998597634077442,0.8010275499838597,41.943940609402894,188.55922410235246,223.0,1.5322024572404966,-0.0,1.609357479378042,0.0026256637247739226,0.031373124169116556,0.272,0.0007763101480138989,0.05938874046011078,-0.020361644346594734,,,500,5,0.5861398579053022,1.0937644412002427,9.377796317266984e-10,9.062623977661133,0.06826747208833694,845,212,,,,,,0,0,0,
49,pre_update,dpo,transitive,0.8,0.9,1.0,1.0,0.05,500,851,500,1000,2,dynamic_oracle,1,True,prompt_relative_sequence_entropy_mean,log_pi_t_minus_log_pi_0,0.24424719756393382,-0.0,1.2675668372190811,0.06172962508427375,0.9831715042412158,0.83,0.06824336924714774,0.6587172527734436,105.86193656265014,188.55922410235246,223.0,1.5328703697775308,-0.0,1.609351212781844,0.003285264732511253,0.04069443907874934,0.276,0.001012273046262204,0.06970343307871385,0.045695696378848905,,,500,5,0.6642812007699277,1.4624337254583537,3.596417529560213e-14,14.481247901916504,2.0399234927026555e-05,851,213,,,,,,0,0,0,
50,pre_update,dpo,transitive,0.8,0.9,1.0,1.0,0.05,500,842,500,1000,2,dynamic_oracle,1,True,prompt_relative_sequence_entropy_mean,log_pi_t_minus_log_pi_0,0.23787652821601574,-0.0,1.30911632483662,0.041168806079471196,0.7532512918786147,0.83,0.054731798748268994,0.6937375007629355,154.20623467104076,188.55922410235246,223.0,1.5326013414199424,-0.0,1.6093535328582427,0.0026201671766832245,0.03434280859678816,0.284,0.0006157286480370293,0.015944330639309223,-0.003430741828265502,,,500,5,0.5733769543417123,1.0502127375615227,1.0681453985195155e-11,10.018794059753418,2.6020236015319824,842,211,,,,,,0,0,0,
51,pre_update,dpo,transitive,0.8,0.9,1.0,1.0,0.05,500,849,500,1000,2,dynamic_oracle,1,True,prompt_relative_sequence_entropy_mean,log_pi_t_minus_log_pi_0,0.24297069177586145,-0.0,1.2438290737084636,0.04057152349984716,0.5397238853680439,0.826,0.050505990617404545,0.46400360367188664,53.209030875029725,188.55922410235246,223.0,1.5328893303055011,-0.0,1.6093573218054797,0.0019425066945561538,0.03082711557076042,0.288,0.0005661587802851858,0.0466782436852442,0.040581012683746094,,,500,5,0.6487492642766242,1.3853728257598958,1.5655924334723181e-09,12.268765449523926,0.003258069744333625,849,213,,,,,,0,0,0,
52,pre_update,dpo,transitive,0.8,0.9,1.0,1.0,0.05,500,836,500,1000,2,dynamic_oracle,1,True,prompt_relative_sequence_entropy_mean,log_pi_t_minus_log_pi_0,0.23739076355763852,-0.0,1.3753045175453265,0.046157011579433964,0.659023001295913,0.828,0.05987223034504768,0.5965995496491086,19.13049585843113,188.55922410235246,223.0,1.5327112744757028,-0.0,1.6093566520627476,0.002220100510679887,0.019850018485551596,0.296,0.000551499145072917,0.029816555978844805,-0.007659578167416159,,,500,5,0.6340856284799234,1.4644027370626158,1.076023159463091e-09,13.824997901916504,0.000804409384727478,836,209,,,,,,0,0,0,
53,pre_update,dpo,transitive,0.8,0.9,1.0,1.0,0.05,500,874,500,1000,2,dynamic_oracle,1,True,prompt_relative_sequence_entropy_mean,log_pi_t_minus_log_pi_0,0.23716076533504807,-0.0,1.3408540776011504,0.0414306214507914,0.6609915991772723,0.826,0.054715539778842984,0.590782257092266,27.825166240303012,188.55922410235246,223.0,1.532621184548189,-0.0,1.6093552493004577,0.0018952672038519353,0.019523495834728982,0.296,0.0005087189175946263,0.032155336959053704,-0.016069863339228236,,,500,5,0.6126107063777896,1.3856773680913999,1.385191961134069e-10,15.324996948242188,0.008831546641886234,874,219,,,,,,0,0,0,
54,pre_update,dpo,transitive,0.8,0.9,1.0,1.0,0.05,500,836,500,1000,2,dynamic_oracle,1,True,prompt_relative_sequence_entropy_mean,log_pi_t_minus_log_pi_0,0.23546559302194664,-0.0,1.3478490435561736,0.05213993959843095,0.6670509249555144,0.82,0.06226526250287647,0.7762084274906861,22.21039986396646,188.55922410235246,223.0,1.5318997639247656,-0.0,1.6093567508992481,0.0027736222637244766,0.02543220596251996,0.308,0.0009062522717174452,0.051129740919899413,-0.07555001987195333,,,500,5,0.5556695191073784,1.2472580788070566,6.914400150527522e-13,11.800010681152344,2.0611684322357178,836,209,,,,,,0,0,0,
55,pre_update,dpo,transitive,0.8,0.9,1.0,1.0,0.05,500,862,500,1000,2,dynamic_oracle,1,True,prompt_relative_sequence_entropy_mean,log_pi_t_minus_log_pi_0,0.228486011649594,-0.0,1.2467959442924643,0.05237017329700165,0.6070449532756685,0.826,0.06054837986067255,0.7400629415131166,31.43847493102417,188.55922410235246,223.0,1.531594553443127,-0.0,1.6093587120240134,0.0026480141326142917,0.017640866099233092,0.322,0.000726991331691135,0.025925442266854226,-0.022861498829498218,,,500,5,0.5906063332138508,1.1982440691400198,4.591128988186626e-19,9.206353187561035,0.014884300529956818,862,216,,,,,,0,0,0,
56,pre_update,dpo,transitive,0.8,0.9,1.0,1.0,0.05,500,833,500,1000,2,dynamic_oracle,1,True,prompt_relative_sequence_entropy_mean,log_pi_t_minus_log_pi_0,0.2329015420987148,-0.0,1.25887414243428,0.04434073268237108,0.759625335105423,0.834,0.051392576358310904,0.5752193779052699,38.16898845661171,188.55922410235246,223.0,1.531730211363324,-0.0,1.6093602900288704,0.0022645757100471756,0.019851437555687898,0.316,0.0005803732475023976,0.017457016190344232,0.0009056625160521313,,,500,5,0.6177851827994855,1.4051830223603925,6.628306509785982e-16,10.462545394897461,0.011683199554681778,833,209,,,,,,0,0,0,
57,pre_update,dpo,transitive,0.8,0.9,1.0,1.0,0.05,500,851,500,1000,2,dynamic_oracle,1,True,prompt_relative_sequence_entropy_mean,log_pi_t_minus_log_pi_0,0.22936447164563123,-0.0,1.2265941268054659,0.04642944389654192,0.6787233855645605,0.844,0.05193081970009356,0.4601522629364572,91.87464003150433,188.55922410235246,223.0,1.5316287975036602,-0.0,1.6093641613767031,0.002073641356132841,0.017447658237895437,0.324,0.0005505543452647497,0.022441274341163497,-0.01323809945285801,,,500,5,0.6279026429167608,1.376987320881357,3.6096554347983534e-13,13.66561222076416,0.9508967399597168,851,213,,,,,,0,0,0,
58,pre_update,dpo,transitive,0.8,0.9,1.0,1.0,0.05,500,852,500,1000,2,dynamic_oracle,1,True,prompt_relative_sequence_entropy_mean,log_pi_t_minus_log_pi_0,0.22809222282997493,-0.0,1.265103335017195,0.05118583396147648,0.6540297864674213,0.83,0.06514624808698137,0.6482921833854466,71.06456140663106,188.55922410235246,223.0,1.5316133673024628,-0.0,1.6093644037134058,0.0024752109114398384,0.02516157206336579,0.33,0.0006557131050689677,0.044833439028260536,-0.008531729716350326,,,500,5,0.6275470695633545,1.2181594034130558,5.082695930802572e-10,8.837642669677734,0.008196167647838593,852,213,,,,,,0,0,0,
59,pre_update,dpo,transitive,0.8,0.9,1.0,1.0,0.05,500,878,500,1000,2,dynamic_oracle,1,True,prompt_relative_sequence_entropy_mean,log_pi_t_minus_log_pi_0,0.23655489299763946,-0.0,1.3159885656172836,0.04829783180647766,0.8559203961106561,0.834,0.05921897735866707,0.6117144022593224,96.9646390337811,188.55922410235246,223.0,1.5324263527070032,-0.0,1.6093597033425353,0.0025474139975519947,0.02609339494349176,0.322,0.0008972704520411996,0.04227584775823434,0.07715561157037042,,,500,5,0.6011632635190916,1.3454706124626343,2.4311430646406507e-10,15.731243133544922,4.720568469451791e-08,878,220,,,,,,0,0,0,
60,pre_update,dpo,transitive,0.8,0.9,1.0,1.0,0.05,500,841,500,1000,2,dynamic_oracle,1,True,prompt_relative_sequence_entropy_mean,log_pi_t_minus_log_pi_0,0.22415550578347335,-0.0,1.2082238670352499,0.051225700711292135,0.6516335404928045,0.838,0.06297029683212857,0.5868968932634465,20.765725303041286,188.55922410235246,223.0,1.5313812965901397,-0.0,1.609353150946171,0.0036786565183150443,0.0410917733395528,0.33,0.0011906770478742165,0.057689550431965886,-0.09849918863910154,,,500,5,0.5875033013529739,1.1997491064047558,1.4202496123605357e-10,11.525018692016602,0.3016812205314636,841,211,0.86,0.8488416928027809,6.7973974609375,0.17742075695926898,0.17044986609432744,500,2000,2000,918.958
61,pre_update,dpo,transitive,0.8,0.9,1.0,1.0,0.05,500,856,500,1000,2,dynamic_oracle,1,True,prompt_relative_sequence_entropy_mean,log_pi_t_minus_log_pi_0,0.22613971487601553,-0.0,1.282109168504673,0.04799821278701971,0.674398734392708,0.842,0.06127424185009285,0.720716447891853,61.02745191181562,188.55922410235246,223.0,1.53140432323469,-0.0,1.6093469338949529,0.0026152368949473783,0.02326193053915837,0.324,0.0006990663698275203,0.022461058926738886,0.01606350560066173,,,500,5,0.5570819252730909,1.2414016705508781,1.9421125050902077e-15,11.100006103515625,0.00016450141265522689,856,214,,,,,,0,0,0,
62,pre_update,dpo,transitive,0.8,0.9,1.0,1.0,0.05,500,830,500,1000,2,dynamic_oracle,1,True,prompt_relative_sequence_entropy_mean,log_pi_t_minus_log_pi_0,0.22438905354782288,-0.0,1.2479507945932409,0.054888873774978024,0.7092796687573448,0.83,0.062391587166390906,0.6452526491863673,43.88218904914902,188.55922410235246,223.0,1.5311445104120125,-0.0,1.6093355400944866,0.0028039286366888386,0.016906982563998738,0.326,0.0007481941751662269,0.022641732711953244,-0.02965850806600263,,,500,5,0.5960746221505945,1.3585742756802779,5.224806004511251e-11,9.800073623657227,1.482555627822876,830,208,,,,,,0,0,0,
63,pre_update,dpo,transitive,0.8,0.9,1.0,1.0,0.05,500,874,500,1000,2,dynamic_oracle,1,True,prompt_relative_sequence_entropy_mean,log_pi_t_minus_log_pi_0,0.22464365302967912,-0.0,1.2705594566712655,0.04789419748583508,0.5431479017164649,0.828,0.0631060852676717,0.598685215762083,43.662737350744706,188.55922410235246,223.0,1.5309337801389402,-0.0,1.609337467569073,0.0027979327397342005,0.01727563988286282,0.332,0.000722354033384018,0.021072482269000048,-0.017582578287365994,,,500,5,0.6477456824197592,1.4516764768984678,1.9521679177571942e-17,9.975068092346191,0.013065680861473083,874,219,,,,,,0,0,0,
64,pre_update,dpo,transitive,0.8,0.9,1.0,1.0,0.05,500,843,500,1000,2,dynamic_oracle,1,True,prompt_relative_sequence_entropy_mean,log_pi_t_minus_log_pi_0,0.20916098990594387,-0.0,1.2631505990467642,0.05157840448390541,0.7160740803738225,0.838,0.06049327768381641,0.8073699963605175,15.032424396090287,188.55922410235246,223.0,1.5303345147869545,-0.0,1.6093211365369253,0.003352024939896861,0.034022369175331385,0.352,0.0010004111277022024,0.06218332931219561,-0.05558391440858246,,,500,5,0.6127326561929992,1.2357669093196095,4.150216649024315e-15,10.62502384185791,0.2691262662410736,843,211,,,,,,0,0,0,
65,pre_update,dpo,transitive,0.8,0.9,1.0,1.0,0.05,500,851,500,1000,2,dynamic_oracle,1,True,prompt_relative_sequence_entropy_mean,log_pi_t_minus_log_pi_0,0.20835989583569528,-0.0,1.2960548835650672,0.045896118658231684,0.7596722072954936,0.842,0.05478509646154912,0.5857991001606692,89.26383039156234,188.55922410235246,223.0,1.5312950295103434,-0.0,1.6093414629960487,0.0031363648688171038,0.050769524333936486,0.352,0.0011113101424527721,0.09292395463700398,0.07044095458844171,,,500,5,0.6324563682626865,1.4156553969208292,6.2887613885387154e-15,11.293766975402832,0.006468994077295065,851,213,,,,,,0,0,0,
66,pre_update,dpo,transitive,0.8,0.9,1.0,1.0,0.05,500,875,500,1000,2,dynamic_oracle,1,True,prompt_relative_sequence_entropy_mean,log_pi_t_minus_log_pi_0,0.20166488419214346,-0.0,1.443613954562607,0.05241965940562352,0.967569870777692,0.844,0.06458329518078532,0.799222009610686,38.25280288138484,188.55922410235246,223.0,1.5313338212320293,-0.0,1.6093848124343562,0.002743164632457064,0.03732242065423922,0.354,0.0007349586115039226,0.051060797176600614,0.005325362195925657,,,500,5,0.5855463273740106,1.0698299225121926,4.2442808436630314e-14,8.662671089172363,0.06504375487565994,875,219,,,,,,0,0,0,
67,pre_update,dpo,transitive,0.8,0.9,1.0,1.0,0.05,500,846,500,1000,2,dynamic_oracle,1,True,prompt_relative_sequence_entropy_mean,log_pi_t_minus_log_pi_0,0.21638083604911645,-0.0,1.4687446918223717,0.04375018223106745,0.5321014079641553,0.848,0.06091501038566227,0.4960906046451573,337.8978539326499,188.55922410235246,223.0,1.531930416282266,-0.0,1.609384603784573,0.003154470872637599,0.01400851144003673,0.344,0.0008427561169892392,0.014339897911267885,0.04312016197560687,,,500,5,0.6117656456143561,1.2905445021143054,4.386053673033352e-11,10.825032234191895,0.1443457305431366,846,212,,,,,,0,0,0,
68,pre_update,dpo,transitive,0.8,0.9,1.0,1.0,0.05,500,840,500,1000,2,dynamic_oracle,1,True,prompt_relative_sequence_entropy_mean,log_pi_t_minus_log_pi_0,0.21817489990856434,-0.0,1.4223908152888693,0.04530388729716865,0.970040616457567,0.856,0.05171078706022524,0.6123625761244269,87.74940159449774,188.55922410235246,223.0,1.5317393296374318,-0.0,1.6093943626538545,0.0027066339715077397,0.018865683809744738,0.342,0.0007056031519139698,0.016082411692518006,-0.023972506845303925,,,500,5,0.5872401596327427,1.16040026973916,7.03463898243939e-10,10.846893310546875,0.0009462882881052792,840,210,,,,,,0,0,0,
69,pre_update,dpo,transitive,0.8,0.9,1.0,1.0,0.05,500,847,500,1000,2,dynamic_oracle,1,True,prompt_relative_sequence_entropy_mean,log_pi_t_minus_log_pi_0,0.2240111678163247,-0.0,1.3896236427841488,0.04589812956607224,0.5441050004397634,0.854,0.05757704750775322,0.6907947953120748,105.5762317547151,188.55922410235246,223.0,1.532405794255963,-0.0,1.6093868304970846,0.0024411193447257703,0.01799896304409922,0.346,0.0008048978283847019,0.027418225039789856,0.038029439217005044,,,500,5,0.6255889698925209,1.3504804112636253,8.551590425370792e-13,11.540624618530273,0.2661898136138916,847,212,,,,,,0,0,0,
70,pre_update,dpo,transitive,0.8,0.9,1.0,1.0,0.05,500,854,500,1000,2,dynamic_oracle,1,True,prompt_relative_sequence_entropy_mean,log_pi_t_minus_log_pi_0,0.21176035604424148,-0.0,1.4569249511529245,0.04237389753337655,0.6013633320204134,0.856,0.05372073777935564,0.6229006805802523,29.469932790521,188.55922410235246,223.0,1.5324521684275665,-0.0,1.6093565463586497,0.002517365292880259,0.017866254843903875,0.35,0.0006082844851999918,0.020607659130141287,0.006290162272598492,,,500,5,0.5762109915895871,1.425631234796681,4.6229196686009555e-12,17.899978637695312,0.00033540124422870576,854,214,,,,,,0,0,0,
71,pre_update,dpo,transitive,0.8,0.9,1.0,1.0,0.05,500,841,500,1000,2,dynamic_oracle,1,True,prompt_relative_sequence_entropy_mean,log_pi_t_minus_log_pi_0,0.21212988090316098,-0.0,1.396942267357653,0.04197182548891861,0.510016885529316,0.852,0.05696051618938659,0.639092673534337,38.58669656675528,188.55922410235246,223.0,1.5324372613835822,-0.0,1.6093656365572937,0.0022013115557999326,0.019077635347228693,0.346,0.0006928971481906618,0.02736709113757607,-0.017146435612621382,,,500,5,0.6121009788394942,1.2082213646852036,4.485497528960991e-10,9.700057983398438,1.1031839847564697,841,211,,,,,,0,0,0,
72,pre_update,dpo,transitive,0.8,0.9,1.0,1.0,0.05,500,825,500,1000,2,dynamic_oracle,1,True,prompt_relative_sequence_entropy_mean,log_pi_t_minus_log_pi_0,0.21457223369710415,-0.0,1.5391784968690234,0.042413504843719835,0.7031839426651254,0.852,0.05568799390448572,0.5745519955775085,174.1706158186479,188.55922410235246,223.0,1.5324208459865023,-0.0,1.6094010720073437,0.0026407553107548215,0.029822555581848834,0.346,0.0008748902723796935,0.024855954594129148,0.02584934787817806,,,500,5,0.5732620599968768,1.338267879545956,1.520349859502462e-17,10.957829475402832,0.03049200400710106,825,207,,,,,,0,0,0,
73,pre_update,dpo,transitive,0.8,0.9,1.0,1.0,0.05,500,847,500,1000,2,dynamic_oracle,1,True,prompt_relative_sequence_entropy_mean,log_pi_t_minus_log_pi_0,0.2011811672854074,-0.0,1.3420427357815023,0.0445130231974212,0.6548101973684102,0.858,0.05921588025127599,0.5919902733829007,23.188053889472673,188.55922410235246,223.0,1.531757762027388,-0.0,1.6093780180772406,0.0025861273690438954,0.020855826045256737,0.358,0.0008465029257971064,0.020397421032813723,-0.06963427547957907,,,500,5,0.6238246861150434,1.4124196007335883,4.344642752087385e-17,11.800010681152344,1.3094537953950436e-10,847,212,,,,,,0,0,0,
74,pre_update,dpo,transitive,0.8,0.9,1.0,1.0,0.05,500,852,500,1000,2,dynamic_oracle,1,True,prompt_relative_sequence_entropy_mean,log_pi_t_minus_log_pi_0,0.1936931747105232,-0.0,1.310640136232366,0.04326693194155058,0.6507011073525354,0.844,0.06253670432382281,0.7318551624449707,46.19994414699504,188.55922410235246,223.0,1.5313865014820671,-0.0,1.6093413050974128,0.0029985268166700853,0.01855628303693689,0.342,0.0007662957967043768,0.02321120486865813,-0.03397142511558998,,,500,5,0.6849632881171113,1.9860076629309422,9.644238786889843e-16,43.33124542236328,0.0035113126505166292,852,213,,,,,,0,0,0,
75,pre_update,dpo,transitive,0.8,0.9,1.0,1.0,0.05,500,832,500,1000,2,dynamic_oracle,1,True,prompt_relative_sequence_entropy_mean,log_pi_t_minus_log_pi_0,0.19843237385931514,-0.0,1.203938861654918,0.04270342844952047,0.5665344866163871,0.846,0.05636159312562705,0.6168106484544721,64.00701493473638,188.55922410235246,223.0,1.5314853930988666,-0.0,1.6093490176319667,0.0025636874743476708,0.018215216252982832,0.344,0.0006966534196548553,0.01689384686248796,-0.014718891689396768,,,500,5,0.6280660272627789,1.2461759291096006,2.587908776163772e-10,11.475008964538574,0.825939416885376,832,208,,,,,,0,0,0,
76,pre_update,dpo,transitive,0.8,0.9,1.0,1.0,0.05,500,844,500,1000,2,dynamic_oracle,1,True,prompt_relative_sequence_entropy_mean,log_pi_t_minus_log_pi_0,0.194275072572252,-0.0,1.338108126916227,0.04565102487739348,0.6600184318693856,0.852,0.057531339103753826,0.6726196991474924,167.19637580738782,188.55922410235246,223.0,1.5315508928051227,-0.0,1.609320578136257,0.0026831015011331886,0.01595660076382606,0.342,0.0006702542660609713,0.01414671088778402,0.015128396016761282,,,500,5,0.5844721497692514,1.294083850064196,8.179979384014087e-20,10.350038528442383,0.5231201648712158,844,211,,,,,,0,0,0,
77,pre_update,dpo,transitive,0.8,0.9,1.0,1.0,0.05,500,850,500,1000,2,dynamic_oracle,1,True,prompt_relative_sequence_entropy_mean,log_pi_t_minus_log_pi_0,0.19075680511006826,-0.0,1.3491024780060041,0.04688545699029356,0.8744432886556349,0.848,0.06143523472100583,0.6261010302637126,73.0608429439574,188.55922410235246,223.0,1.53113058477795,-0.0,1.609308814041026,0.002451927854391517,0.023964447192819927,0.344,0.0006465117170400017,0.01699960343168916,-0.04079672694110868,,,500,5,0.6462131044649538,1.3999173737794375,6.057355798997103e-15,11.0875244140625,0.4647083282470703,850,213,,,,,,0,0,0,
78,pre_update,dpo,transitive,0.8,0.9,1.0,1.0,0.05,500,866,500,1000,2,dynamic_oracle,1,True,prompt_relative_sequence_entropy_mean,log_pi_t_minus_log_pi_0,0.19737989256280405,-0.0,1.28720647424324,0.03515637641802084,0.7164102019141722,0.848,0.05036633464667823,0.8070236391019521,78.07396465393836,188.55922410235246,223.0,1.5312764032868251,-0.0,1.6092856953887598,0.0023305649244017247,0.011263200728279785,0.35,0.0005665738536926702,0.009095119319834977,0.00980804796489862,,,500,5,0.5997149633691535,1.1923575532402573,4.069145020935139e-11,9.175122261047363,0.16972708702087402,866,217,,,,,,0,0,0,
79,pre_update,dpo,transitive,0.8,0.9,1.0,1.0,0.05,500,856,500,1000,2,dynamic_oracle,1,True,prompt_relative_sequence_entropy_mean,log_pi_t_minus_log_pi_0,0.20129063099824868,-0.0,1.2466847487779777,0.03948750349236405,0.6921971283596425,0.846,0.054590403982231826,0.5075380181226189,107.17116234493952,188.55922410235246,223.0,1.531663128333011,-0.0,1.6093152598980085,0.002362020437803979,0.017290945104132704,0.34,0.0006729335461664449,0.021846122451081973,0.04445500282191145,,,500,5,0.5631591899742554,1.1468643204348994,2.1780233866453003e-11,11.856276512145996,0.6151933073997498,856,214,,,,,,0,0,0,
80,pre_update,dpo,transitive,0.8,0.9,1.0,1.0,0.05,0,0,0,1000,2,none_final_snapshot,1,True,prompt_relative_sequence_entropy_mean,log_pi_t_minus_log_pi_0,0.20905361272168352,-0.0,1.4519720731483967,0.04634130075986767,0.7703682024918785,0.844,0.05934586098267463,0.620931619215496,94.2733467542585,188.55922410235246,223.0,1.531616038628024,-0.0,1.6092840570681453,0.002408812146781949,0.014520622687920058,0.34,0.0007412738105612999,0.0205316496620791,-0.024425511174019504,,,500,5,,,,,,0,0,0.859,0.8495241160285991,6.928916015625,0.17755351306014758,0.16655834782135884,500,2000,2000,897.797
