iter,snapshot_stage,loss_type,preference_case,alpha,lambda,tau,beta,mix_eps,target_train_prompt_count,actual_train_pairs,sampled_train_prompts,train_sample_size,pairs_per_prompt,train_pair_source,oracle_train_pairs,outer_reference_frozen,prompt_entropy_mean,prompt_entropy_min,prompt_entropy_max,prompt_tv_mean,prompt_tv_max,top1_flip_rate_vs_initial,prompt_entropy_abs_delta_mean,prompt_entropy_abs_delta_max,prompt_entropy_pct_change_mean,cycle_strength_mean,cycle_strength_max,num_prompts_eval,max_eval_support_k,train_loss_mean,train_loss_std,train_loss_min,train_loss_max,train_loss_last,train_num_batches,optimizer_steps_in_iter,oracle_win_rate,oracle_soft_win_rate,oracle_reward_delta_mean,oracle_win_rate_prompt_std,oracle_soft_win_rate_prompt_std,oracle_num_prompts,oracle_num_checkpoint_responses,oracle_num_baseline_responses,oracle_avg_response_len_chars
0,pre_update,ipo,transitive,0.95,0.9,1.0,1.0,0.05,500,855,500,1000,2,dynamic_oracle,1,True,1.5465136538845181,-0.0,1.6094158501062679,,,0.0,,,,,,500,5,0.24672148725111853,0.2834791348324268,0.0,5.0625,0.25,855,214,0.486375,0.5041878408241663,0.007306640625,0.22880870148444965,0.19201812992080605,500,2000,2000,771.7935
1,pre_update,ipo,transitive,0.95,0.9,1.0,1.0,0.05,500,834,500,1000,2,dynamic_oracle,1,True,1.5465203095315643,-0.0,1.6094174187095924,0.000467450251926184,0.0026705428661161768,0.006,7.952129776738173e-05,0.0018664421825365096,0.0025858061472822263,,,500,5,0.2612276204475883,0.3065772882436913,0.0,3.9750754833221436,0.1181640625,834,209,,,,,,0,0,0,
2,pre_update,ipo,transitive,0.95,0.9,1.0,1.0,0.05,500,850,500,1000,2,dynamic_oracle,1,True,1.5465080314058195,-0.0,1.6094195782520881,0.00042893600917348845,0.0021928301586531945,0.008,8.399349651186985e-05,0.0023386945198170667,-0.005140648519717221,,,500,5,0.2452323214626556,0.2933281136989737,0.0,3.1395626068115234,0.09378766268491745,850,213,,,,,,0,0,0,
3,pre_update,ipo,transitive,0.95,0.9,1.0,1.0,0.05,500,825,500,1000,2,dynamic_oracle,1,True,1.546502541135194,-0.0,1.6094199201566008,0.0004624633218505637,0.0025457127310449384,0.018,9.633124330752929e-05,0.005860617775141019,-0.0004999678959157557,,,500,5,0.24783039212826583,0.2761563542038571,0.0,1.706273078918457,0.2634572386741638,825,207,,,,,,0,0,0,
4,pre_update,ipo,transitive,0.95,0.9,1.0,1.0,0.05,500,833,500,1000,2,dynamic_oracle,1,True,1.5465069960190627,-0.0,1.6094216314539433,0.0004702493177947306,0.0028230288299234685,0.02,8.464412689595979e-05,0.004289893475717732,0.0006404095363071618,,,500,5,0.2603344524970566,0.2953167319167173,0.0,2.7847673892974854,0.4347693622112274,833,209,,,,,,0,0,0,
5,pre_update,ipo,transitive,0.95,0.9,1.0,1.0,0.05,500,853,500,1000,2,dynamic_oracle,1,True,1.5465214474296718,-0.0,1.6094225610361024,0.0004634470446846098,0.002587728349862095,0.026,7.823591650647393e-05,0.002462537708961987,0.00266448176426541,,,500,5,0.2567493327483577,0.3155955513899067,5.820766091346741e-11,2.2876932621002197,1.1522746086120605,853,214,,,,,,0,0,0,
6,pre_update,ipo,transitive,0.95,0.9,1.0,1.0,0.05,500,837,500,1000,2,dynamic_oracle,1,True,1.5465203857729215,-0.0,1.6094230787713808,0.0004810447875646706,0.00366737035772563,0.028,9.66240832187491e-05,0.00547028574514008,-0.0025350821483900005,,,500,5,0.2710121983062159,0.3013899007345626,5.820766091346741e-11,2.4025094509124756,0.014854631386697292,837,210,,,,,,0,0,0,
7,pre_update,ipo,transitive,0.95,0.9,1.0,1.0,0.05,500,845,500,1000,2,dynamic_oracle,1,True,1.5465289348042666,-0.0,1.6094267401870972,0.00046277711807916975,0.002434771643976777,0.028,8.570542784304758e-05,0.0027226062786732674,0.0029334070348150227,,,500,5,0.26205322072056286,0.30760960619178834,2.205140481237322e-05,3.1950690746307373,0.2562797963619232,845,212,,,,,,0,0,0,
8,pre_update,ipo,transitive,0.95,0.9,1.0,1.0,0.05,500,833,500,1000,2,dynamic_oracle,1,True,1.5465200552840452,-0.0,1.6094279628547057,0.0004720955076243461,0.0033747585661598675,0.034,0.00010513091176806927,0.00834564864162135,-0.0019988468494437288,,,500,5,0.249987523344408,0.29975766228388107,0.0,2.600166082382202,0.24532993137836456,833,209,,,,,,0,0,0,
9,pre_update,ipo,transitive,0.95,0.9,1.0,1.0,0.05,500,838,500,1000,2,dynamic_oracle,1,True,1.5465007451348487,-0.0,1.6094275668306384,0.0004430659881490924,0.0024297179755232295,0.04,8.822700975480469e-05,0.006032432390705167,-0.0037562925010873826,,,500,5,0.24706668092452183,0.28633571322263496,9.784707799553871e-06,2.4218950271606445,0.7710954546928406,838,210,,,,,,0,0,0,
10,pre_update,ipo,transitive,0.95,0.9,1.0,1.0,0.05,500,875,500,1000,2,dynamic_oracle,1,True,1.5464845559448221,-0.0,1.6094286001383566,0.0004132528850727943,0.003503795791375483,0.044,7.956587486810735e-05,0.00212664981505184,-0.0027087418853456438,,,500,5,0.2537884479596479,0.3266106263448678,0.0,2.520136833190918,0.07909297943115234,875,219,,,,,,0,0,0,
11,pre_update,ipo,transitive,0.95,0.9,1.0,1.0,0.05,500,845,500,1000,2,dynamic_oracle,1,True,1.5464678076194185,-0.0,1.6094282700520481,0.0004652404359764984,0.0020984243223266946,0.044,9.011543148028678e-05,0.003420275047232302,-0.0026000556284774996,,,500,5,0.2634484704193995,0.3325444784677979,9.737035725265741e-06,3.1506032943725586,0.6300463080406189,845,212,,,,,,0,0,0,
12,pre_update,ipo,transitive,0.95,0.9,1.0,1.0,0.05,500,832,500,1000,2,dynamic_oracle,1,True,1.5464656742967957,-0.0,1.6094248407632292,0.0004604767874176029,0.0033487732636741305,0.05,8.437913901033462e-05,0.003373138818783983,-0.0039479255210125965,,,500,5,0.25807795608244094,0.31436485700715605,0.0,2.7431640625,0.1650390625,832,208,,,,,,0,0,0,
13,pre_update,ipo,transitive,0.95,0.9,1.0,1.0,0.05,500,842,500,1000,2,dynamic_oracle,1,True,1.5464681226416337,-0.0,1.609423517136291,0.00045218938113363814,0.0018731983387427348,0.048,7.734290554998783e-05,0.0025928700752723133,-0.0006531079180148374,,,500,5,0.2768380959895491,0.3672647702916274,0.0,4.771489143371582,0.005165138281881809,842,211,,,,,,0,0,0,
14,pre_update,ipo,transitive,0.95,0.9,1.0,1.0,0.05,500,847,500,1000,2,dynamic_oracle,1,True,1.5464658864612661,-0.0,1.6094239849513476,0.00042665261495693853,0.001777109433981322,0.048,7.74877241247387e-05,0.0035277442840366824,-0.00043653582325091356,,,500,5,0.2512051799549892,0.31963636145338487,0.0,3.480579376220703,0.03999878093600273,847,212,,,,,,0,0,0,
15,pre_update,ipo,transitive,0.95,0.9,1.0,1.0,0.05,500,856,500,1000,2,dynamic_oracle,1,True,1.5464357764056753,-0.0,1.6094218923979247,0.0004694407540473752,0.0024699046294450154,0.048,0.00010923820782175977,0.0062135952420172,-0.002512692788630606,,,500,5,0.2762148628992172,0.3506603775588849,9.784707799553871e-06,3.492232322692871,0.2973640561103821,856,214,,,,,,0,0,0,
16,pre_update,ipo,transitive,0.95,0.9,1.0,1.0,0.05,500,816,500,1000,2,dynamic_oracle,1,True,1.5464434432904455,-0.0,1.6094232718864943,0.00046728983355577824,0.0031666608694785187,0.05,7.938003558553153e-05,0.0015681009037062377,0.0015367111653941715,,,500,5,0.2540310435094986,0.3087722035724929,0.0,3.228759765625,0.09961625188589096,816,204,,,,,,0,0,0,
17,pre_update,ipo,transitive,0.95,0.9,1.0,1.0,0.05,500,853,500,1000,2,dynamic_oracle,1,True,1.5464581621368156,-0.0,1.6094246891043609,0.0004693256582584101,0.0024683483741988893,0.052,9.483597408718164e-05,0.005007639012470144,0.005319562395957256,,,500,5,0.28250852062102205,0.4058670775312305,0.0,7.0556640625,0.2139006108045578,853,214,,,,,,0,0,0,
18,pre_update,ipo,transitive,0.95,0.9,1.0,1.0,0.05,500,848,500,1000,2,dynamic_oracle,1,True,1.546442661167304,-0.0,1.6094244324790126,0.00044450361529134946,0.0018091519212894702,0.054,7.997130835787208e-05,0.0015710882180003383,-0.0028220163052726627,,,500,5,0.25934516835266824,0.34818538767233315,0.0,4.2282328605651855,0.00821372028440237,848,212,,,,,,0,0,0,
19,pre_update,ipo,transitive,0.95,0.9,1.0,1.0,0.05,500,835,500,1000,2,dynamic_oracle,1,True,1.546491791290734,-0.0,1.609423717365522,0.000423728154735897,0.0022712829766241838,0.056,8.961498468089052e-05,0.0052095693594612635,0.010288876570292572,,,500,5,0.2641460247557796,0.3451764826767409,0.0,3.0625,0.24225229024887085,835,209,,,,,,0,0,0,
20,pre_update,ipo,transitive,0.95,0.9,1.0,1.0,0.05,500,827,500,1000,2,dynamic_oracle,1,True,1.5464541542859647,-0.0,1.609422465744616,0.000447894537541896,0.004351478590857744,0.056,9.413011062846172e-05,0.004267182253963275,-0.0006443277438587713,,,500,5,0.25417830052631013,0.33041828238030385,0.0,2.911247491836548,0.33062148094177246,827,207,0.649,0.6524879985106672,2.64693212890625,0.22978032988051872,0.19668861042097333,500,2000,2000,772.584
21,pre_update,ipo,transitive,0.95,0.9,1.0,1.0,0.05,500,849,500,1000,2,dynamic_oracle,1,True,1.5464216216512567,-0.0,1.60942207604994,0.00045802252663274467,0.0028559746606271197,0.058,0.0001033644451419808,0.0061981699477436925,-0.0036408881496559652,,,500,5,0.25550105358796343,0.29213364800376523,0.0,2.138888359069824,0.000244140625,849,213,,,,,,0,0,0,
22,pre_update,ipo,transitive,0.95,0.9,1.0,1.0,0.05,500,845,500,1000,2,dynamic_oracle,1,True,1.5463825042500265,-0.0,1.6094235633364062,0.0004327134788137175,0.002517258402708139,0.062,8.990054574449741e-05,0.0025770083302928404,-0.007079434459434308,,,500,5,0.2591683898160727,0.3168647594344222,0.0,2.7225301265716553,0.7013960480690002,845,212,,,,,,0,0,0,
23,pre_update,ipo,transitive,0.95,0.9,1.0,1.0,0.05,500,856,500,1000,2,dynamic_oracle,1,True,1.5463011047506907,-0.0,1.6094224818510332,0.00047927052576312234,0.004225321481706835,0.064,0.000125654277302915,0.010686532218506906,-0.01137880957553704,,,500,5,0.25274673544032833,0.3251660639657226,9.784707799553871e-06,2.868757963180542,0.5531550049781799,856,214,,,,,,0,0,0,
24,pre_update,ipo,transitive,0.95,0.9,1.0,1.0,0.05,500,829,500,1000,2,dynamic_oracle,1,True,1.546320290100099,-0.0,1.6094212100424925,0.0004531247926166098,0.00309635386973435,0.068,9.120315950037606e-05,0.0027550343704401126,0.0026960005678789882,,,500,5,0.2798914154779329,0.36617875637880537,0.0,3.3305580615997314,0.7013704776763916,829,208,,,,,,0,0,0,
25,pre_update,ipo,transitive,0.95,0.9,1.0,1.0,0.05,500,848,500,1000,2,dynamic_oracle,1,True,1.546311045954625,-0.0,1.6094217921505183,0.0004324199740157805,0.00189086584549851,0.074,7.77609483604732e-05,0.002298609668019924,-0.00032818211072393956,,,500,5,0.2733584711370569,0.3385660891522043,0.0,4.087987899780273,0.05640045180916786,848,212,,,,,,0,0,0,
26,pre_update,ipo,transitive,0.95,0.9,1.0,1.0,0.05,500,841,500,1000,2,dynamic_oracle,1,True,1.5462856100051399,-0.0,1.6094196476902503,0.00044659868511450596,0.0028612791178921487,0.074,0.00010183541032138104,0.005197049319674629,-0.0028358918814646423,,,500,5,0.25472721500162965,0.30064025618807216,0.0,2.9327399730682373,0.10360449552536011,841,211,,,,,,0,0,0,
27,pre_update,ipo,transitive,0.95,0.9,1.0,1.0,0.05,500,846,500,1000,2,dynamic_oracle,1,True,1.5462708742463531,-0.0,1.6094233881986522,0.0004515730240497863,0.002192513957448697,0.066,8.743511081007027e-05,0.0037540051068417624,-0.0065953926929090715,,,500,5,0.2859624393280571,0.3808020361814782,0.0,4.006277561187744,0.2168108969926834,846,212,,,,,,0,0,0,
28,pre_update,ipo,transitive,0.95,0.9,1.0,1.0,0.05,500,855,500,1000,2,dynamic_oracle,1,True,1.5462570463055678,-0.0,1.6094205731475948,0.0004115411672166195,0.0020515306782930426,0.072,7.995873145567727e-05,0.003947258611059601,-0.0011767530181870508,,,500,5,0.2984292436316909,0.42316781881839083,0.0,4.2281389236450195,0.020664939656853676,855,214,,,,,,0,0,0,
29,pre_update,ipo,transitive,0.95,0.9,1.0,1.0,0.05,500,830,500,1000,2,dynamic_oracle,1,True,1.5462402739306993,-0.0,1.6094216966591492,0.00040033091855696173,0.00205398970416297,0.074,7.08306698944986e-05,0.004009440102848427,-0.0036921224189450483,,,500,5,0.28512038037835563,0.3651150724963275,9.737035725265741e-06,3.46903133392334,0.5560668706893921,830,208,,,,,,0,0,0,
30,pre_update,ipo,transitive,0.95,0.9,1.0,1.0,0.05,500,864,500,1000,2,dynamic_oracle,1,True,1.5462786028871605,-0.0,1.6094200356998603,0.0004215405155334978,0.003147013728554346,0.08,8.228660510732311e-05,0.0030777737992402354,0.0024104119335576486,,,500,5,0.2746476436175187,0.32478346289549787,0.0,2.635575294494629,0.0872085690498352,864,216,,,,,,0,0,0,
31,pre_update,ipo,transitive,0.95,0.9,1.0,1.0,0.05,500,850,500,1000,2,dynamic_oracle,1,True,1.5462884305281477,-0.0,1.6094183716996753,0.0004263730937033798,0.0027281495303062148,0.078,8.477641320801844e-05,0.0024559520941667135,0.002643444459635368,,,500,5,0.29193229417436456,0.35108028331321733,0.0,2.8056352138519287,0.13598331809043884,850,213,,,,,,0,0,0,
32,pre_update,ipo,transitive,0.95,0.9,1.0,1.0,0.05,500,840,500,1000,2,dynamic_oracle,1,True,1.5462500800652292,-0.0,1.6094155591138786,0.00046072741437380005,0.0032562881017244028,0.08,0.0001045784699458328,0.0038852131638955623,-0.006709268238232616,,,500,5,0.23541822604008,0.3002530130675413,5.820766091346741e-11,2.1025354862213135,5.820766091346741e-11,840,210,,,,,,0,0,0,
33,pre_update,ipo,transitive,0.95,0.9,1.0,1.0,0.05,500,843,500,1000,2,dynamic_oracle,1,True,1.5462222218666308,-0.0,1.6094130830741564,0.00041325745684495346,0.002511138601301116,0.08,9.383622747714476e-05,0.004266850187038651,-0.0025100602132129804,,,500,5,0.26861917217494646,0.3137940044341062,0.0,2.6203317642211914,0.6550952792167664,843,211,,,,,,0,0,0,
34,pre_update,ipo,transitive,0.95,0.9,1.0,1.0,0.05,500,864,500,1000,2,dynamic_oracle,1,True,1.5462032600455813,-0.0,1.6094167957170757,0.0004465523811510103,0.0027777435209499074,0.084,8.334659619393844e-05,0.0029138157428640205,-0.00620870613341168,,,500,5,0.25939687804332656,0.3523304871804126,2.3283064365386963e-10,3.1285412311553955,0.0031625176779925823,864,216,,,,,,0,0,0,
35,pre_update,ipo,transitive,0.95,0.9,1.0,1.0,0.05,500,861,500,1000,2,dynamic_oracle,1,True,1.5461285126386823,-0.0,1.609415036220827,0.00047640173418354154,0.004943032205826833,0.086,0.00011894389728907476,0.006583572893971601,-0.00794260831954685,,,500,5,0.2784432395917311,0.37019618635213897,5.820766091346741e-11,4.0470123291015625,0.015621185302734375,861,216,,,,,,0,0,0,
36,pre_update,ipo,transitive,0.95,0.9,1.0,1.0,0.05,500,862,500,1000,2,dynamic_oracle,1,True,1.5460784906487413,-0.0,1.6094169437661197,0.0004947210963548191,0.0032972338541720873,0.086,0.00011321218130421234,0.0041241497816906225,-0.005004627190227737,,,500,5,0.2656477346603141,0.3943095747191988,0.0,6.094613552093506,0.2809836268424988,862,216,,,,,,0,0,0,
37,pre_update,ipo,transitive,0.95,0.9,1.0,1.0,0.05,500,840,500,1000,2,dynamic_oracle,1,True,1.5460927979925554,-0.0,1.6094154156535982,0.0004419421673631888,0.002571726325420562,0.088,9.404348270459433e-05,0.004454398249309627,0.007428475770849933,,,500,5,0.28830143016379484,0.4153941076594554,0.0,5.820259094238281,0.25947222113609314,840,210,,,,,,0,0,0,
38,pre_update,ipo,transitive,0.95,0.9,1.0,1.0,0.05,500,859,500,1000,2,dynamic_oracle,1,True,1.5460751092159037,-0.0,1.6094173413976045,0.00045254560177919055,0.003873383505447678,0.09,9.734081149756912e-05,0.0023949535425991098,-0.002868929390041667,,,500,5,0.27658306930267834,0.3827053571761046,0.0,4.73063850402832,0.1097235307097435,859,215,,,,,,0,0,0,
39,pre_update,ipo,transitive,0.95,0.9,1.0,1.0,0.05,500,859,500,1000,2,dynamic_oracle,1,True,1.5460864781706058,-0.0,1.6094179734921648,0.00044265116298244244,0.0021629739596873802,0.092,9.423915442676223e-05,0.005777045084634447,-0.0015559038697257478,,,500,5,0.2658658757425611,0.3380365618262263,2.3283064365386963e-10,3.029796600341797,0.05640045180916786,859,215,,,,,,0,0,0,
40,pre_update,ipo,transitive,0.95,0.9,1.0,1.0,0.05,500,845,500,1000,2,dynamic_oracle,1,True,1.546078566035937,-0.0,1.6094194293746493,0.0004899937009152485,0.0026450857334419098,0.094,9.176368728682291e-05,0.003206825696584703,-0.003931801398272687,,,500,5,0.2662515816591665,0.3619117809074929,0.0,2.868783950805664,0.38092511892318726,845,212,0.690375,0.6861559706588305,3.223955078125,0.21808724601635923,0.1989498278918417,500,2000,2000,816.2425
41,pre_update,ipo,transitive,0.95,0.9,1.0,1.0,0.05,500,856,500,1000,2,dynamic_oracle,1,True,1.546055700388382,-0.0,1.6094193799664964,0.00042339980864707284,0.0026098181211122416,0.092,9.630663739854159e-05,0.006966341050067437,-0.005386084892518111,,,500,5,0.27449514573136696,0.3779834741703029,0.0,5.420201778411865,0.6103277206420898,856,214,,,,,,0,0,0,
42,pre_update,ipo,transitive,0.95,0.9,1.0,1.0,0.05,500,863,500,1000,2,dynamic_oracle,1,True,1.545985183908791,-0.0,1.6094227115928468,0.0004583724069438616,0.003080802411355728,0.098,0.00011687907776074552,0.004003039052666968,-0.010499626153401278,,,500,5,0.27026484192720723,0.34882183086491847,0.0,2.84765625,0.09765625,863,216,,,,,,0,0,0,
43,pre_update,ipo,transitive,0.95,0.9,1.0,1.0,0.05,500,853,500,1000,2,dynamic_oracle,1,True,1.5460231617644153,-0.0,1.609422779591155,0.00044138345022765583,0.0037149988751082053,0.1,8.520349512243419e-05,0.003570976638339163,0.004246101886903991,,,500,5,0.2625389681153774,0.35101575171035054,5.820766091346741e-11,5.304342746734619,0.12140922248363495,853,214,,,,,,0,0,0,
44,pre_update,ipo,transitive,0.95,0.9,1.0,1.0,0.05,500,866,500,1000,2,dynamic_oracle,1,True,1.5459740229259715,-0.0,1.6094200734635322,0.00044418189034237576,0.002579522709017415,0.102,0.0001066955287656841,0.004241374775344697,-0.009225876073068894,,,500,5,0.2705430898321502,0.3317220843774274,0.0,2.35426926612854,0.0003513908595778048,866,217,,,,,,0,0,0,
45,pre_update,ipo,transitive,0.95,0.9,1.0,1.0,0.05,500,878,500,1000,2,dynamic_oracle,1,True,1.5459865901608558,-0.0,1.6094207580453932,0.0004545213911286486,0.0018363521448505338,0.104,7.797313209795593e-05,0.0017866373348367492,-0.0005188294180123623,,,500,5,0.26718929174362394,0.32591935387559173,9.737035725265741e-06,2.102513313293457,0.09765625,878,220,,,,,,0,0,0,
46,pre_update,ipo,transitive,0.95,0.9,1.0,1.0,0.05,500,845,500,1000,2,dynamic_oracle,1,True,1.5459817374169265,-0.0,1.6094221647461182,0.0004660849322555242,0.002222449292598877,0.1,9.761397111021896e-05,0.0037767354978337497,-0.0004010604310142716,,,500,5,0.28817108202439434,0.3598227425577156,0.0,2.175597906112671,0.016018452122807503,845,212,,,,,,0,0,0,
47,pre_update,ipo,transitive,0.95,0.9,1.0,1.0,0.05,500,847,500,1000,2,dynamic_oracle,1,True,1.5459864782709056,-0.0,1.6094228208217312,0.000421893236320706,0.0030835847906851236,0.102,9.458175149372544e-05,0.006246442956114873,0.005522280414698309,,,500,5,0.25955093695267123,0.3540711267516772,0.0,3.2625720500946045,0.6006391644477844,847,212,,,,,,0,0,0,
48,pre_update,ipo,transitive,0.95,0.9,1.0,1.0,0.05,500,843,500,1000,2,dynamic_oracle,1,True,1.5459564005146802,-0.0,1.6094215549088493,0.00042759837843328125,0.0019667432336021237,0.1,9.735972783565543e-05,0.002725806051343982,-0.0008857800001237281,,,500,5,0.2840586890903664,0.3971523598382383,0.0,6.344117164611816,0.02249816805124283,843,211,,,,,,0,0,0,
49,pre_update,ipo,transitive,0.95,0.9,1.0,1.0,0.05,500,845,500,1000,2,dynamic_oracle,1,True,1.545928553874715,-0.0,1.6094230728806513,0.000446907488879217,0.0023073821358102348,0.102,0.00010509435758262479,0.004059138308248014,-0.009205323892621825,,,500,5,0.25617748973245774,0.34589735414242434,5.820766091346741e-11,3.766007661819458,0.33063027262687683,845,212,,,,,,0,0,0,
50,pre_update,ipo,transitive,0.95,0.9,1.0,1.0,0.05,500,853,500,1000,2,dynamic_oracle,1,True,1.5459266747109774,-0.0,1.6094224493314455,0.00043547514696875965,0.0020313723027832256,0.104,8.361355844731286e-05,0.0026135738022072807,-0.003312525132327969,,,500,5,0.30098210935328584,1.1467250202984027,9.737035725265741e-06,32.31210708618164,0.15015389025211334,853,214,,,,,,0,0,0,
51,pre_update,ipo,transitive,0.95,0.9,1.0,1.0,0.05,500,860,500,1000,2,dynamic_oracle,1,True,1.545901738924279,-0.0,1.609424482139389,0.0004194993269656253,0.0026249563670874138,0.1,8.0469901921499e-05,0.003113132295189752,-0.0075322047169505794,,,500,5,0.26694894536269076,0.35441149423756385,0.0,3.851412296295166,0.020664939656853676,860,215,,,,,,0,0,0,
52,pre_update,ipo,transitive,0.95,0.9,1.0,1.0,0.05,500,838,500,1000,2,dynamic_oracle,1,True,1.545869382866137,-0.0,1.6094243340494332,0.0004135311056333183,0.0021057618768257347,0.104,8.916246829070665e-05,0.002697043671284982,-0.006554983305656645,,,500,5,0.2700543282347083,0.4153784175210004,9.737035725265741e-06,6.825052738189697,0.8100439310073853,838,210,,,,,,0,0,0,
53,pre_update,ipo,transitive,0.95,0.9,1.0,1.0,0.05,500,872,500,1000,2,dynamic_oracle,1,True,1.5458679600114145,-0.0,1.6094257642120056,0.00044032444639685315,0.0022610869766396535,0.106,8.841136425744023e-05,0.002678260807561672,-0.0031711127433636482,,,500,5,0.2614175259213129,0.3201651960178904,0.0,2.0933854579925537,0.1969093233346939,872,218,,,,,,0,0,0,
54,pre_update,ipo,transitive,0.95,0.9,1.0,1.0,0.05,500,844,500,1000,2,dynamic_oracle,1,True,1.5458643968301982,-0.0,1.6094255081725986,0.00042292996050988994,0.003538453940693978,0.102,8.35805028796103e-05,0.0024719645333523,0.0012659216184503286,,,500,5,0.26403988685025237,0.31303041583175756,0.0,2.075453042984009,0.0791015625,844,211,,,,,,0,0,0,
55,pre_update,ipo,transitive,0.95,0.9,1.0,1.0,0.05,500,840,500,1000,2,dynamic_oracle,1,True,1.5458835753975444,-0.0,1.609424046811599,0.0004353524543656242,0.002059166588502706,0.108,8.839751855546169e-05,0.002876832240259919,0.0030380233505407925,,,500,5,0.2579421053512522,0.34682010232443294,9.689480066299438e-06,2.97554087638855,0.14121069014072418,840,210,,,,,,0,0,0,
56,pre_update,ipo,transitive,0.95,0.9,1.0,1.0,0.05,500,855,500,1000,2,dynamic_oracle,1,True,1.5458992917836942,-0.0,1.6094259761327299,0.0004191976537870105,0.0026201122413556793,0.106,8.350213905516673e-05,0.0032986256176278372,0.005568378914621071,,,500,5,0.2828651877356712,0.35075842890707565,0.0,2.9326353073120117,0.17534901201725006,855,214,,,,,,0,0,0,
57,pre_update,ipo,transitive,0.95,0.9,1.0,1.0,0.05,500,846,500,1000,2,dynamic_oracle,1,True,1.5458787647385919,-0.0,1.6094255061303828,0.0004485493024403416,0.002646605428792914,0.108,8.763265834799844e-05,0.0023409026482480444,-0.004932767595408569,,,500,5,0.2807734086051896,0.3768485062015817,0.0,2.763977289199829,0.13141952455043793,846,212,,,,,,0,0,0,
58,pre_update,ipo,transitive,0.95,0.9,1.0,1.0,0.05,500,843,500,1000,2,dynamic_oracle,1,True,1.5458710350672427,-0.0,1.609426037318192,0.00047606336922342396,0.0024101346703419013,0.106,9.770510507786789e-05,0.0049496471103603334,-0.0015070424310183656,,,500,5,0.25126942907237904,0.313268045328822,0.0,2.138888359069824,0.12692275643348694,843,211,,,,,,0,0,0,
59,pre_update,ipo,transitive,0.95,0.9,1.0,1.0,0.05,500,875,500,1000,2,dynamic_oracle,1,True,1.545859782729572,-0.0,1.6094227984642584,0.00045318560207276544,0.0033682033885265306,0.106,0.00011402695723827235,0.00672100620068089,-0.003836993116497675,,,500,5,0.2745416271996884,0.38179454493137255,5.820766091346741e-11,4.860586643218994,0.34514907002449036,875,219,,,,,,0,0,0,
60,pre_update,ipo,transitive,0.95,0.9,1.0,1.0,0.05,500,838,500,1000,2,dynamic_oracle,1,True,1.5458443773268848,-0.0,1.609422703184942,0.0004348460797105291,0.002457367742470476,0.108,7.799352235755705e-05,0.002836217364164381,-0.005974871237704015,,,500,5,0.2719592974046251,0.37024738986748923,0.0,3.6337890625,0.018479833379387856,838,210,0.7085,0.7033289667358397,3.6701494140625,0.21739853955351218,0.20078123877631548,500,2000,2000,831.3885
61,pre_update,ipo,transitive,0.95,0.9,1.0,1.0,0.05,500,846,500,1000,2,dynamic_oracle,1,True,1.5458448875902067,-0.0,1.6094213789681235,0.0004539504091038081,0.0032938969901297466,0.112,7.995244113227301e-05,0.0024842335924810666,-0.00040272696074619094,,,500,5,0.26669550439671463,0.3468373549542317,0.0,3.9502289295196533,0.14180046319961548,846,212,,,,,,0,0,0,
62,pre_update,ipo,transitive,0.95,0.9,1.0,1.0,0.05,500,828,500,1000,2,dynamic_oracle,1,True,1.5458754334606568,-0.0,1.609421270009558,0.0004018215738221785,0.002580600708038075,0.112,8.664599620967856e-05,0.007055085049184839,0.00582589687099339,,,500,5,0.26972441838832506,0.34817094309851326,0.0,3.539067029953003,0.002501831389963627,828,207,,,,,,0,0,0,
63,pre_update,ipo,transitive,0.95,0.9,1.0,1.0,0.05,500,868,500,1000,2,dynamic_oracle,1,True,1.545870635674243,-0.0,1.6094227052240206,0.0004799746038842853,0.003125836327260642,0.116,8.498728742381707e-05,0.003104328541152168,-0.002296054776515306,,,500,5,0.2716078098224722,0.3915056947628993,0.0,3.9750146865844727,0.1453503966331482,868,217,,,,,,0,0,0,
64,pre_update,ipo,transitive,0.95,0.9,1.0,1.0,0.05,500,837,500,1000,2,dynamic_oracle,1,True,1.5458359614922228,-0.0,1.6094223096453943,0.0004065813495485746,0.0031096863780321615,0.12,8.574732457156004e-05,0.004939574932643298,-0.008183259954843864,,,500,5,0.2725121931949983,0.3808807626468997,0.0,3.8514420986175537,0.7987945079803467,837,210,,,,,,0,0,0,
65,pre_update,ipo,transitive,0.95,0.9,1.0,1.0,0.05,500,847,500,1000,2,dynamic_oracle,1,True,1.5458280868252572,-0.0,1.6094221491940481,0.0004413716383588326,0.002271660408498792,0.122,9.385751936874401e-05,0.0033971773926169124,-0.004714054431893605,,,500,5,0.2602322940020856,0.34117858482417285,0.0,2.95945405960083,0.0003516769502311945,847,212,,,,,,0,0,0,
66,pre_update,ipo,transitive,0.95,0.9,1.0,1.0,0.05,500,864,500,1000,2,dynamic_oracle,1,True,1.5457582517688353,-0.0,1.6094213640862747,0.00046467916569831934,0.0028868697993295472,0.118,0.00011549432445128546,0.0070052078074995805,-0.015397947215990495,,,500,5,0.28281482767036964,0.36363094950124175,0.0,2.580029249191284,0.3618682622909546,864,216,,,,,,0,0,0,
67,pre_update,ipo,transitive,0.95,0.9,1.0,1.0,0.05,500,868,500,1000,2,dynamic_oracle,1,True,1.545748931419233,-0.0,1.6094218235909707,0.00043930038188610493,0.002826153615826943,0.116,9.732932599378533e-05,0.003735197788776956,0.00037774233492324395,,,500,5,0.2801288928508026,0.42151200233715513,0.0,7.813763618469238,0.3181660771369934,868,217,,,,,,0,0,0,
68,pre_update,ipo,transitive,0.95,0.9,1.0,1.0,0.05,500,826,500,1000,2,dynamic_oracle,1,True,1.5457246113677048,-0.0,1.6094212883498087,0.00042225432712551656,0.0027028492582280156,0.122,8.502442551634928e-05,0.0034686223152287643,-0.002786862793050137,,,500,5,0.2706178227440157,0.35806223057763753,0.0,2.6813461780548096,0.8099890351295471,826,207,,,,,,0,0,0,
69,pre_update,ipo,transitive,0.95,0.9,1.0,1.0,0.05,500,862,500,1000,2,dynamic_oracle,1,True,1.545707293666103,-0.0,1.6094204135558514,0.00045324641979455207,0.0017848084858182872,0.124,8.21255229308054e-05,0.0019468428588282904,-0.002958334433372759,,,500,5,0.27140933366241465,0.3520370454202101,9.784707799553871e-06,2.81609845161438,0.29396647214889526,862,216,,,,,,0,0,0,
70,pre_update,ipo,transitive,0.95,0.9,1.0,1.0,0.05,500,849,500,1000,2,dynamic_oracle,1,True,1.5456612649756225,-0.0,1.6094211355094241,0.00047144142386811185,0.0025521447791018656,0.126,9.327466153888716e-05,0.0036199699874732705,-0.006784509988343288,,,500,5,0.25946246144929197,0.34534443561779393,0.0,3.0189168453216553,0.3128884434700012,849,213,,,,,,0,0,0,
71,pre_update,ipo,transitive,0.95,0.9,1.0,1.0,0.05,500,825,500,1000,2,dynamic_oracle,1,True,1.5456729153633757,-0.0,1.6094244482381976,0.00042507015164693394,0.0038942183620331895,0.124,8.614762992992605e-05,0.002612082175046382,0.0015400304250710183,,,500,5,0.25685194915769954,0.41823060608084656,0.0,7.080572128295898,0.019771099090576172,825,207,,,,,,0,0,0,
72,pre_update,ipo,transitive,0.95,0.9,1.0,1.0,0.05,500,847,500,1000,2,dynamic_oracle,1,True,1.54564855305911,-0.0,1.6094245461275873,0.0004567074920846112,0.0031220719196435043,0.128,9.417463763375075e-05,0.008857411365197965,-0.005252419672125111,,,500,5,0.3705467523868247,2.8168898984821764,0.0,81.676513671875,0.36000731587409973,847,212,,,,,,0,0,0,
73,pre_update,ipo,transitive,0.95,0.9,1.0,1.0,0.05,500,838,500,1000,2,dynamic_oracle,1,True,1.5456571211309138,-0.0,1.6094245461275873,0.0004457804192704309,0.0031544451315107247,0.124,8.237704582988875e-05,0.002656167327197867,-0.0006493433517542448,,,500,5,0.2790698532193876,0.39934216563124003,0.0,4.609065532684326,0.043837253004312515,838,210,,,,,,0,0,0,
74,pre_update,ipo,transitive,0.95,0.9,1.0,1.0,0.05,500,864,500,1000,2,dynamic_oracle,1,True,1.545641988639517,-0.0,1.6094237431036733,0.0004662616361923784,0.002627778307871559,0.126,9.00556497895938e-05,0.0023215305388029073,-0.002832920567081662,,,500,5,0.27549468036005675,0.33390528268408476,0.0,2.268761396408081,0.09378999471664429,864,216,,,,,,0,0,0,
75,pre_update,ipo,transitive,0.95,0.9,1.0,1.0,0.05,500,841,500,1000,2,dynamic_oracle,1,True,1.5455738559275327,-0.0,1.6094247345435164,0.00043533334808236245,0.0031086721757363073,0.128,0.00011081357467376013,0.007030407980905373,-0.012751953024790694,,,500,5,0.26080359205105513,0.36721936466702415,9.784707799553871e-06,4.555498123168945,0.0025003051850944757,841,211,,,,,,0,0,0,
76,pre_update,ipo,transitive,0.95,0.9,1.0,1.0,0.05,500,851,500,1000,2,dynamic_oracle,1,True,1.5455322758511414,-0.0,1.6094276883175898,0.0004508031503749409,0.004150925481376796,0.128,0.00010795401824847118,0.006692794842671157,-0.002666424133200435,,,500,5,0.2588262049048075,0.3684075134685293,0.0,6.1566619873046875,0.018901214003562927,851,213,,,,,,0,0,0,
77,pre_update,ipo,transitive,0.95,0.9,1.0,1.0,0.05,500,861,500,1000,2,dynamic_oracle,1,True,1.545524961785756,-0.0,1.6094262113149316,0.0004279171751032347,0.002160580992039335,0.128,8.617950317218304e-05,0.0030601818634472533,-0.0024499974824770685,,,500,5,0.26264712018142433,0.3119015268094992,9.689480066299438e-06,2.5600194931030273,0.43068408966064453,861,216,,,,,,0,0,0,
78,pre_update,ipo,transitive,0.95,0.9,1.0,1.0,0.05,500,866,500,1000,2,dynamic_oracle,1,True,1.5454682132415865,-0.0,1.6094263182609505,0.0004389850071847907,0.0027605134727425318,0.13,9.914653110359314e-05,0.0024897812939786296,-0.010206801570576058,,,500,5,0.275059070420486,0.3520686418703741,0.0,3.610092878341675,0.05419917404651642,866,217,,,,,,0,0,0,
79,pre_update,ipo,transitive,0.95,0.9,1.0,1.0,0.05,500,833,500,1000,2,dynamic_oracle,1,True,1.5455096136525517,-0.0,1.6094238874258213,0.0005023434890158107,0.0036708577120569547,0.134,0.00011985112336651918,0.0035098491030194356,0.00855403707604666,,,500,5,0.27562721959596725,0.36354257534212875,3.2741809263825417e-11,3.399301528930664,0.0438404455780983,833,209,,,,,,0,0,0,
80,pre_update,ipo,transitive,0.95,0.9,1.0,1.0,0.05,0,0,0,1000,2,none_final_snapshot,1,True,1.5455518192250683,-0.0,1.6094233128337891,0.0004191190745073133,0.0035557698140723237,0.128,0.00010971935302738536,0.00506117001767703,0.010173247237917933,,,500,5,,,,,,0,0,0.716,0.7101245471306938,3.7622412109375,0.216831443752976,0.1997841908953496,500,2000,2000,842.1095
