method,alpha,lambda_value,status,wr_0,wr_20,wr_40,wr_60,wr_80
dpo,0.8,0.5,complete,0.4845,0.848,0.885625,0.8925,0.85475
dpo,0.9,0.5,complete,0.486125,0.89375,0.92325,0.930125,0.9155
dpo,0.95,0.5,complete,0.484875,0.907875,0.92725,0.92025,0.869375
dpo,0.99,0.5,complete,0.476375,0.90625,0.92475,0.910875,0.87
dpo,0.8,0.9,complete,0.47725,0.81225,0.8315,0.86,0.859
dpo,0.9,0.9,complete,0.482,0.865125,0.897125,0.9045,0.917625
dpo,0.95,0.9,pending_rerun,,,,,
dpo,0.99,0.9,pending_rerun,,,,,
ipo,0.8,0.5,complete,0.487,0.551125,0.535125,0.5505,0.54775
ipo,0.9,0.5,pending_rerun,,,,,
ipo,0.95,0.5,running,0.479,0.635875,0.704,0.698875,
ipo,0.99,0.5,complete,0.47725,0.67225,0.77575,0.82275,0.844875
ipo,0.8,0.9,complete,0.479125,0.563125,0.554,0.552,0.547
ipo,0.9,0.9,complete,0.477875,0.6095,0.610875,0.6105,0.6195
ipo,0.95,0.9,complete,0.486375,0.649,0.690375,0.7085,0.716
ipo,0.99,0.9,complete,0.487,0.68325,0.778125,0.8145,0.83225
