base_id,method,arm,run_id,alpha,lambda_current,beta_train,nu,kappa,baseline_run_id,status,task_index,existing_run_id,existing_job_id,existing_root,existing_source_commit
center,ipo,ordinary,ipo_center_ordinary_b100_s0,0.9,0.8,0.2,0.0,0.0,ipo_center_ordinary_b100_s0,REUSE_COMPLETED,,ipo_ordinary_b100_s0,4605560_0,/work/users/y/u/yuhe32/ipo_runs/cyclic_history_stage_b100_20260929,f0fe034cc0d8e3bef35b0f5e02806ee81340da76
center,ipo,reference_half,ipo_center_reference_half_b100_s0,0.9,0.8,0.2,0.45,0.0,ipo_center_ordinary_b100_s0,REUSE_COMPLETED,,ipo_reference_b100_s0,4605560_1,/work/users/y/u/yuhe32/ipo_runs/cyclic_history_stage_b100_20260929,f0fe034cc0d8e3bef35b0f5e02806ee81340da76
center,ipo,reference_max,ipo_center_reference_max_b100_s0,0.9,0.8,0.2,0.9,0.0,ipo_center_ordinary_b100_s0,NEW,0,,,,
center,ipo,feedback_half,ipo_center_feedback_half_b100_s0,0.9,0.8,0.2,0.0,0.5,ipo_center_ordinary_b100_s0,REUSE_COMPLETED,,ipo_feedback_b100_s0,4605560_2,/work/users/y/u/yuhe32/ipo_runs/cyclic_history_stage_b100_20260929,f0fe034cc0d8e3bef35b0f5e02806ee81340da76
center,ipo,feedback_one,ipo_center_feedback_one_b100_s0,0.9,0.8,0.2,0.0,1.0,ipo_center_ordinary_b100_s0,NEW,1,,,,
center,dpo,ordinary,dpo_center_ordinary_b100_s0,0.9,0.8,0.8,0.0,0.0,dpo_center_ordinary_b100_s0,REUSE_COMPLETED,,dpo_ordinary_b100_s0,4605560_3,/work/users/y/u/yuhe32/ipo_runs/cyclic_history_stage_b100_20260929,f0fe034cc0d8e3bef35b0f5e02806ee81340da76
center,dpo,reference_half,dpo_center_reference_half_b100_s0,0.9,0.8,0.8,0.45,0.0,dpo_center_ordinary_b100_s0,REUSE_COMPLETED,,dpo_reference_b100_s0,4605560_4,/work/users/y/u/yuhe32/ipo_runs/cyclic_history_stage_b100_20260929,f0fe034cc0d8e3bef35b0f5e02806ee81340da76
center,dpo,reference_max,dpo_center_reference_max_b100_s0,0.9,0.8,0.8,0.9,0.0,dpo_center_ordinary_b100_s0,NEW,2,,,,
center,dpo,feedback_half,dpo_center_feedback_half_b100_s0,0.9,0.8,0.8,0.0,0.5,dpo_center_ordinary_b100_s0,REUSE_COMPLETED,,dpo_feedback_b100_s0,4605560_5,/work/users/y/u/yuhe32/ipo_runs/cyclic_history_stage_b100_20260929,f0fe034cc0d8e3bef35b0f5e02806ee81340da76
center,dpo,feedback_one,dpo_center_feedback_one_b100_s0,0.9,0.8,0.8,0.0,1.0,dpo_center_ordinary_b100_s0,NEW,3,,,,
alpha08,ipo,ordinary,ipo_alpha08_ordinary_b100_s0,0.8,0.8,0.2,0.0,0.0,ipo_alpha08_ordinary_b100_s0,NEW,4,,,,
alpha08,ipo,reference_half,ipo_alpha08_reference_half_b100_s0,0.8,0.8,0.2,0.4,0.0,ipo_alpha08_ordinary_b100_s0,NEW,5,,,,
alpha08,ipo,reference_max,ipo_alpha08_reference_max_b100_s0,0.8,0.8,0.2,0.8,0.0,ipo_alpha08_ordinary_b100_s0,NEW,6,,,,
alpha08,ipo,feedback_half,ipo_alpha08_feedback_half_b100_s0,0.8,0.8,0.2,0.0,0.5,ipo_alpha08_ordinary_b100_s0,NEW,7,,,,
alpha08,ipo,feedback_one,ipo_alpha08_feedback_one_b100_s0,0.8,0.8,0.2,0.0,1.0,ipo_alpha08_ordinary_b100_s0,NEW,8,,,,
alpha08,dpo,ordinary,dpo_alpha08_ordinary_b100_s0,0.8,0.8,0.8,0.0,0.0,dpo_alpha08_ordinary_b100_s0,NEW,9,,,,
alpha08,dpo,reference_half,dpo_alpha08_reference_half_b100_s0,0.8,0.8,0.8,0.4,0.0,dpo_alpha08_ordinary_b100_s0,NEW,10,,,,
alpha08,dpo,reference_max,dpo_alpha08_reference_max_b100_s0,0.8,0.8,0.8,0.8,0.0,dpo_alpha08_ordinary_b100_s0,NEW,11,,,,
alpha08,dpo,feedback_half,dpo_alpha08_feedback_half_b100_s0,0.8,0.8,0.8,0.0,0.5,dpo_alpha08_ordinary_b100_s0,NEW,12,,,,
alpha08,dpo,feedback_one,dpo_alpha08_feedback_one_b100_s0,0.8,0.8,0.8,0.0,1.0,dpo_alpha08_ordinary_b100_s0,NEW,13,,,,
alpha099,ipo,ordinary,ipo_alpha099_ordinary_b100_s0,0.99,0.8,0.2,0.0,0.0,ipo_alpha099_ordinary_b100_s0,NEW,14,,,,
alpha099,ipo,reference_half,ipo_alpha099_reference_half_b100_s0,0.99,0.8,0.2,0.495,0.0,ipo_alpha099_ordinary_b100_s0,NEW,15,,,,
alpha099,ipo,reference_max,ipo_alpha099_reference_max_b100_s0,0.99,0.8,0.2,0.99,0.0,ipo_alpha099_ordinary_b100_s0,NEW,16,,,,
alpha099,ipo,feedback_half,ipo_alpha099_feedback_half_b100_s0,0.99,0.8,0.2,0.0,0.5,ipo_alpha099_ordinary_b100_s0,NEW,17,,,,
alpha099,ipo,feedback_one,ipo_alpha099_feedback_one_b100_s0,0.99,0.8,0.2,0.0,1.0,ipo_alpha099_ordinary_b100_s0,NEW,18,,,,
alpha099,dpo,ordinary,dpo_alpha099_ordinary_b100_s0,0.99,0.8,0.8,0.0,0.0,dpo_alpha099_ordinary_b100_s0,NEW,19,,,,
alpha099,dpo,reference_half,dpo_alpha099_reference_half_b100_s0,0.99,0.8,0.8,0.495,0.0,dpo_alpha099_ordinary_b100_s0,NEW,20,,,,
alpha099,dpo,reference_max,dpo_alpha099_reference_max_b100_s0,0.99,0.8,0.8,0.99,0.0,dpo_alpha099_ordinary_b100_s0,NEW,21,,,,
alpha099,dpo,feedback_half,dpo_alpha099_feedback_half_b100_s0,0.99,0.8,0.8,0.0,0.5,dpo_alpha099_ordinary_b100_s0,NEW,22,,,,
alpha099,dpo,feedback_one,dpo_alpha099_feedback_one_b100_s0,0.99,0.8,0.8,0.0,1.0,dpo_alpha099_ordinary_b100_s0,NEW,23,,,,
coverage05,ipo,ordinary,ipo_coverage05_ordinary_b100_s0,0.9,0.5,0.2,0.0,0.0,ipo_coverage05_ordinary_b100_s0,NEW,24,,,,
coverage05,ipo,reference_half,ipo_coverage05_reference_half_b100_s0,0.9,0.5,0.2,0.45,0.0,ipo_coverage05_ordinary_b100_s0,NEW,25,,,,
coverage05,ipo,reference_max,ipo_coverage05_reference_max_b100_s0,0.9,0.5,0.2,0.9,0.0,ipo_coverage05_ordinary_b100_s0,NEW,26,,,,
coverage05,ipo,feedback_half,ipo_coverage05_feedback_half_b100_s0,0.9,0.5,0.2,0.0,0.5,ipo_coverage05_ordinary_b100_s0,NEW,27,,,,
coverage05,ipo,feedback_one,ipo_coverage05_feedback_one_b100_s0,0.9,0.5,0.2,0.0,1.0,ipo_coverage05_ordinary_b100_s0,NEW,28,,,,
coverage05,dpo,ordinary,dpo_coverage05_ordinary_b100_s0,0.9,0.5,0.8,0.0,0.0,dpo_coverage05_ordinary_b100_s0,NEW,29,,,,
coverage05,dpo,reference_half,dpo_coverage05_reference_half_b100_s0,0.9,0.5,0.8,0.45,0.0,dpo_coverage05_ordinary_b100_s0,NEW,30,,,,
coverage05,dpo,reference_max,dpo_coverage05_reference_max_b100_s0,0.9,0.5,0.8,0.9,0.0,dpo_coverage05_ordinary_b100_s0,NEW,31,,,,
coverage05,dpo,feedback_half,dpo_coverage05_feedback_half_b100_s0,0.9,0.5,0.8,0.0,0.5,dpo_coverage05_ordinary_b100_s0,NEW,32,,,,
coverage05,dpo,feedback_one,dpo_coverage05_feedback_one_b100_s0,0.9,0.5,0.8,0.0,1.0,dpo_coverage05_ordinary_b100_s0,NEW,33,,,,
beta15,ipo,ordinary,ipo_beta15_ordinary_b100_s0,0.9,0.8,0.3,0.0,0.0,ipo_beta15_ordinary_b100_s0,NEW,34,,,,
beta15,ipo,reference_half,ipo_beta15_reference_half_b100_s0,0.9,0.8,0.3,0.45,0.0,ipo_beta15_ordinary_b100_s0,NEW,35,,,,
beta15,ipo,reference_max,ipo_beta15_reference_max_b100_s0,0.9,0.8,0.3,0.9,0.0,ipo_beta15_ordinary_b100_s0,NEW,36,,,,
beta15,ipo,feedback_half,ipo_beta15_feedback_half_b100_s0,0.9,0.8,0.3,0.0,0.5,ipo_beta15_ordinary_b100_s0,NEW,37,,,,
beta15,ipo,feedback_one,ipo_beta15_feedback_one_b100_s0,0.9,0.8,0.3,0.0,1.0,ipo_beta15_ordinary_b100_s0,NEW,38,,,,
beta15,dpo,ordinary,dpo_beta15_ordinary_b100_s0,0.9,0.8,1.2,0.0,0.0,dpo_beta15_ordinary_b100_s0,NEW,39,,,,
beta15,dpo,reference_half,dpo_beta15_reference_half_b100_s0,0.9,0.8,1.2,0.45,0.0,dpo_beta15_ordinary_b100_s0,NEW,40,,,,
beta15,dpo,reference_max,dpo_beta15_reference_max_b100_s0,0.9,0.8,1.2,0.9,0.0,dpo_beta15_ordinary_b100_s0,NEW,41,,,,
beta15,dpo,feedback_half,dpo_beta15_feedback_half_b100_s0,0.9,0.8,1.2,0.0,0.5,dpo_beta15_ordinary_b100_s0,NEW,42,,,,
beta15,dpo,feedback_one,dpo_beta15_feedback_one_b100_s0,0.9,0.8,1.2,0.0,1.0,dpo_beta15_ordinary_b100_s0,NEW,43,,,,
