run_id,method,base_id,arm,alpha,lambda_current,beta_train,nu,kappa,start_step,end_step,tv_mean,tv_mean_ordinary,tv_mean_difference,tv_mean_percent_change,probability_temporal_sd,probability_temporal_sd_ordinary,probability_temporal_sd_difference,probability_temporal_sd_percent_change,mean_max_probability,mean_max_probability_ordinary,mean_max_probability_difference,mean_max_probability_percent_change,leading_response_switches,leading_response_switches_ordinary,leading_response_switches_difference,leading_response_switches_percent_change,relative_entropy_mean,relative_entropy_mean_ordinary,relative_entropy_mean_difference,relative_entropy_mean_percent_change
ipo_center_reference_half_b100_s0,ipo,center,reference_half,0.9,0.8,0.2,0.45,0.0,1,25,0.11334091094461644,0.11341976676382937,-7.88558192129224e-05,-0.06952564042661535,0.14711423334375587,0.15799291011965208,-0.010878676775896212,-6.885547438589179,0.6228883395103103,0.6057640686610927,0.017124270849217638,2.826887848773696,3.8333333333333335,4.333333333333333,-0.49999999999999956,-11.538461538461531,0.8411533045799439,0.8445378581960074,-0.0033845536160634904,-0.4007580694242785
ipo_center_reference_half_b100_s0,ipo,center,reference_half,0.9,0.8,0.2,0.45,0.0,26,50,0.08974686387741049,0.08992974790700319,-0.00018288402959269756,-0.20336321834441007,0.10232961611160223,0.09893481092568905,0.0033948051859131745,3.431355610982112,0.46648824585195037,0.4859594501201034,-0.01947120426815302,-4.006754938779511,5.666666666666667,4.333333333333333,1.333333333333334,30.769230769230795,0.8406643935424808,0.8313232414173272,0.009341152125153629,1.123648619426043
ipo_center_reference_half_b100_s0,ipo,center,reference_half,0.9,0.8,0.2,0.45,0.0,51,75,0.07293210692597545,0.0748697898404859,-0.0019376829145104496,-2.588070460246761,0.06360377103763781,0.08833637360771888,-0.024732602570081072,-27.998209072870427,0.42211106790134023,0.4529252742496778,-0.03081420634833759,-6.803375324855699,4.333333333333333,3.6666666666666665,0.6666666666666665,18.181818181818187,0.873912273335626,0.8145039105693413,0.059408362766284695,7.293809396784612
ipo_center_reference_half_b100_s0,ipo,center,reference_half,0.9,0.8,0.2,0.45,0.0,76,100,0.07906681978672726,0.07740943873226501,0.0016573810544622536,2.141058095246784,0.06802128172060488,0.08924939142042615,-0.021228109699821265,-23.78515904923344,0.4350494848556776,0.46395775994459393,-0.028908275088916302,-6.230798918498214,4.166666666666667,4.333333333333333,-0.16666666666666607,-3.8461538461538325,0.8918749260702538,0.8515472553165931,0.040327670753660616,4.735811254381583
ipo_center_reference_half_b100_s0,ipo,center,reference_half,0.9,0.8,0.2,0.45,0.0,51,100,0.07599946335635135,0.07613961428637545,-0.00014015093002409107,-0.18407097453495558,0.0734088094319636,0.09652819000725936,-0.023119380575295764,-23.950910685839112,0.42858027637850893,0.4584415170971359,-0.029861240718626947,-6.513642330587577,8.5,8.0,0.5,6.25,0.8828935997029399,0.8330255829429672,0.049868016759972655,5.9863727814691625
ipo_center_reference_max_b100_s0,ipo,center,reference_max,0.9,0.8,0.2,0.9,0.0,1,25,0.1558501251141691,0.11341976676382937,0.04243035835033973,37.410020811179436,0.14354212125090196,0.15799291011965208,-0.01445078886875012,-9.146479331133383,0.631050633386109,0.6057640686610927,0.025286564725016336,4.174325621674235,6.0,4.333333333333333,1.666666666666667,38.46153846153848,0.8515159476584766,0.8445378581960074,0.00697808946246925,0.8262612971992711
ipo_center_reference_max_b100_s0,ipo,center,reference_max,0.9,0.8,0.2,0.9,0.0,26,50,0.15653374786761495,0.08992974790700319,0.06660399996061177,74.06225582827976,0.09129489605419061,0.09893481092568905,-0.0076399148714984405,-7.722170588911171,0.44306164706910045,0.4859594501201034,-0.042897803051002936,-8.827444973114707,12.333333333333334,4.333333333333333,8.0,184.61538461538467,0.8246377039947106,0.8313232414173272,-0.006685537422616572,-0.8042043202375004
ipo_center_reference_max_b100_s0,ipo,center,reference_max,0.9,0.8,0.2,0.9,0.0,51,75,0.10081122339781014,0.0748697898404859,0.025941433557324242,34.648732970392814,0.058082791084865554,0.08833637360771888,-0.03025358252285333,-34.248159945078115,0.42516068528415407,0.4529252742496778,-0.02776458896552375,-6.130059536094324,5.666666666666667,3.6666666666666665,2.0000000000000004,54.54545454545456,0.8330110581586908,0.8145039105693413,0.01850714758934946,2.2721987395263543
ipo_center_reference_max_b100_s0,ipo,center,reference_max,0.9,0.8,0.2,0.9,0.0,76,100,0.1035510533669035,0.07740943873226501,0.026141614634638488,33.770577674712435,0.06271923288981436,0.08924939142042615,-0.02653015853061179,-29.72587051673714,0.42863429686705024,0.46395775994459393,-0.03532346307754369,-7.613508411145453,9.333333333333334,4.333333333333333,5.000000000000001,115.38461538461542,0.8415806993555516,0.8515472553165931,-0.009966555961041568,-1.1704055058384455
ipo_center_reference_max_b100_s0,ipo,center,reference_max,0.9,0.8,0.2,0.9,0.0,51,100,0.1021811383823568,0.07613961428637545,0.026041524095981358,34.2023325703152,0.06892175167146912,0.09652819000725936,-0.02760643833579024,-28.599353550205496,0.42689749107560226,0.4584415170971359,-0.03154402602153361,-6.880708846195094,15.0,8.0,7.0,87.5,0.8372958787571211,0.8330255829429672,0.004270295814153835,0.512624810281026
ipo_center_feedback_half_b100_s0,ipo,center,feedback_half,0.9,0.8,0.2,0.0,0.5,1,25,0.11022197873347667,0.11341976676382937,-0.0031977880303526995,-2.81942744337621,0.13875652187971577,0.15799291011965208,-0.019236388239936314,-12.175475611765174,0.5966842356488082,0.6057640686610927,-0.009079833012284433,-1.4989058417336332,4.333333333333333,4.333333333333333,0.0,0.0,0.8692794864405959,0.8445378581960074,0.024741628244588587,2.929605583039052
ipo_center_feedback_half_b100_s0,ipo,center,feedback_half,0.9,0.8,0.2,0.0,0.5,26,50,0.07896678813481212,0.08992974790700319,-0.01096295977219107,-12.190582123646031,0.07727282745901826,0.09893481092568905,-0.021661983466670795,-21.895208839021617,0.4622683368825622,0.4859594501201034,-0.023691113237541195,-4.87512141839942,3.8333333333333335,4.333333333333333,-0.49999999999999956,-11.538461538461531,0.8243465640994505,0.8313232414173272,-0.006976677317876656,-0.8392255828168715
ipo_center_feedback_half_b100_s0,ipo,center,feedback_half,0.9,0.8,0.2,0.0,0.5,51,75,0.0754002992019262,0.0748697898404859,0.0005305093614403067,0.7085759991721341,0.07407668144258223,0.08833637360771888,-0.014259692165136659,-16.142492138584508,0.43635707236390453,0.4529252742496778,-0.016568201885773293,-3.6580431315563877,5.0,3.6666666666666665,1.3333333333333335,36.363636363636374,0.8373675054691256,0.8145039105693413,0.02286359489978429,2.8070577198091806
ipo_center_feedback_half_b100_s0,ipo,center,feedback_half,0.9,0.8,0.2,0.0,0.5,76,100,0.06933161252058244,0.07740943873226501,-0.00807782621168257,-10.43519542832656,0.07386982037985154,0.08924939142042615,-0.015379571040574608,-17.232129873162084,0.43890497266580636,0.46395775994459393,-0.02505278727878757,-5.39979917175637,5.0,4.333333333333333,0.666666666666667,15.384615384615397,0.8603433093855509,0.8515472553165931,0.008796054068957782,1.0329496119023451
ipo_center_feedback_half_b100_s0,ipo,center,feedback_half,0.9,0.8,0.2,0.0,0.5,51,100,0.07236595586125433,0.07613961428637545,-0.003773658425121118,-4.956235279742394,0.08061241798466273,0.09652819000725936,-0.015915772022596628,-16.488211393376062,0.4376310225148554,0.4584415170971359,-0.02081049458228046,-4.539400077474021,10.0,8.0,2.0,25.0,0.8488554074273381,0.8330255829429672,0.01582982448437087,1.9002807126818677
ipo_center_feedback_one_b100_s0,ipo,center,feedback_one,0.9,0.8,0.2,0.0,1.0,1,25,0.10534108701886784,0.11341976676382937,-0.008078679744961528,-7.122814634051866,0.12402474065373827,0.15799291011965208,-0.033968169465913814,-21.499806187625037,0.5657560187285116,0.6057640686610927,-0.04000804993258111,-6.604559762187623,3.3333333333333335,4.333333333333333,-0.9999999999999996,-23.076923076923073,0.8939649424744377,0.8445378581960074,0.049427084278430344,5.852559929522894
ipo_center_feedback_one_b100_s0,ipo,center,feedback_one,0.9,0.8,0.2,0.0,1.0,26,50,0.08676041482365854,0.08992974790700319,-0.003169333083344647,-3.524232144653705,0.07709610792029838,0.09893481092568905,-0.021838703005390675,-22.07383104193118,0.4397607829474792,0.4859594501201034,-0.046198667172624164,-9.506691795211786,6.0,4.333333333333333,1.666666666666667,38.46153846153848,0.8503739095387566,0.8313232414173272,0.019050668121429415,2.291607785312233
ipo_center_feedback_one_b100_s0,ipo,center,feedback_one,0.9,0.8,0.2,0.0,1.0,51,75,0.07893447220506898,0.0748697898404859,0.004064682364583086,5.429001968942493,0.06745517443763004,0.08833637360771888,-0.02088119917008885,-23.63827981304435,0.42993412596480257,0.4529252742496778,-0.02299114828487525,-5.076146020546702,5.166666666666667,3.6666666666666665,1.5000000000000004,40.90909090909092,0.8249653577936478,0.8145039105693413,0.01046144722430642,1.2843949658871257
ipo_center_feedback_one_b100_s0,ipo,center,feedback_one,0.9,0.8,0.2,0.0,1.0,76,100,0.07850210855773145,0.07740943873226501,0.0010926698254664358,1.4115459863307311,0.06937308391476567,0.08924939142042615,-0.01987630750566048,-22.270524414031435,0.4277760972373074,0.46395775994459393,-0.03618166270728651,-7.798482066903533,6.0,4.333333333333333,1.666666666666667,38.46153846153848,0.8628923557729734,0.8515472553165931,0.011345100456380264,1.3322925281653797
ipo_center_feedback_one_b100_s0,ipo,center,feedback_one,0.9,0.8,0.2,0.0,1.0,51,100,0.07871829038140023,0.07613961428637545,0.0025786760950247817,3.3867732575133536,0.07402763667553908,0.09652819000725936,-0.022500553331720283,-23.30982620727493,0.428855111601055,0.4584415170971359,-0.02958640549608088,-6.453692432444336,11.166666666666666,8.0,3.166666666666666,39.58333333333333,0.8439288567833106,0.8330255829429672,0.010903273840343397,1.3088762294458656
dpo_center_reference_half_b100_s0,dpo,center,reference_half,0.9,0.8,0.8,0.45,0.0,1,25,0.11955469431828053,0.12129985785990183,-0.0017451635416212974,-1.438718538019157,0.15695805264183949,0.171247097905849,-0.014289045264009509,-8.344109441122072,0.612105834420071,0.629313088759042,-0.017207254338970968,-2.734291507094244,4.666666666666667,4.666666666666667,0.0,0.0,0.821951499398296,0.8186350268579495,0.0033164725403465045,0.4051222378152586
dpo_center_reference_half_b100_s0,dpo,center,reference_half,0.9,0.8,0.8,0.45,0.0,26,50,0.08756991330295323,0.09424690656566752,-0.006676993262714287,-7.084575511305536,0.10562800829248485,0.11655391040454628,-0.01092590211206143,-9.374118872664827,0.4806385637007167,0.5096332650332259,-0.0289947013325092,-5.689326682907736,4.166666666666667,4.166666666666667,0.0,0.0,0.8283069541248617,0.798741689209232,0.029565264915629608,3.7014801299403377
dpo_center_reference_half_b100_s0,dpo,center,reference_half,0.9,0.8,0.8,0.45,0.0,51,75,0.06960134261554381,0.07864951785430564,-0.009048175238761835,-11.504425564976927,0.060955660380015965,0.09506504083112279,-0.03410938045110682,-35.88004607466592,0.42103805616765727,0.46312455190692553,-0.04208649573926826,-9.087511246375557,5.166666666666667,4.5,0.666666666666667,14.814814814814813,0.8617575465182249,0.81143391797467,0.05032362854355488,6.2018147662796785
dpo_center_reference_half_b100_s0,dpo,center,reference_half,0.9,0.8,0.8,0.45,0.0,76,100,0.07893626766381605,0.07705552869753077,0.0018807389662852808,2.4407579807385726,0.07325378291873015,0.08922160386580676,-0.015967820947076605,-17.8968100271913,0.44621973009660015,0.4616940397218529,-0.015474309625252758,-3.351637295247567,5.166666666666667,4.666666666666667,0.5,10.71428571428572,0.871602468255964,0.8444329438514,0.027169524404563994,3.217487498846938
dpo_center_reference_half_b100_s0,dpo,center,reference_half,0.9,0.8,0.8,0.45,0.0,51,100,0.07426880513967994,0.0778525232759182,-0.0035837181362382564,-4.603213852860177,0.07565958236100007,0.09998932401104149,-0.024329741650041425,-24.332339367905686,0.43362889313212877,0.4624092958143893,-0.02878040268226051,-6.224010404369751,10.333333333333334,9.166666666666666,1.1666666666666679,12.727272727272743,0.8666800073870945,0.827933430913035,0.038746576474059546,4.67991447468552
dpo_center_reference_max_b100_s0,dpo,center,reference_max,0.9,0.8,0.8,0.9,0.0,1,25,0.1615348150833681,0.12129985785990183,0.04023495722346626,33.16983047905677,0.15456907619920568,0.171247097905849,-0.016678021706643315,-9.739155822548785,0.6469145422242123,0.629313088759042,0.01760145346517028,2.7969310951213577,5.5,4.666666666666667,0.833333333333333,17.85714285714286,0.8247766418286809,0.8186350268579495,0.006141614970731402,0.7502262631375434
dpo_center_reference_max_b100_s0,dpo,center,reference_max,0.9,0.8,0.8,0.9,0.0,26,50,0.18150269584591802,0.09424690656566752,0.0872557892802505,92.58212546154405,0.09161064316652012,0.11655391040454628,-0.02494326723802616,-21.400626672627897,0.4565820295065006,0.5096332650332259,-0.053051235526725304,-10.409688528331563,13.0,4.166666666666667,8.833333333333332,211.99999999999997,0.8374261022966162,0.798741689209232,0.03868441308738413,4.843169401322012
dpo_center_reference_max_b100_s0,dpo,center,reference_max,0.9,0.8,0.8,0.9,0.0,51,75,0.12997176487077475,0.07864951785430564,0.051322247016469105,65.25436953286992,0.061331610239200536,0.09506504083112279,-0.03373343059192225,-35.484580132719465,0.43021584993771195,0.46312455190692553,-0.03290870196921358,-7.105799473103136,8.166666666666666,4.5,3.666666666666666,81.48148148148147,0.8297471830936699,0.81143391797467,0.01831326511899989,2.256901605088135
dpo_center_reference_max_b100_s0,dpo,center,reference_max,0.9,0.8,0.8,0.9,0.0,76,100,0.09815283930545728,0.07705552869753077,0.02109731060792651,27.379360007690877,0.06100838665534441,0.08922160386580676,-0.028213217210462348,-31.621508679552857,0.4301524629317331,0.4616940397218529,-0.03154157679011982,-6.831705431831436,7.833333333333333,4.666666666666667,3.166666666666666,67.85714285714283,0.8396759701459886,0.8444329438514,-0.004756973705411394,-0.5633335056440592
dpo_center_reference_max_b100_s0,dpo,center,reference_max,0.9,0.8,0.8,0.9,0.0,51,100,0.11406230208811603,0.0778525232759182,0.036209778812197835,46.510732457400586,0.07170045240262025,0.09998932401104149,-0.028288871608421237,-28.2918920476924,0.43018415643472246,0.4624092958143893,-0.03222513937966681,-6.968964437211911,16.0,9.166666666666666,6.833333333333334,74.54545454545456,0.8347115766198293,0.827933430913035,0.0067781457067943585,0.8186824512351754
dpo_center_feedback_half_b100_s0,dpo,center,feedback_half,0.9,0.8,0.8,0.0,0.5,1,25,0.11077428895127306,0.12129985785990183,-0.010525568908628768,-8.677313472852976,0.14449832844441576,0.171247097905849,-0.02674876946143323,-15.61998409814781,0.5908767678782725,0.629313088759042,-0.03843632088076954,-6.1076627146851585,3.6666666666666665,4.666666666666667,-1.0000000000000004,-21.42857142857144,0.8692157505382251,0.8186350268579495,0.05058072368027555,6.178665952568929
dpo_center_feedback_half_b100_s0,dpo,center,feedback_half,0.9,0.8,0.8,0.0,0.5,26,50,0.08737897236654907,0.09424690656566752,-0.00686793419911845,-7.287172013792453,0.08491393371420485,0.11655391040454628,-0.03163997669034144,-27.146216356467512,0.4599635018395807,0.5096332650332259,-0.049669763193645244,-9.746177614682782,4.833333333333333,4.166666666666667,0.6666666666666661,15.999999999999993,0.8257542099354742,0.798741689209232,0.027012520726242162,3.3818844178504115
dpo_center_feedback_half_b100_s0,dpo,center,feedback_half,0.9,0.8,0.8,0.0,0.5,51,75,0.0750929819616092,0.07864951785430564,-0.003556535892696444,-4.5220059699345505,0.07867518956427655,0.09506504083112279,-0.016389851266846236,-17.24067135884557,0.4409799850311153,0.46312455190692553,-0.022144566875810234,-4.781557528019076,6.0,4.5,1.5,33.33333333333333,0.8212382191243104,0.81143391797467,0.009804301149640371,1.2082685887856215
dpo_center_feedback_half_b100_s0,dpo,center,feedback_half,0.9,0.8,0.8,0.0,0.5,76,100,0.07313895673670576,0.07705552869753077,-0.0039165719608250105,-5.082791627060135,0.07113054807000845,0.08922160386580676,-0.01809105579579831,-20.276541792510315,0.43821584992881046,0.4616940397218529,-0.023478189793042448,-5.085226962684386,4.833333333333333,4.666666666666667,0.16666666666666607,3.5714285714285587,0.8583423513064113,0.8444329438514,0.013909407455011347,1.647189105575575
dpo_center_feedback_half_b100_s0,dpo,center,feedback_half,0.9,0.8,0.8,0.0,0.5,51,100,0.0741159693491575,0.0778525232759182,-0.0037365539267606995,-4.799528351210824,0.08184714687375806,0.09998932401104149,-0.01814217713728343,-18.144114200912142,0.43959791747996285,0.4624092958143893,-0.022811378334426424,-4.933157386953335,10.833333333333334,9.166666666666666,1.6666666666666679,18.181818181818187,0.8397902852153608,0.827933430913035,0.011856854302325859,1.432102371956434
dpo_center_feedback_one_b100_s0,dpo,center,feedback_one,0.9,0.8,0.8,0.0,1.0,1,25,0.11066663908216856,0.12129985785990183,-0.010633218777733267,-8.766060377427943,0.1258120559464638,0.171247097905849,-0.04543504195938519,-26.531860986260458,0.5701983611372052,0.629313088759042,-0.05911472762183678,-9.393532198481136,3.0,4.666666666666667,-1.666666666666667,-35.71428571428572,0.8871229177875319,0.8186350268579495,0.0684878909295824,8.366108055802313
dpo_center_feedback_one_b100_s0,dpo,center,feedback_one,0.9,0.8,0.8,0.0,1.0,26,50,0.08294514073845505,0.09424690656566752,-0.01130176582721247,-11.991657062333228,0.07123661844898894,0.11655391040454628,-0.04531729195555734,-38.880970872848295,0.44975802469011644,0.5096332650332259,-0.05987524034310948,-11.7486915496393,4.666666666666667,4.166666666666667,0.5,11.99999999999999,0.8497443935088455,0.798741689209232,0.0510027042996134,6.385381530555501
dpo_center_feedback_one_b100_s0,dpo,center,feedback_one,0.9,0.8,0.8,0.0,1.0,51,75,0.08449256528748779,0.07864951785430564,0.005843047433182147,7.429222190536633,0.07028624670446994,0.09506504083112279,-0.024778794126652848,-26.065095970106256,0.43529505972723576,0.46312455190692553,-0.027829492179689774,-6.009072951347805,4.5,4.5,0.0,0.0,0.837506652644295,0.81143391797467,0.02607273466962501,3.2131679600850616
dpo_center_feedback_one_b100_s0,dpo,center,feedback_one,0.9,0.8,0.8,0.0,1.0,76,100,0.07443629661326609,0.07705552869753077,-0.0026192320842646777,-3.399148806759933,0.06305941108761916,0.08922160386580676,-0.0261621927781876,-29.322710694078868,0.42001684987324867,0.4616940397218529,-0.041677189848604246,-9.027014919601871,5.833333333333333,4.666666666666667,1.166666666666666,24.99999999999998,0.8675707405475489,0.8444329438514,0.023137796696148905,2.740039557270113
dpo_center_feedback_one_b100_s0,dpo,center,feedback_one,0.9,0.8,0.8,0.0,1.0,51,100,0.07946443095037693,0.0778525232759182,0.0016119076744587346,2.0704629813294018,0.07103757862065839,0.09998932401104149,-0.028951745390383102,-28.954836605542067,0.4276559548002423,0.4624092958143893,-0.034753341014146955,-7.5157098546083105,10.333333333333334,9.166666666666666,1.1666666666666679,12.727272727272743,0.852538696595922,0.827933430913035,0.024605265682887012,2.971889377114856
ipo_alpha08_reference_half_b100_s0,ipo,alpha08,reference_half,0.8,0.8,0.2,0.4,0.0,1,25,0.09423574871163078,0.09762849739964358,-0.0033927486880128005,-3.4751622511657976,0.10395840034184939,0.11260395366927771,-0.00864555332742832,-7.677841714883882,0.6120459419481254,0.5948379227086451,0.017208019239480343,2.892892094223276,3.5,2.8333333333333335,0.6666666666666665,23.529411764705866,0.9427382835302117,0.9252040142203072,0.017534269309904538,1.8951786892841271
ipo_alpha08_reference_half_b100_s0,ipo,alpha08,reference_half,0.8,0.8,0.2,0.4,0.0,26,50,0.08209403424863237,0.08434278780293374,-0.002248753554301361,-2.6662072868110065,0.0643980430660064,0.0854545645625429,-0.0210565214965365,-24.640604752161078,0.4667924321140345,0.47664166719974693,-0.009849235085712449,-2.0663814692442606,4.5,4.5,0.0,0.0,0.914632004216018,0.8964997450421169,0.018132259173901044,2.0225615538852493
ipo_alpha08_reference_half_b100_s0,ipo,alpha08,reference_half,0.8,0.8,0.2,0.4,0.0,51,75,0.07305639155605785,0.07676509927389218,-0.0037087077178343253,-4.831242000485048,0.05272184607994427,0.06840245311394556,-0.015680607034001294,-22.924041931479223,0.4511079397873954,0.4672246063379213,-0.016116666550525904,-3.4494472962045775,5.0,5.0,0.0,0.0,0.8984361048172212,0.8760279858143903,0.022408119002830906,2.557922733712603
ipo_alpha08_reference_half_b100_s0,ipo,alpha08,reference_half,0.8,0.8,0.2,0.4,0.0,76,100,0.08621978050264974,0.08446333995517456,0.0017564405474751743,2.0795300640577663,0.0650345036271797,0.08426489514258208,-0.019230391515402373,-22.821355776759955,0.4528632047333474,0.48312168912004005,-0.030258484386692652,-6.263118603059525,6.333333333333333,5.666666666666667,0.6666666666666661,11.76470588235292,0.8989728123821314,0.9010997904276303,-0.002126978045498884,-0.23604245257781153
ipo_alpha08_reference_half_b100_s0,ipo,alpha08,reference_half,0.8,0.8,0.2,0.4,0.0,51,100,0.0796380860293538,0.08061421961453337,-0.0009761335851795755,-1.2108702284126527,0.06626419039705644,0.08352242715361662,-0.017258236756560172,-20.662997166998487,0.4519855722603714,0.4751731477289807,-0.023187575468609334,-4.879816037465689,11.333333333333334,10.666666666666666,0.6666666666666679,6.250000000000022,0.8987044585996764,0.8885638881210102,0.010140570478666233,1.1412314425820025
ipo_alpha08_reference_max_b100_s0,ipo,alpha08,reference_max,0.8,0.8,0.2,0.8,0.0,1,25,0.12863346007912654,0.09762849739964358,0.031004962679482967,31.75810701312316,0.10292223017998343,0.11260395366927771,-0.009681723489294275,-8.598031573322796,0.6301869063609291,0.5948379227086451,0.035348983652284005,5.942624419660292,4.166666666666667,2.8333333333333335,1.3333333333333335,47.058823529411775,0.9295233662493135,0.9252040142203072,0.004319352029006351,0.46685400869628246
ipo_alpha08_reference_max_b100_s0,ipo,alpha08,reference_max,0.8,0.8,0.2,0.8,0.0,26,50,0.12619163661386953,0.08434278780293374,0.0418488488109358,49.617578338429254,0.06557056090227069,0.0854545645625429,-0.01988400366027221,-23.26850971865805,0.47266086919930395,0.47664166719974693,-0.003980798000442987,-0.8351762496615178,8.833333333333334,4.5,4.333333333333334,96.2962962962963,0.9111921656321224,0.8964997450421169,0.014692420590005417,1.6388650048433817
ipo_alpha08_reference_max_b100_s0,ipo,alpha08,reference_max,0.8,0.8,0.2,0.8,0.0,51,75,0.09801512460726729,0.07676509927389218,0.02125002533337511,27.68188347878846,0.050646798402546406,0.06840245311394556,-0.017755654711399158,-25.957628568995318,0.4486296304644843,0.4672246063379213,-0.018594975873437003,-3.9798794030099005,9.0,5.0,4.0,80.0,0.8952919067882276,0.8760279858143903,0.019263920973837223,2.199007484438842
ipo_alpha08_reference_max_b100_s0,ipo,alpha08,reference_max,0.8,0.8,0.2,0.8,0.0,76,100,0.11010941063312633,0.08446333995517456,0.02564607067795177,30.363552627166257,0.059357118411938144,0.08426489514258208,-0.024907776730643934,-29.558900759916973,0.4450950990034608,0.48312168912004005,-0.03802659011657927,-7.8710169658996465,9.166666666666666,5.666666666666667,3.499999999999999,61.76470588235292,0.9120534576621493,0.9010997904276303,0.01095366723451896,1.215588700705461
ipo_alpha08_reference_max_b100_s0,ipo,alpha08,reference_max,0.8,0.8,0.2,0.8,0.0,51,100,0.10406226762019681,0.08061421961453337,0.02344804800566344,29.08673943354301,0.06127559721339305,0.08352242715361662,-0.02224682994022357,-26.63575604586612,0.4468623647339725,0.4751731477289807,-0.02831078299500822,-5.95799302429344,18.166666666666668,10.666666666666666,7.500000000000002,70.31250000000003,0.9036726822251885,0.8885638881210102,0.015108794104178314,1.7003610326915108
ipo_alpha08_feedback_half_b100_s0,ipo,alpha08,feedback_half,0.8,0.8,0.2,0.0,0.5,1,25,0.09707625741281452,0.09762849739964358,-0.000552239986829059,-0.5656544979571465,0.10391250584949187,0.11260395366927771,-0.008691447819785841,-7.718599157994898,0.5974569330290777,0.5948379227086451,0.0026190103204325466,0.44028973615310996,4.0,2.8333333333333335,1.1666666666666665,41.17647058823528,0.9508747647993655,0.9252040142203072,0.02567075057905832,2.7746043234250006
ipo_alpha08_feedback_half_b100_s0,ipo,alpha08,feedback_half,0.8,0.8,0.2,0.0,0.5,26,50,0.08596614741022922,0.08434278780293374,0.0016233596072954826,1.9247165638969,0.0771829287927271,0.0854545645625429,-0.008271635769815794,-9.679571608795579,0.47970373675278877,0.47664166719974693,0.003062069553041835,0.6424259068728455,5.5,4.5,1.0,22.222222222222232,0.9094509851146538,0.8964997450421169,0.012951240072536896,1.444645148441004
ipo_alpha08_feedback_half_b100_s0,ipo,alpha08,feedback_half,0.8,0.8,0.2,0.0,0.5,51,75,0.07798113464168488,0.07676509927389218,0.0012160353677927033,1.5840992577290658,0.061269183946061796,0.06840245311394556,-0.007133269167883767,-10.42838208741006,0.4581247586881112,0.4672246063379213,-0.009099847649810089,-1.9476387857938704,5.166666666666667,5.0,0.16666666666666696,3.3333333333333437,0.881321426537346,0.8760279858143903,0.005293440722955678,0.6042547508382068
ipo_alpha08_feedback_half_b100_s0,ipo,alpha08,feedback_half,0.8,0.8,0.2,0.0,0.5,76,100,0.08500225975673566,0.08446333995517456,0.0005389198015610941,0.638051729717426,0.07514188278901894,0.08426489514258208,-0.009123012353563137,-10.826587202329463,0.4650812804888436,0.48312168912004005,-0.018040408631196436,-3.734133456946487,7.166666666666667,5.666666666666667,1.5,26.470588235294112,0.8963706795243853,0.9010997904276303,-0.004729110903245015,-0.5248154481315215
ipo_alpha08_feedback_half_b100_s0,ipo,alpha08,feedback_half,0.8,0.8,0.2,0.0,0.5,51,100,0.08149169719921026,0.08061421961453337,0.0008774775846768917,1.0884898332734094,0.07474023832115573,0.08352242715361662,-0.008782188832460888,-10.514767268806091,0.46160301958847744,0.4751731477289807,-0.01357012814050329,-2.8558280713798068,12.333333333333334,10.666666666666666,1.6666666666666679,15.625000000000021,0.8888460530308656,0.8885638881210102,0.0002821649098554424,0.031755162867597164
ipo_alpha08_feedback_one_b100_s0,ipo,alpha08,feedback_one,0.8,0.8,0.2,0.0,1.0,1,25,0.10260415804049462,0.09762849739964358,0.004975660640851046,5.096524860444296,0.10080684663284495,0.11260395366927771,-0.01179710703643276,-10.476636611784818,0.5855828317993861,0.5948379227086451,-0.009255090909259023,-1.5559012893991642,4.5,2.8333333333333335,1.6666666666666665,58.823529411764696,0.9611749704916356,0.9252040142203072,0.0359709562713284,3.88789453120153
ipo_alpha08_feedback_one_b100_s0,ipo,alpha08,feedback_one,0.8,0.8,0.2,0.0,1.0,26,50,0.09337745135350817,0.08434278780293374,0.009034663550574432,10.711838896864379,0.07057945469066189,0.0854545645625429,-0.01487510987188101,-17.407039574807193,0.4772194342148616,0.47664166719974693,0.0005777670151146941,0.12121622066929572,6.0,4.5,1.5,33.33333333333333,0.9171771706097595,0.8964997450421169,0.020677425567642516,2.3064619574064693
ipo_alpha08_feedback_one_b100_s0,ipo,alpha08,feedback_one,0.8,0.8,0.2,0.0,1.0,51,75,0.08604148771874377,0.07676509927389218,0.009276388444851597,12.084122254247509,0.056989796315928674,0.06840245311394556,-0.011412656798016889,-16.684572377843754,0.43865702008015656,0.4672246063379213,-0.028567586257764732,-6.1143154427751085,7.166666666666667,5.0,2.166666666666667,43.333333333333336,0.8822235978645457,0.8760279858143903,0.006195612050155397,0.7072390551993379
ipo_alpha08_feedback_one_b100_s0,ipo,alpha08,feedback_one,0.8,0.8,0.2,0.0,1.0,76,100,0.09439395490090925,0.08446333995517456,0.00993061494573469,11.757307905423776,0.07382583834514181,0.08426489514258208,-0.010439056797440269,-12.388381638375812,0.4654501693402245,0.48312168912004005,-0.01767151977981557,-3.657778190832739,5.5,5.666666666666667,-0.16666666666666696,-2.941176470588236,0.8980136251552486,0.9010997904276303,-0.0030861652723817024,-0.34248873489550746
ipo_alpha08_feedback_one_b100_s0,ipo,alpha08,feedback_one,0.8,0.8,0.2,0.0,1.0,51,100,0.09021772130982653,0.08061421961453337,0.009603501695293157,11.912912810188402,0.07271125503338417,0.08352242715361662,-0.010811172120232443,-12.944034900169099,0.45205359471019063,0.4751731477289807,-0.023119553018790095,-4.865500739948492,12.666666666666666,10.666666666666666,2.0,18.75,0.8901186115098971,0.8885638881210102,0.0015547233888869583,0.17497035493696522
dpo_alpha08_reference_half_b100_s0,dpo,alpha08,reference_half,0.8,0.8,0.8,0.4,0.0,1,25,0.10314511295961837,0.1063971318851112,-0.0032520189254928306,-3.056491155235652,0.10985687005679447,0.12096550951775555,-0.011108639460961078,-9.183311429222341,0.614036884389996,0.6019018867851201,0.012134997604875908,2.0161089159715706,4.166666666666667,3.0,1.166666666666667,38.88888888888891,0.9306712170555228,0.9151627176150264,0.01550849944049637,1.6946166121050599
dpo_alpha08_reference_half_b100_s0,dpo,alpha08,reference_half,0.8,0.8,0.8,0.4,0.0,26,50,0.0829583961343248,0.08688589364822563,-0.003927497513900827,-4.5202936276423245,0.06512354270257102,0.08233293017016104,-0.017209387467590015,-20.902192393763496,0.4615703392972103,0.47471024436793563,-0.013139905070725322,-2.7679843076107935,5.0,5.5,-0.5,-9.090909090909093,0.9120946302004705,0.8883930780377821,0.023701552162688433,2.667912745902834
dpo_alpha08_reference_half_b100_s0,dpo,alpha08,reference_half,0.8,0.8,0.8,0.4,0.0,51,75,0.07369452516576526,0.07640647940673537,-0.0027119542409701075,-3.549377306777257,0.05304166326201826,0.06737352872824544,-0.014331865466227181,-21.27225000197851,0.44380358565049693,0.4584054224562408,-0.01460183680574384,-3.1853542934775714,6.166666666666667,5.5,0.666666666666667,12.121212121212132,0.8856188621123872,0.8798950271405812,0.005723834971805952,0.650513390262808
dpo_alpha08_reference_half_b100_s0,dpo,alpha08,reference_half,0.8,0.8,0.8,0.4,0.0,76,100,0.08291258462410424,0.08620778139773921,-0.0032951967736349758,-3.8223890235985047,0.06610551395129396,0.08393303981006595,-0.01782752585877198,-21.240176573032876,0.44415250388558736,0.4699899314258966,-0.025837427540309266,-5.497442777533856,6.833333333333333,5.0,1.833333333333333,36.66666666666667,0.9005134673398946,0.894250642998694,0.0062628243412006235,0.7003432863295966
dpo_alpha08_reference_half_b100_s0,dpo,alpha08,reference_half,0.8,0.8,0.8,0.4,0.0,51,100,0.07830355489493475,0.08130713040223729,-0.0030035755073025416,-3.694110826988295,0.06642036025867236,0.08319315012034527,-0.01677278986167291,-20.161263081647686,0.4439780447680422,0.46419767694106867,-0.02021963217302647,-4.355823645277191,13.0,10.5,2.5,23.809523809523814,0.893066164726141,0.8870728350696373,0.0059933296565036764,0.6756299392296494
dpo_alpha08_reference_max_b100_s0,dpo,alpha08,reference_max,0.8,0.8,0.8,0.8,0.0,1,25,0.14135408795051016,0.1063971318851112,0.03495695606539896,32.855167659167606,0.11014098660651173,0.12096550951775555,-0.01082452291124382,-8.948437413604227,0.617047691351927,0.6019018867851201,0.01514580456680692,2.516324487318644,4.666666666666667,3.0,1.666666666666667,55.55555555555556,0.9216687241093148,0.9151627176150264,0.006506006494288341,0.7109125370888592
dpo_alpha08_reference_max_b100_s0,dpo,alpha08,reference_max,0.8,0.8,0.8,0.8,0.0,26,50,0.12384930342292577,0.08688589364822563,0.03696340977470014,42.54247521968717,0.06620617004103803,0.08233293017016104,-0.016126760129123008,-19.587253964839014,0.4670324364576826,0.47471024436793563,-0.0076778079102530206,-1.6173672258697147,6.166666666666667,5.5,0.666666666666667,12.121212121212132,0.9019505526173841,0.8883930780377821,0.013557474579601991,1.5260671109174728
dpo_alpha08_reference_max_b100_s0,dpo,alpha08,reference_max,0.8,0.8,0.8,0.8,0.0,51,75,0.09271873417306409,0.07640647940673537,0.01631225476632872,21.34930819085843,0.04712786891273616,0.06737352872824544,-0.020245659815509277,-30.049872995625893,0.43343896128850834,0.4584054224562408,-0.024966461167732434,-5.44637125668288,8.5,5.5,3.0,54.54545454545454,0.8969992830201808,0.8798950271405812,0.017104255879599628,1.9438973232049905
dpo_alpha08_reference_max_b100_s0,dpo,alpha08,reference_max,0.8,0.8,0.8,0.8,0.0,76,100,0.10617261710518378,0.08620778139773921,0.01996483570744456,23.158971711999232,0.05810695321536687,0.08393303981006595,-0.025826086594699073,-30.769869235215996,0.4364941481962334,0.4699899314258966,-0.033495783229663234,-7.1269150656144475,8.333333333333334,5.0,3.333333333333334,66.66666666666667,0.9020190540581522,0.894250642998694,0.007768411059458247,0.8687062313322391
dpo_alpha08_reference_max_b100_s0,dpo,alpha08,reference_max,0.8,0.8,0.8,0.8,0.0,51,100,0.09944567563912392,0.08130713040223729,0.018138545236886627,22.308677169090597,0.05891436477171783,0.08319315012034527,-0.024278785348627437,-29.18363508715118,0.43496655474237084,0.46419767694106867,-0.029231122198697834,-6.297128066500168,16.833333333333332,10.5,6.333333333333332,60.3174603174603,0.8995091685391666,0.8870728350696373,0.012436333469529326,1.4019517877078336
dpo_alpha08_feedback_half_b100_s0,dpo,alpha08,feedback_half,0.8,0.8,0.8,0.0,0.5,1,25,0.10680538876367353,0.1063971318851112,0.00040825687856232973,0.3837104171221073,0.11501107537651382,0.12096550951775555,-0.005954434141241721,-4.9224230650371625,0.5912492935862015,0.6019018867851201,-0.010652593198918647,-1.769822197404347,3.8333333333333335,3.0,0.8333333333333335,27.77777777777779,0.9318213205157327,0.9151627176150264,0.01665860290070631,1.8202886306513566
dpo_alpha08_feedback_half_b100_s0,dpo,alpha08,feedback_half,0.8,0.8,0.8,0.0,0.5,26,50,0.08167383434106078,0.08688589364822563,-0.005212059307164854,-5.998740518532141,0.07021091953064283,0.08233293017016104,-0.012122010639518205,-14.72316194075095,0.469058863885179,0.47471024436793563,-0.005651380482756652,-1.190490525495469,5.166666666666667,5.5,-0.33333333333333304,-6.060606060606055,0.9119935807417919,0.8883930780377821,0.023600502704009818,2.6565383373018614
dpo_alpha08_feedback_half_b100_s0,dpo,alpha08,feedback_half,0.8,0.8,0.8,0.0,0.5,51,75,0.08260540221021832,0.07640647940673537,0.006198922803482956,8.113085240433815,0.06670146960861723,0.06737352872824544,-0.0006720591196282127,-0.9975121272614351,0.46006117073492386,0.4584054224562408,0.001655748278683089,0.3611973588382167,4.666666666666667,5.5,-0.833333333333333,-15.151515151515149,0.8867911498736397,0.8798950271405812,0.006896122733058507,0.7837438012883169
dpo_alpha08_feedback_half_b100_s0,dpo,alpha08,feedback_half,0.8,0.8,0.8,0.0,0.5,76,100,0.08453170786411274,0.08620778139773921,-0.0016760735336264765,-1.944225343062167,0.07816707880895755,0.08393303981006595,-0.005765961001108391,-6.869715447166358,0.4631184097554411,0.4699899314258966,-0.006871521670455516,-1.4620572082487127,4.833333333333333,5.0,-0.16666666666666696,-3.3333333333333437,0.8970685741822043,0.894250642998694,0.0028179311835103693,0.315116483904454
dpo_alpha08_feedback_half_b100_s0,dpo,alpha08,feedback_half,0.8,0.8,0.8,0.0,0.5,51,100,0.08356855503716554,0.08130713040223729,0.002261424634928247,2.7813361801611647,0.07861970472146423,0.08319315012034527,-0.004573445398881035,-5.497382166999564,0.46158979024518243,0.46419767694106867,-0.0026078866958862412,-0.561805201842347,9.5,10.5,-1.0,-9.523809523809524,0.8919298620279221,0.8870728350696373,0.004857026958284827,0.5475341782846366
dpo_alpha08_feedback_one_b100_s0,dpo,alpha08,feedback_one,0.8,0.8,0.8,0.0,1.0,1,25,0.11084453129899495,0.1063971318851112,0.004447399413883751,4.1799993431083315,0.10745153234863832,0.12096550951775555,-0.01351397716911723,-11.171760630771887,0.5789503606046457,0.6019018867851201,-0.02295152618047447,-3.8131673424489865,4.5,3.0,1.5,50.0,0.9494803712944876,0.9151627176150264,0.03431765367946116,3.749896386611473
dpo_alpha08_feedback_one_b100_s0,dpo,alpha08,feedback_one,0.8,0.8,0.8,0.0,1.0,26,50,0.09487047169771758,0.08688589364822563,0.007984578049491944,9.189728866482128,0.06852524572281915,0.08233293017016104,-0.013807684447341886,-16.770549060752415,0.46894908518786416,0.47471024436793563,-0.005761159180071473,-1.213615936968515,6.833333333333333,5.5,1.333333333333333,24.242424242424242,0.9134996456335394,0.8883930780377821,0.025106567595757245,2.8260651975374307
dpo_alpha08_feedback_one_b100_s0,dpo,alpha08,feedback_one,0.8,0.8,0.8,0.0,1.0,51,75,0.09401831568167318,0.07640647940673537,0.017611836274937814,23.05018685808642,0.060307952464411806,0.06737352872824544,-0.0070655762638336325,-10.48716966025781,0.4462196569550816,0.4584054224562408,-0.012185765501159185,-2.6582943621969113,8.333333333333334,5.5,2.833333333333334,51.51515151515154,0.8827498049285788,0.8798950271405812,0.0028547777879975866,0.32444526903110393
dpo_alpha08_feedback_one_b100_s0,dpo,alpha08,feedback_one,0.8,0.8,0.8,0.0,1.0,76,100,0.09685778689579921,0.08620778139773921,0.01065000549806,12.353879574888694,0.07069429707623219,0.08393303981006595,-0.013238742733833755,-15.77298137156955,0.451495961636909,0.4699899314258966,-0.018493969788987596,-3.9349714860654528,6.666666666666667,5.0,1.666666666666667,33.33333333333335,0.901411016056015,0.894250642998694,0.00716037305732109,0.800712094912237
dpo_alpha08_feedback_one_b100_s0,dpo,alpha08,feedback_one,0.8,0.8,0.8,0.0,1.0,51,100,0.09543805128873621,0.08130713040223729,0.014130920886498921,17.37968222047852,0.06972574447444309,0.08319315012034527,-0.01346740564590218,-16.188118404484676,0.44885780929599534,0.46419767694106867,-0.015339867645073335,-3.304598107030332,15.0,10.5,4.5,42.85714285714286,0.892080410492297,0.8870728350696373,0.005007575422659727,0.5645055540751232
ipo_alpha099_reference_half_b100_s0,ipo,alpha099,reference_half,0.99,0.8,0.2,0.495,0.0,1,25,0.11617435180371376,0.12036611182986456,-0.0041917600261508065,-3.4825084589222177,0.19498035551523538,0.24722124822670566,-0.05224089271147028,-21.131230865546225,0.6907147435267262,0.6971956012582995,-0.006480857731573253,-0.9295609036942598,2.5,3.3333333333333335,-0.8333333333333335,-25.0,0.6901138098344094,0.6341647081849618,0.05594910164944755,8.822487427529513
ipo_alpha099_reference_half_b100_s0,ipo,alpha099,reference_half,0.99,0.8,0.2,0.495,0.0,26,50,0.10137418790522135,0.0879324230284201,0.013441764876801252,15.28647160383243,0.2041030927739744,0.2531935248185356,-0.04909043204456118,-19.388502166374277,0.6899671165995107,0.7703550000248609,-0.08038788342535019,-10.435173838393453,3.6666666666666665,2.6666666666666665,1.0,37.5,0.565178278696977,0.4599508522604016,0.1052274264365754,22.877971835347477
ipo_alpha099_reference_half_b100_s0,ipo,alpha099,reference_half,0.99,0.8,0.2,0.495,0.0,51,75,0.06489136529896089,0.08991616861289564,-0.02502480331393475,-27.83126071760328,0.1411397201260192,0.20054960557793303,-0.059409885451913835,-29.62353642167963,0.7215002913636498,0.6977794050270233,0.0237208863366265,3.399482152344091,1.5,3.5,-2.0,-57.14285714285714,0.5937227707896197,0.5034966460199052,0.09022612476971448,17.91990581922318
ipo_alpha099_reference_half_b100_s0,ipo,alpha099,reference_half,0.99,0.8,0.2,0.495,0.0,76,100,0.05947283884531279,0.06654892865011298,-0.0070760898048001925,-10.632913178818216,0.1200380967660431,0.16371233790724085,-0.04367424114119775,-26.67742804207188,0.6218246100378194,0.7271047123447195,-0.1052801023069001,-14.479359096353505,2.3333333333333335,2.1666666666666665,0.16666666666666696,7.692307692307709,0.5241546693830254,0.35341609265392276,0.1707385767291026,48.31092309548441
ipo_alpha099_reference_half_b100_s0,ipo,alpha099,reference_half,0.99,0.8,0.2,0.495,0.0,51,100,0.062182102072136834,0.07823254863150429,-0.016050446559367458,-20.51632835710012,0.1779872664322906,0.22202910754168795,-0.04404184110939735,-19.83606635951014,0.6716624507007345,0.7124420586858715,-0.04077960798513702,-5.723919227951912,3.8333333333333335,5.666666666666667,-1.8333333333333335,-32.35294117647059,0.5589387200863225,0.42845636933691406,0.13048235074940845,30.454057889568787
ipo_alpha099_reference_max_b100_s0,ipo,alpha099,reference_max,0.99,0.8,0.2,0.99,0.0,1,25,0.1412432654132501,0.12036611182986456,0.020877153583385544,17.344710455460287,0.1799252444828704,0.24722124822670566,-0.06729600374383526,-27.220962690926875,0.680514724190444,0.6971956012582995,-0.016680877067855482,-2.3925677439372572,4.166666666666667,3.3333333333333335,0.8333333333333335,25.0,0.7557661591114474,0.6341647081849618,0.12160145092648555,19.175058049906333
ipo_alpha099_reference_max_b100_s0,ipo,alpha099,reference_max,0.99,0.8,0.2,0.99,0.0,26,50,0.2174806544853478,0.0879324230284201,0.12954823145692773,147.32703477880648,0.17432531414664157,0.2531935248185356,-0.078868210671894,-31.14937900896915,0.7370155084682631,0.7703550000248609,-0.03333949155659777,-4.3278088096425416,5.833333333333333,2.6666666666666665,3.1666666666666665,118.75,0.41665581072984376,0.4599508522604016,-0.043295041530557854,-9.412971259382797
ipo_alpha099_reference_max_b100_s0,ipo,alpha099,reference_max,0.99,0.8,0.2,0.99,0.0,51,75,0.19150093488041486,0.08991616861289564,0.10158476626751922,112.97719624248992,0.16184256017618356,0.20054960557793303,-0.03870704540174946,-19.300484431373267,0.6725502694721318,0.6977794050270233,-0.02522913555489148,-3.6156320139477893,6.333333333333333,3.5,2.833333333333333,80.95238095238095,0.7139624284309837,0.5034966460199052,0.2104657824110785,41.800831063084765
ipo_alpha099_reference_max_b100_s0,ipo,alpha099,reference_max,0.99,0.8,0.2,0.99,0.0,76,100,0.1566489894137236,0.06654892865011298,0.09010006076361061,135.38919797991014,0.12581521074529925,0.16371233790724085,-0.0378971271619416,-23.148607885261562,0.6897343065360775,0.7271047123447195,-0.03737040580864204,-5.139618155978165,3.5,2.1666666666666665,1.3333333333333335,61.53846153846154,0.5059924899096319,0.35341609265392276,0.1525763972557091,43.171887309929936
ipo_alpha099_reference_max_b100_s0,ipo,alpha099,reference_max,0.99,0.8,0.2,0.99,0.0,51,100,0.17407496214706922,0.07823254863150429,0.09584241351556493,122.50963977539283,0.20777330595503885,0.22202910754168795,-0.014255801586649103,-6.420690397078888,0.6811422880041045,0.7124420586858715,-0.031299770681767036,-4.393307539914293,9.833333333333334,5.666666666666667,4.166666666666667,73.52941176470588,0.6099774591703079,0.42845636933691406,0.18152108983339382,42.366295105921466
ipo_alpha099_feedback_half_b100_s0,ipo,alpha099,feedback_half,0.99,0.8,0.2,0.0,0.5,1,25,0.11491388011215105,0.12036611182986456,-0.0054522317177135154,-4.529706604978778,0.21244450063974496,0.24722124822670566,-0.0347767475869607,-14.067054444717431,0.6532901205069749,0.6971956012582995,-0.04390548075132461,-6.297440871985415,3.1666666666666665,3.3333333333333335,-0.16666666666666696,-5.000000000000004,0.7379336014068935,0.6341647081849618,0.10376889322193161,16.363082316410793
ipo_alpha099_feedback_half_b100_s0,ipo,alpha099,feedback_half,0.99,0.8,0.2,0.0,0.5,26,50,0.07660179075978843,0.0879324230284201,-0.011330632268631666,-12.885613609179813,0.12327788440199146,0.2531935248185356,-0.12991564041654413,-51.31080682638112,0.5619095369535109,0.7703550000248609,-0.20844546307135003,-27.0583643988321,3.5,2.6666666666666665,0.8333333333333335,31.25,0.6665011990878095,0.4599508522604016,0.20655034682740786,44.907047310017624
ipo_alpha099_feedback_half_b100_s0,ipo,alpha099,feedback_half,0.99,0.8,0.2,0.0,0.5,51,75,0.05505894596255149,0.08991616861289564,-0.034857222650344154,-38.76635669432314,0.10215219323785905,0.20054960557793303,-0.09839741234007397,-49.06387726693235,0.590168222126657,0.6977794050270233,-0.10761118290036631,-15.421948845881861,2.0,3.5,-1.5,-42.85714285714286,0.5825709647061209,0.5034966460199052,0.07907431868621573,15.705033849041694
ipo_alpha099_feedback_half_b100_s0,ipo,alpha099,feedback_half,0.99,0.8,0.2,0.0,0.5,76,100,0.03622025814724666,0.06654892865011298,-0.030328670502866327,-45.57349174217673,0.05140021804564059,0.16371233790724085,-0.11231211986160025,-68.6033327098634,0.5739687660711127,0.7271047123447195,-0.15313594627360683,-21.06105814935294,2.0,2.1666666666666665,-0.16666666666666652,-7.692307692307687,0.49401679032294094,0.35341609265392276,0.14060069766901817,39.783332052934895
ipo_alpha099_feedback_half_b100_s0,ipo,alpha099,feedback_half,0.99,0.8,0.2,0.0,0.5,51,100,0.04563960205489908,0.07823254863150429,-0.03259294657660521,-41.661619296242655,0.09757283660002765,0.22202910754168795,-0.1244562709416603,-56.05403377946404,0.582068494098885,0.7124420586858715,-0.13037356458698657,-18.29953229143517,4.0,5.666666666666667,-1.666666666666667,-29.41176470588236,0.5382938775145308,0.42845636933691406,0.10983750817761678,25.63563434652707
ipo_alpha099_feedback_one_b100_s0,ipo,alpha099,feedback_one,0.99,0.8,0.2,0.0,1.0,1,25,0.10884949871542475,0.12036611182986456,-0.011516613114439814,-9.56798632053376,0.16270221745651084,0.24722124822670566,-0.08451903077019482,-34.18760781140041,0.5709128950641614,0.6971956012582995,-0.12628270619413806,-18.11295222835928,3.8333333333333335,3.3333333333333335,0.5,14.999999999999991,0.7683938174767823,0.6341647081849618,0.13422910929182041,21.16628496656594
ipo_alpha099_feedback_one_b100_s0,ipo,alpha099,feedback_one,0.99,0.8,0.2,0.0,1.0,26,50,0.04217381036388516,0.0879324230284201,-0.04575861266453494,-52.038384805733806,0.049102218195303936,0.2531935248185356,-0.20409130662323163,-80.6068428367212,0.5284383853762983,0.7703550000248609,-0.24191661464856262,-31.403264032914112,2.5,2.6666666666666665,-0.16666666666666652,-6.25,0.5688474346449323,0.4599508522604016,0.10889658238453065,23.675699664293415
ipo_alpha099_feedback_one_b100_s0,ipo,alpha099,feedback_one,0.99,0.8,0.2,0.0,1.0,51,75,0.0382233893639261,0.08991616861289564,-0.05169277924896954,-57.48997098788286,0.05861745525398485,0.20054960557793303,-0.14193215032394818,-70.77159285102346,0.5457801981330397,0.6977794050270233,-0.1519992068939836,-21.783275029175886,3.3333333333333335,3.5,-0.16666666666666652,-4.761904761904756,0.49875033703723326,0.5034966460199052,-0.004746308982671921,-0.9426694338862118
ipo_alpha099_feedback_one_b100_s0,ipo,alpha099,feedback_one,0.99,0.8,0.2,0.0,1.0,76,100,0.0254033732414867,0.06654892865011298,-0.041145555408626286,-61.82752486513008,0.043954485464853275,0.16371233790724085,-0.11975785244238757,-73.15139101503894,0.566775823122371,0.7271047123447195,-0.16032888922234856,-22.050316343753362,2.0,2.1666666666666665,-0.16666666666666652,-7.692307692307687,0.41778310457626117,0.35341609265392276,0.0643670119223384,18.21281295907733
ipo_alpha099_feedback_one_b100_s0,ipo,alpha099,feedback_one,0.99,0.8,0.2,0.0,1.0,51,100,0.031813381302706396,0.07823254863150429,-0.046419167328797896,-59.33485248888449,0.05921010819851678,0.22202910754168795,-0.16281899934317118,-73.33227663071177,0.5562780106277053,0.7124420586858715,-0.1561640480581662,-21.91954365330665,5.333333333333333,5.666666666666667,-0.3333333333333339,-5.882352941176483,0.45826672080674724,0.42845636933691406,0.029810351469833185,6.957616598387406
dpo_alpha099_reference_half_b100_s0,dpo,alpha099,reference_half,0.99,0.8,0.8,0.495,0.0,1,25,0.12469208401322464,0.12100858376700942,0.003683500246215221,3.0439991375384112,0.20305159205705628,0.25623576334879916,-0.05318417129174288,-20.75595170504997,0.690771612275908,0.7003828924754992,-0.009611280199591232,-1.3722894009618347,2.8333333333333335,3.8333333333333335,-1.0,-26.086956521739125,0.6823876264214451,0.6269130799146875,0.05547454650675765,8.848841774733241
dpo_alpha099_reference_half_b100_s0,dpo,alpha099,reference_half,0.99,0.8,0.8,0.495,0.0,26,50,0.11295217684290165,0.08976430022778882,0.023187876615112832,25.8319583133501,0.2237963431135185,0.23716056587555448,-0.013364222762035971,-5.6350948197048005,0.7020835370565974,0.7518555857455116,-0.04977204868891416,-6.619894781996205,3.1666666666666665,2.5,0.6666666666666665,26.66666666666666,0.5804974308771693,0.48109256919855986,0.09940486167860946,20.662314914613123
dpo_alpha099_reference_half_b100_s0,dpo,alpha099,reference_half,0.99,0.8,0.8,0.495,0.0,51,75,0.09357037304806602,0.09575124256445865,-0.002180869516392625,-2.27764095585965,0.2070785869391123,0.23675513636188542,-0.02967654942277312,-12.534701412945005,0.7239020141242177,0.7858322291314309,-0.061930215007213185,-7.880844372553131,3.0,3.0,0.0,0.0,0.5989187170908791,0.42854409908973706,0.170374618001142,39.756612764714696
dpo_alpha099_reference_half_b100_s0,dpo,alpha099,reference_half,0.99,0.8,0.8,0.495,0.0,76,100,0.08240491337776296,0.08769638717193882,-0.005291473794175869,-6.033856085543555,0.1812972967764095,0.23717775942785432,-0.055880462651444834,-23.56058290888896,0.6749522778734134,0.8320637199779487,-0.15711144210453531,-18.882140674117977,3.5,2.0,1.5,75.0,0.5244282884328889,0.3008784369641675,0.22354985146872142,74.29906035285094
dpo_alpha099_reference_half_b100_s0,dpo,alpha099,reference_half,0.99,0.8,0.8,0.495,0.0,51,100,0.08798764321291448,0.09172381486819875,-0.0037361716552842678,-4.073284196315763,0.23851958151522887,0.30626480304114706,-0.06774522152591819,-22.119819467735745,0.6994271459988156,0.8089479745546898,-0.1095208285558742,-13.538673932172617,6.5,5.0,1.5,30.000000000000004,0.5616735027618841,0.36471126802695236,0.19696223473493174,54.00497653951732
dpo_alpha099_reference_max_b100_s0,dpo,alpha099,reference_max,0.99,0.8,0.8,0.99,0.0,1,25,0.14537785465524714,0.12100858376700942,0.024369270888237718,20.138464668885337,0.19324038528059798,0.25623576334879916,-0.06299537806820119,-24.584928054109746,0.6832491773823831,0.7003828924754992,-0.01713371509311612,-2.4463354655275937,4.0,3.8333333333333335,0.16666666666666652,4.347826086956519,0.7245036998287472,0.6269130799146875,0.0975906199140597,15.566850180784254
dpo_alpha099_reference_max_b100_s0,dpo,alpha099,reference_max,0.99,0.8,0.8,0.99,0.0,26,50,0.1937334536026398,0.08976430022778882,0.10396915337485098,115.82461302657676,0.1909884073149076,0.23716056587555448,-0.04617215856064688,-19.46873350980063,0.7284616922004842,0.7518555857455116,-0.02339389354502741,-3.111487629879206,5.666666666666667,2.5,3.166666666666667,126.66666666666666,0.4641327807944576,0.48109256919855986,-0.016959788404102283,-3.5252650924031514
dpo_alpha099_reference_max_b100_s0,dpo,alpha099,reference_max,0.99,0.8,0.8,0.99,0.0,51,75,0.16141250096773604,0.09575124256445865,0.0656612584032774,68.57483688430987,0.16484544031039952,0.23675513636188542,-0.0719096960514859,-30.373024702437856,0.6830357606698229,0.7858322291314309,-0.10279646846160806,-13.081223275256537,5.333333333333333,3.0,2.333333333333333,77.77777777777777,0.6781390970601014,0.42854409908973706,0.24959499797036439,58.24254691653081
dpo_alpha099_reference_max_b100_s0,dpo,alpha099,reference_max,0.99,0.8,0.8,0.99,0.0,76,100,0.1367571859958794,0.08769638717193882,0.049060798823940585,55.943922442040005,0.13208731531391982,0.23717775942785432,-0.1050904441139345,-44.3087262344686,0.709918666835657,0.8320637199779487,-0.12214505314229174,-14.679771537873187,3.5,2.0,1.5,75.0,0.41543879185161225,0.3008784369641675,0.11456035488744476,38.075295804959296
dpo_alpha099_reference_max_b100_s0,dpo,alpha099,reference_max,0.99,0.8,0.8,0.99,0.0,51,100,0.14908484348180773,0.09172381486819875,0.05736102861360898,62.53668002800921,0.2195717813244924,0.30626480304114706,-0.08669302171665466,-28.306557219703542,0.6964772137527401,0.8089479745546898,-0.11247076080194973,-13.903336721235092,8.833333333333334,5.0,3.833333333333334,76.66666666666669,0.5467889444558568,0.36471126802695236,0.18207767642890443,49.9237869490363
dpo_alpha099_feedback_half_b100_s0,dpo,alpha099,feedback_half,0.99,0.8,0.8,0.0,0.5,1,25,0.11559372006488074,0.12100858376700942,-0.0054148637021286805,-4.474776527055713,0.20176645044076694,0.25623576334879916,-0.054469312908032225,-21.25749824933152,0.63614939286701,0.7003828924754992,-0.06423349960848923,-9.171197683235278,3.5,3.8333333333333335,-0.3333333333333335,-8.695652173913048,0.7383214757228352,0.6269130799146875,0.11140839580814776,17.770947740204846
dpo_alpha099_feedback_half_b100_s0,dpo,alpha099,feedback_half,0.99,0.8,0.8,0.0,0.5,26,50,0.07923245552218894,0.08976430022778882,-0.010531844705599883,-11.732776481155572,0.13720549299401105,0.23716056587555448,-0.09995507288154343,-42.14658221636769,0.5992465354431777,0.7518555857455116,-0.15260905030233385,-20.297654655449882,3.1666666666666665,2.5,0.6666666666666665,26.66666666666666,0.6014969321444836,0.48109256919855986,0.12040436294592377,25.02727555042108
dpo_alpha099_feedback_half_b100_s0,dpo,alpha099,feedback_half,0.99,0.8,0.8,0.0,0.5,51,75,0.06276602264946098,0.09575124256445865,-0.03298521991499767,-34.448868789135965,0.12430447557252162,0.23675513636188542,-0.11245066078936379,-47.496608739875654,0.5971258974687461,0.7858322291314309,-0.1887063316626848,-24.01356481284297,2.6666666666666665,3.0,-0.3333333333333335,-11.111111111111116,0.5891258746990796,0.42854409908973706,0.16058177560934256,37.47147048586865
dpo_alpha099_feedback_half_b100_s0,dpo,alpha099,feedback_half,0.99,0.8,0.8,0.0,0.5,76,100,0.03474778439406875,0.08769638717193882,-0.05294860277787008,-60.37717685457016,0.0689660066461895,0.23717775942785432,-0.16821175278166484,-70.92222862187553,0.5818337034932101,0.8320637199779487,-0.25023001648473864,-30.073419916850863,1.8333333333333333,2.0,-0.16666666666666674,-8.333333333333337,0.5141547583720444,0.3008784369641675,0.2132763214078769,70.88454844415341
dpo_alpha099_feedback_half_b100_s0,dpo,alpha099,feedback_half,0.99,0.8,0.8,0.0,0.5,51,100,0.048756903521764865,0.09172381486819875,-0.042966911346433885,-46.84379014127856,0.11071844977195043,0.30626480304114706,-0.19554635326919662,-63.84878423098612,0.589479800480978,0.8089479745546898,-0.21946817407371177,-27.13007275832846,4.5,5.0,-0.5,-9.999999999999998,0.551640316535562,0.36471126802695236,0.18692904850860964,51.253982230895986
dpo_alpha099_feedback_one_b100_s0,dpo,alpha099,feedback_one,0.99,0.8,0.8,0.0,1.0,1,25,0.1064435718013918,0.12100858376700942,-0.014565011965617616,-12.036346110504992,0.15239568161298017,0.25623576334879916,-0.10384008173581899,-40.52521021215426,0.5572377858210344,0.7003828924754992,-0.14314510665446478,-20.438121517862783,5.333333333333333,3.8333333333333335,1.4999999999999996,39.13043478260869,0.7666801688422771,0.6269130799146875,0.1397670889275896,22.294492395438546
dpo_alpha099_feedback_one_b100_s0,dpo,alpha099,feedback_one,0.99,0.8,0.8,0.0,1.0,26,50,0.04976514823400346,0.08976430022778882,-0.03999915199378536,-44.5602003160301,0.05483251587762269,0.23716056587555448,-0.18232804999793178,-76.87958127642729,0.5155586692427256,0.7518555857455116,-0.23629691650278595,-31.428497836919423,2.8333333333333335,2.5,0.3333333333333335,13.33333333333333,0.5863417117574129,0.48109256919855986,0.10524914255885304,21.877108335758532
dpo_alpha099_feedback_one_b100_s0,dpo,alpha099,feedback_one,0.99,0.8,0.8,0.0,1.0,51,75,0.03779827759937263,0.09575124256445865,-0.057952964965086014,-60.52450434371411,0.05366576266003518,0.23675513636188542,-0.18308937370185024,-77.33279899025891,0.5371844237347475,0.7858322291314309,-0.2486478053966834,-31.64133464868325,3.3333333333333335,3.0,0.3333333333333335,11.111111111111116,0.4953111072043584,0.42854409908973706,0.06676700811462133,15.579962075417676
dpo_alpha099_feedback_one_b100_s0,dpo,alpha099,feedback_one,0.99,0.8,0.8,0.0,1.0,76,100,0.02685048239256808,0.08769638717193882,-0.06084590477937074,-69.38245319054634,0.03882681708990588,0.23717775942785432,-0.19835094233794845,-83.62965516515204,0.5539703075743473,0.8320637199779487,-0.2780934124036014,-33.42212930651169,3.0,2.0,1.0,50.0,0.4602542922273651,0.3008784369641675,0.15937585526319759,52.97018186855913
dpo_alpha099_feedback_one_b100_s0,dpo,alpha099,feedback_one,0.99,0.8,0.8,0.0,1.0,51,100,0.032324379995970355,0.09172381486819875,-0.059399434872228395,-64.75901046809008,0.05860550137467494,0.30626480304114706,-0.24765930166647213,-80.86443470071185,0.5455773656545473,0.8089479745546898,-0.2633706089001425,-32.55717514406572,6.333333333333333,5.0,1.333333333333333,26.66666666666666,0.4777826997158618,0.36471126802695236,0.11307143168890943,31.002999249409925
ipo_coverage05_reference_half_b100_s0,ipo,coverage05,reference_half,0.9,0.5,0.2,0.45,0.0,1,25,0.07018532041351067,0.07284490886174345,-0.0026595884482327886,-3.6510285890817396,0.1024287964498281,0.11564198550416827,-0.013213189054340171,-11.425944475731875,0.6976324076900201,0.6733947759686131,0.024237631721407027,3.59931983234405,1.1666666666666667,2.8333333333333335,-1.6666666666666667,-58.82352941176471,0.973733433722035,0.9452565445362456,0.02847688918578939,3.012609576774783
ipo_coverage05_reference_half_b100_s0,ipo,coverage05,reference_half,0.9,0.5,0.2,0.45,0.0,26,50,0.07283642656161518,0.06543996665844228,0.007396459903172906,11.302664534928674,0.0669219781756518,0.08360046539061873,-0.016678487214966925,-19.950232498153664,0.49748893065845096,0.49479434341948064,0.002694587238970314,0.5445873168937743,5.166666666666667,3.1666666666666665,2.0000000000000004,63.157894736842124,0.8798912091886302,0.8782712528951713,0.0016199562934589018,0.18444828839823124
ipo_coverage05_reference_half_b100_s0,ipo,coverage05,reference_half,0.9,0.5,0.2,0.45,0.0,51,75,0.06053890848635329,0.06055060465725141,-1.1696170898113645e-05,-0.01931635689572664,0.05571414018304984,0.06867456856377903,-0.012960428380729187,-18.872238518240792,0.46042587832086657,0.46557591337737864,-0.00515003505651207,-1.1061644102575485,5.0,4.0,1.0,25.0,0.8301155114140558,0.8778874151999224,-0.0477719037858666,-5.441689100303082
ipo_coverage05_reference_half_b100_s0,ipo,coverage05,reference_half,0.9,0.5,0.2,0.45,0.0,76,100,0.07233684271885414,0.06633087894633928,0.006005963772514861,9.054551768224872,0.06260435701999927,0.07252081979195875,-0.009916462771959483,-13.67395294262661,0.44818635058981554,0.45104574122416313,-0.0028593906343475917,-0.633946931099949,5.833333333333333,5.333333333333333,0.5,9.375,0.8715607408782539,0.8696277496498251,0.0019329912284287154,0.222278006791643
ipo_coverage05_reference_half_b100_s0,ipo,coverage05,reference_half,0.9,0.5,0.2,0.45,0.0,51,100,0.06643787560260372,0.06344074180179533,0.002997133800808391,4.724304470102481,0.06950948748674324,0.07879798511656695,-0.009288497629823714,-11.787734947896332,0.454306114455341,0.45831082730077105,-0.004004712845430025,-0.8737984369725282,10.833333333333334,9.333333333333334,1.5,16.07142857142858,0.8508381261461548,0.8737575824248737,-0.02291945627871883,-2.6230909739417885
ipo_coverage05_reference_max_b100_s0,ipo,coverage05,reference_max,0.9,0.5,0.2,0.9,0.0,1,25,0.09566301594655552,0.07284490886174345,0.022818107084812064,31.32423039765191,0.09596543017090531,0.11564198550416827,-0.019676555333262957,-17.015061828520505,0.6899708846699655,0.6733947759686131,0.0165761087013524,2.461573699841857,2.1666666666666665,2.8333333333333335,-0.666666666666667,-23.529411764705888,1.0086671672067997,0.9452565445362456,0.06341062267055408,6.708297661315221
ipo_coverage05_reference_max_b100_s0,ipo,coverage05,reference_max,0.9,0.5,0.2,0.9,0.0,26,50,0.1237850569766528,0.06543996665844228,0.05834509031821053,89.1581907777203,0.07035382406004155,0.08360046539061873,-0.01324664133057718,-15.845176541401951,0.5143466912873819,0.49479434341948064,0.01955234786790122,3.951611033541047,6.833333333333333,3.1666666666666665,3.6666666666666665,115.78947368421053,0.8675408514920674,0.8782712528951713,-0.010730401403103884,-1.221763933150688
ipo_coverage05_reference_max_b100_s0,ipo,coverage05,reference_max,0.9,0.5,0.2,0.9,0.0,51,75,0.09437741643118965,0.06055060465725141,0.03382681177393824,55.865357522713374,0.04804275727424293,0.06867456856377903,-0.020631811289536096,-30.04286990223324,0.4286091992274284,0.46557591337737864,-0.03696671414995023,-7.939997127812404,9.5,4.0,5.5,137.5,0.8554149301109509,0.8778874151999224,-0.022472485088971483,-2.5598367968236335
ipo_coverage05_reference_max_b100_s0,ipo,coverage05,reference_max,0.9,0.5,0.2,0.9,0.0,76,100,0.0992747090352361,0.06633087894633928,0.032943830088896814,49.66590313924213,0.04950192531742414,0.07252081979195875,-0.02301889447453461,-31.74108420253544,0.4347174095059166,0.45104574122416313,-0.016328331718246547,-3.6201055072442423,6.5,5.333333333333333,1.166666666666667,21.875,0.8800739378467308,0.8696277496498251,0.010446188196905681,1.2012252600163809
ipo_coverage05_reference_max_b100_s0,ipo,coverage05,reference_max,0.9,0.5,0.2,0.9,0.0,51,100,0.09682606273321288,0.06344074180179533,0.03338532093141755,52.62441765848451,0.05595751357260853,0.07879798511656695,-0.02284047154395842,-28.98611114252502,0.4316633043666726,0.45831082730077105,-0.026647522934098444,-5.814290509137532,16.0,9.333333333333334,6.666666666666666,71.42857142857142,0.8677444339788406,0.8737575824248737,-0.0060131484460330675,-0.6881941361064015
ipo_coverage05_feedback_half_b100_s0,ipo,coverage05,feedback_half,0.9,0.5,0.2,0.0,0.5,1,25,0.07552830788807413,0.07284490886174345,0.0026833990263306767,3.6837152633736547,0.11168044234246777,0.11564198550416827,-0.003961543161700498,-3.425696250742516,0.656614087728323,0.6733947759686131,-0.01678068824029011,-2.4919540274354945,1.8333333333333333,2.8333333333333335,-1.0000000000000002,-35.29411764705883,0.9622766095441913,0.9452565445362456,0.017020065007945617,1.8005762675037396
ipo_coverage05_feedback_half_b100_s0,ipo,coverage05,feedback_half,0.9,0.5,0.2,0.0,0.5,26,50,0.06423099280538509,0.06543996665844228,-0.0012089738530571825,-1.8474548732081542,0.07026208525839232,0.08360046539061873,-0.013338380132226407,-15.954911339193545,0.48838010524164077,0.49479434341948064,-0.0064142381778398705,-1.2963442818508475,3.1666666666666665,3.1666666666666665,0.0,0.0,0.872305652203402,0.8782712528951713,-0.005965600691769324,-0.679243533487417
ipo_coverage05_feedback_half_b100_s0,ipo,coverage05,feedback_half,0.9,0.5,0.2,0.0,0.5,51,75,0.059866720308311555,0.06055060465725141,-0.0006838843489398519,-1.1294426419207526,0.058826445129960915,0.06867456856377903,-0.009848123433818114,-14.34027710661484,0.4545195761018834,0.46557591337737864,-0.01105633727549521,-2.3747657380491116,3.3333333333333335,4.0,-0.6666666666666665,-16.666666666666664,0.8596692063973929,0.8778874151999224,-0.018218208802529556,-2.0752329384264745
ipo_coverage05_feedback_half_b100_s0,ipo,coverage05,feedback_half,0.9,0.5,0.2,0.0,0.5,76,100,0.06663803910352821,0.06633087894633928,0.0003071601571889293,0.46307264741269893,0.07249998955179736,0.07252081979195875,-2.0830240161390234e-05,-0.02872311733533861,0.4636942704509053,0.45104574122416313,0.012648529226742145,2.8042675211638945,5.0,5.333333333333333,-0.33333333333333304,-6.25,0.8580022786655102,0.8696277496498251,-0.01162547098431499,-1.3368330287293895
ipo_coverage05_feedback_half_b100_s0,ipo,coverage05,feedback_half,0.9,0.5,0.2,0.0,0.5,51,100,0.06325237970591986,0.06344074180179533,-0.0001883620958754717,-0.29691029853333717,0.0743025999473096,0.07879798511656695,-0.004495385169257349,-5.704949387484037,0.4591069232763944,0.45831082730077105,0.0007960959756233565,0.17370219689374355,8.333333333333334,9.333333333333334,-1.0,-10.71428571428571,0.8588357425314516,0.8737575824248737,-0.014921839893422106,-1.7077780145850818
ipo_coverage05_feedback_one_b100_s0,ipo,coverage05,feedback_one,0.9,0.5,0.2,0.0,1.0,1,25,0.07733627106683084,0.07284490886174345,0.00449136220508739,6.165650112366539,0.11247761155641689,0.11564198550416827,-0.0031643739477513755,-2.7363538717841474,0.6504529616354123,0.6733947759686131,-0.02294181433320075,-3.406889264948809,2.1666666666666665,2.8333333333333335,-0.666666666666667,-23.529411764705888,0.9743266234607432,0.9452565445362456,0.029070078924497533,3.0753639414112355
ipo_coverage05_feedback_one_b100_s0,ipo,coverage05,feedback_one,0.9,0.5,0.2,0.0,1.0,26,50,0.06608078014985291,0.06543996665844228,0.0006408134914106384,0.9792387192910867,0.06556723446236692,0.08360046539061873,-0.018033230928251806,-21.57073031112027,0.48108907365471304,0.49479434341948064,-0.013705269764767603,-2.7698921677341115,4.166666666666667,3.1666666666666665,1.0000000000000004,31.578947368421062,0.8849386912628411,0.8782712528951713,0.006667438367669809,0.7591547993505365
ipo_coverage05_feedback_one_b100_s0,ipo,coverage05,feedback_one,0.9,0.5,0.2,0.0,1.0,51,75,0.05937713249614978,0.06055060465725141,-0.0011734721611016269,-1.9380023828731385,0.05564900376055935,0.06867456856377903,-0.013025564803219682,-18.967086471206084,0.4545981635938483,0.46557591337737864,-0.010977749783530333,-2.357886107959406,4.666666666666667,4.0,0.666666666666667,16.666666666666675,0.8596278783485102,0.8778874151999224,-0.01825953685141224,-2.0799406091558947
ipo_coverage05_feedback_one_b100_s0,ipo,coverage05,feedback_one,0.9,0.5,0.2,0.0,1.0,76,100,0.06464598871808541,0.06633087894633928,-0.0016848902282538686,-2.5401295068273155,0.06219689690647515,0.07252081979195875,-0.010323922885483595,-14.23580554535917,0.4414826078970549,0.45104574122416313,-0.00956313332710823,-2.1202136397859284,6.166666666666667,5.333333333333333,0.8333333333333339,15.625000000000021,0.8730729289780877,0.8696277496498251,0.003445179328262604,0.39616713354073685
ipo_coverage05_feedback_one_b100_s0,ipo,coverage05,feedback_one,0.9,0.5,0.2,0.0,1.0,51,100,0.06201156060711759,0.06344074180179533,-0.0014291811946777408,-2.252781342221466,0.06514810297347184,0.07879798511656695,-0.013649882143095107,-17.3226283932294,0.4480403857454516,0.45831082730077105,-0.010270441555319476,-2.2409336510349154,10.833333333333334,9.333333333333334,1.5,16.07142857142858,0.8663504036632993,0.8737575824248737,-0.007407178761574373,-0.8477384243141928
dpo_coverage05_reference_half_b100_s0,dpo,coverage05,reference_half,0.9,0.5,0.8,0.45,0.0,1,25,0.07269790636007893,0.07628714185808629,-0.0035892354980073538,-4.704902308024927,0.10466409931211836,0.12037439742557454,-0.015710298113456186,-13.051195644131553,0.6933189556473174,0.6774777333812511,0.015841222266066324,2.33826463742266,0.8333333333333334,2.5,-1.6666666666666665,-66.66666666666666,0.9745473633718276,0.9321883670918855,0.04235899627994211,4.54403828403136
dpo_coverage05_reference_half_b100_s0,dpo,coverage05,reference_half,0.9,0.5,0.8,0.45,0.0,26,50,0.07250548128722031,0.06632529014435933,0.0061801911428609885,9.318000915502346,0.0714028379453098,0.08581481520296662,-0.014411977257656819,-16.794276400374507,0.48287020247715046,0.5037192336028802,-0.020849031125729722,-4.139018273454809,4.5,3.8333333333333335,0.6666666666666665,17.391304347826075,0.8768875437874049,0.8688419589787634,0.008045584808641482,0.9260124612418874
dpo_coverage05_reference_half_b100_s0,dpo,coverage05,reference_half,0.9,0.5,0.8,0.45,0.0,51,75,0.06478627525908662,0.06006527293890024,0.004721002320186379,7.859786677384606,0.053442450552189935,0.06787687915182178,-0.014434428599631843,-21.265604400205294,0.4571041808640079,0.4643142848565141,-0.007210103992506212,-1.5528499181829636,4.333333333333333,5.166666666666667,-0.8333333333333339,-16.129032258064523,0.8617260847926542,0.8704463620693277,-0.00872027727667346,-1.0018167295159475
dpo_coverage05_reference_half_b100_s0,dpo,coverage05,reference_half,0.9,0.5,0.8,0.45,0.0,76,100,0.0716156235124508,0.06877065806439066,0.0028449654480601355,4.136888504682279,0.06146215711841752,0.08309277499951932,-0.0216306178811018,-26.031887707718184,0.44474832874195136,0.4752471861328873,-0.03049885739093594,-6.417472481869247,6.666666666666667,4.166666666666667,2.5,59.999999999999986,0.883135620106214,0.870041230831747,0.013094389274467044,1.5050308893923336
dpo_coverage05_reference_half_b100_s0,dpo,coverage05,reference_half,0.9,0.5,0.8,0.45,0.0,51,100,0.0682009493857687,0.06441796550164547,0.0037829838841232366,5.872560324846954,0.06672519860690333,0.08556000099564111,-0.018834802388737776,-22.013560272980037,0.4509262548029796,0.4697807354947008,-0.018854480691721187,-4.01346399866026,11.0,9.333333333333334,1.666666666666666,17.85714285714286,0.8724308524494342,0.8702437964505377,0.002187055998896459,0.25131532196114303
dpo_coverage05_reference_max_b100_s0,dpo,coverage05,reference_max,0.9,0.5,0.8,0.9,0.0,1,25,0.10150075567139778,0.07628714185808629,0.025213613813311497,33.050935189334155,0.10048986043686786,0.12037439742557454,-0.01988453698870668,-16.51890884936803,0.6911256847899362,0.6774777333812511,0.013647951408685133,2.0145239815586358,1.8333333333333333,2.5,-0.6666666666666667,-26.66666666666667,0.9880979798859997,0.9321883670918855,0.055909612794114216,5.997673299499917
dpo_coverage05_reference_max_b100_s0,dpo,coverage05,reference_max,0.9,0.5,0.8,0.9,0.0,26,50,0.12468864936950824,0.06632529014435933,0.05836335922514892,87.99563348779782,0.07935420530326054,0.08581481520296662,-0.00646060989970608,-7.528548403239743,0.5160551292695504,0.5037192336028802,0.01233589566667026,2.4489626053063374,5.666666666666667,3.8333333333333335,1.8333333333333335,47.82608695652175,0.8512109142725501,0.8688419589787634,-0.01763104470621324,-2.029257970797904
dpo_coverage05_reference_max_b100_s0,dpo,coverage05,reference_max,0.9,0.5,0.8,0.9,0.0,51,75,0.08432019867398866,0.06006527293890024,0.024254925735088417,40.38094650757864,0.04763737131525308,0.06787687915182178,-0.0202395078365687,-29.817970551207175,0.43227891949500435,0.4643142848565141,-0.03203536536150975,-6.89950027520897,7.5,5.166666666666667,2.333333333333333,45.161290322580626,0.86396073534643,0.8704463620693277,-0.006485626722897653,-0.7450920591452914
dpo_coverage05_reference_max_b100_s0,dpo,coverage05,reference_max,0.9,0.5,0.8,0.9,0.0,76,100,0.10639400726481517,0.06877065806439066,0.03762334920042451,54.708432723149734,0.049112200990696964,0.08309277499951932,-0.03398057400882236,-40.894739655787085,0.43945268888639005,0.4752471861328873,-0.03579449724649725,-7.531764162089849,8.666666666666666,4.166666666666667,4.499999999999999,107.99999999999996,0.8570836852609593,0.870041230831747,-0.012957545570787654,-1.489302473447196
dpo_coverage05_reference_max_b100_s0,dpo,coverage05,reference_max,0.9,0.5,0.8,0.9,0.0,51,100,0.09535710296940192,0.06441796550164547,0.03093913746775645,48.02874047142354,0.053472890903662224,0.08556000099564111,-0.032087110091978885,-37.50246577675189,0.43586580419069715,0.4697807354947008,-0.03391493130400364,-7.219310785123967,16.166666666666668,9.333333333333334,6.833333333333334,73.21428571428572,0.8605222103036946,0.8702437964505377,-0.009721586146843153,-1.117110651807529
dpo_coverage05_feedback_half_b100_s0,dpo,coverage05,feedback_half,0.9,0.5,0.8,0.0,0.5,1,25,0.07721972117500848,0.07628714185808629,0.0009325793169221996,1.2224593741590573,0.1114158693188484,0.12037439742557454,-0.008958528106726135,-7.442220520576259,0.6515733081925764,0.6774777333812511,-0.02590442518867464,-3.823657060932051,2.1666666666666665,2.5,-0.3333333333333335,-13.333333333333341,0.962793548070665,0.9321883670918855,0.03060518097877951,3.283154141287703
dpo_coverage05_feedback_half_b100_s0,dpo,coverage05,feedback_half,0.9,0.5,0.8,0.0,0.5,26,50,0.06695236988578716,0.06632529014435933,0.0006270797414278384,0.9454609848867257,0.0715674919890223,0.08581481520296662,-0.014247323213944313,-16.602405051210532,0.4886424319732638,0.5037192336028802,-0.015076801629616388,-2.9930962774200043,2.8333333333333335,3.8333333333333335,-1.0,-26.086956521739125,0.8867902507189829,0.8688419589787634,0.017948291740219502,2.0657717499412476
dpo_coverage05_feedback_half_b100_s0,dpo,coverage05,feedback_half,0.9,0.5,0.8,0.0,0.5,51,75,0.05836492668970562,0.06006527293890024,-0.0017003462491946217,-2.8308308045553288,0.05538118447840834,0.06787687915182178,-0.012495694673413438,-18.409353567160956,0.45044929585204097,0.4643142848565141,-0.013864989004473138,-2.9861215682299713,5.333333333333333,5.166666666666667,0.16666666666666607,3.2258064516129004,0.851435056115522,0.8704463620693277,-0.019011305953805735,-2.184087013542091
dpo_coverage05_feedback_half_b100_s0,dpo,coverage05,feedback_half,0.9,0.5,0.8,0.0,0.5,76,100,0.06779527443775953,0.06877065806439066,-0.0009753836266311322,-1.4183136443421396,0.06858313923601798,0.08309277499951932,-0.014509635763501338,-17.46197038621622,0.4558536740036254,0.4752471861328873,-0.01939351212926188,-4.080721084761796,3.6666666666666665,4.166666666666667,-0.5000000000000004,-12.00000000000001,0.8657797407944469,0.870041230831747,-0.004261490037300142,-0.48980322843162893
dpo_coverage05_feedback_half_b100_s0,dpo,coverage05,feedback_half,0.9,0.5,0.8,0.0,0.5,51,100,0.06308010056373257,0.06441796550164547,-0.0013378649379128943,-2.076850654152873,0.07267670328172064,0.08556000099564111,-0.012883297713920466,-15.057617536232627,0.45315148492783314,0.4697807354947008,-0.016629250566867648,-3.5397898020139706,9.0,9.333333333333334,-0.3333333333333339,-3.571428571428581,0.8586073984549843,0.8702437964505377,-0.011636397995553383,-1.3371423092028656
dpo_coverage05_feedback_one_b100_s0,dpo,coverage05,feedback_one,0.9,0.5,0.8,0.0,1.0,1,25,0.0751410965465068,0.07628714185808629,-0.0011460453115794828,-1.5022784753312979,0.1079796987221374,0.12037439742557454,-0.012394698703437138,-10.296789822852958,0.639750914798077,0.6774777333812511,-0.03772681858317406,-5.568717128883593,2.3333333333333335,2.5,-0.16666666666666652,-6.666666666666665,0.9906086084864535,0.9321883670918855,0.05842024139456803,6.266999616914282
dpo_coverage05_feedback_one_b100_s0,dpo,coverage05,feedback_one,0.9,0.5,0.8,0.0,1.0,26,50,0.06567927092402674,0.06632529014435933,-0.0006460192203325832,-0.9740164255994999,0.06712759841348018,0.08581481520296662,-0.01868721678948644,-21.77621281976544,0.48101091901608445,0.5037192336028802,-0.02270831458679573,-4.508129345066547,4.0,3.8333333333333335,0.16666666666666652,4.347826086956519,0.8679308058771152,0.8688419589787634,-0.0009111531016481322,-0.10486983187587562
dpo_coverage05_feedback_one_b100_s0,dpo,coverage05,feedback_one,0.9,0.5,0.8,0.0,1.0,51,75,0.060686236908543544,0.06006527293890024,0.0006209639696433053,1.0338152800453582,0.053800511642663786,0.06787687915182178,-0.014076367509157993,-20.738088853014382,0.4561884212873996,0.4643142848565141,-0.008125863569114489,-1.7500783056083713,5.166666666666667,5.166666666666667,0.0,0.0,0.8490982050606658,0.8704463620693277,-0.021348157008661883,-2.4525528440271227
dpo_coverage05_feedback_one_b100_s0,dpo,coverage05,feedback_one,0.9,0.5,0.8,0.0,1.0,76,100,0.06587016344391446,0.06877065806439066,-0.0029004946204762017,-4.217633947548438,0.06589717325569097,0.08309277499951932,-0.01719560174382835,-20.694460792683632,0.4457341784376799,0.4752471861328873,-0.029513007695207427,-6.210033127256665,5.166666666666667,4.166666666666667,1.0,24.0,0.8654554231701549,0.870041230831747,-0.004585807661592112,-0.5270793497002657
dpo_coverage05_feedback_one_b100_s0,dpo,coverage05,feedback_one,0.9,0.5,0.8,0.0,1.0,51,100,0.063278200176229,0.06441796550164547,-0.0011397653254164725,-1.7693283489174427,0.06720025146003243,0.08556000099564111,-0.018359749535608677,-21.458332540861026,0.4509612998625397,0.4697807354947008,-0.018819435632161097,-4.006004122826234,10.333333333333334,9.333333333333334,1.0,10.71428571428572,0.8572768141154102,0.8702437964505377,-0.012966982335127497,-1.4900401919572315
ipo_beta15_reference_half_b100_s0,ipo,beta15,reference_half,0.9,0.8,0.3,0.45,0.0,1,25,0.07245785090296837,0.0735963257716459,-0.0011384748686775331,-1.5469180787774484,0.10724687060435945,0.12082932816305514,-0.013582457558695693,-11.241027129081294,0.6550006363711618,0.6526163512393072,0.0023842851318546243,0.365342536595481,1.8333333333333333,1.8333333333333333,0.0,0.0,0.9272237197173246,0.8893412062882383,0.03788251342908633,4.2596152254311015
ipo_beta15_reference_half_b100_s0,ipo,beta15,reference_half,0.9,0.8,0.3,0.45,0.0,26,50,0.06830167700010478,0.06039136926728774,0.007910307732817042,13.098407651276457,0.0619611622909522,0.07923088142293201,-0.017269719131979812,-21.796702020509628,0.42716383851505907,0.46825253556081253,-0.041088697045753464,-8.774901132471758,6.833333333333333,2.6666666666666665,4.166666666666666,156.25,0.8674040042558824,0.8861818246757034,-0.018777820419821012,-2.118957971936819
ipo_beta15_reference_half_b100_s0,ipo,beta15,reference_half,0.9,0.8,0.3,0.45,0.0,51,75,0.05878658932367909,0.05790740646121431,0.0008791828624647793,1.5182563271135985,0.05059928487970777,0.07405151938880407,-0.023452234509096295,-31.670159778844543,0.447930176994131,0.4562610624869392,-0.008330885492808193,-1.8259032334249858,4.333333333333333,2.6666666666666665,1.6666666666666665,62.5,0.8538741196729221,0.8845354995350093,-0.030661379862087168,-3.466382059081352
ipo_beta15_reference_half_b100_s0,ipo,beta15,reference_half,0.9,0.8,0.3,0.45,0.0,76,100,0.06506904201272479,0.06200675352728155,0.0030622884854432375,4.938637021362369,0.05592978577432498,0.0685727383011721,-0.012642952526847114,-18.437286945315133,0.42541809283292364,0.4365568679225033,-0.011138775089579667,-2.551506094174427,4.833333333333333,3.8333333333333335,0.9999999999999996,26.08695652173911,0.8891086159514258,0.9100941380002707,-0.020985522048844962,-2.3058627863438375
ipo_beta15_reference_half_b100_s0,ipo,beta15,reference_half,0.9,0.8,0.3,0.45,0.0,51,100,0.061927815668201935,0.05995707999424793,0.001970735673954005,3.2869106936880055,0.06009712166553655,0.07925238109031636,-0.01915525942477981,-24.16994815960216,0.4366741349135273,0.4464089652047212,-0.009734830291193874,-2.180697756983785,9.166666666666666,6.5,2.666666666666666,41.025641025641015,0.8714913678121742,0.89731481876764,-0.025823450955465788,-2.8778585191461925
ipo_beta15_reference_max_b100_s0,ipo,beta15,reference_max,0.9,0.8,0.3,0.9,0.0,1,25,0.10183887076068622,0.0735963257716459,0.028242544989040316,38.37493882054801,0.09768128778075885,0.12082932816305514,-0.023148040382296287,-19.15763394054363,0.6675319742392444,0.6526163512393072,0.014915622999937206,2.2855116902315897,2.6666666666666665,1.8333333333333333,0.8333333333333333,45.45454545454546,0.9488695702519964,0.8893412062882383,0.059528363963758046,6.693534893340436
ipo_beta15_reference_max_b100_s0,ipo,beta15,reference_max,0.9,0.8,0.3,0.9,0.0,26,50,0.15678410793738645,0.06039136926728774,0.0963927386700987,159.6134345678959,0.07475007374826896,0.07923088142293201,-0.004480807674663051,-5.655380319126624,0.4705121463922344,0.46825253556081253,0.0022596108314218433,0.4825624336909584,8.833333333333334,2.6666666666666665,6.166666666666668,231.25000000000006,0.8558774455656529,0.8861818246757034,-0.03030437911005046,-3.4196570349589672
ipo_beta15_reference_max_b100_s0,ipo,beta15,reference_max,0.9,0.8,0.3,0.9,0.0,51,75,0.08361858329732914,0.05790740646121431,0.025711176836114832,44.40049798005696,0.044196426629751207,0.07405151938880407,-0.029855092759052862,-40.316651171328544,0.4226271616208104,0.4562610624869392,-0.03363390086612883,-7.371635151770517,8.666666666666666,2.6666666666666665,6.0,225.0,0.8835780235746312,0.8845354995350093,-0.0009574759603780958,-0.10824618807062647
ipo_beta15_reference_max_b100_s0,ipo,beta15,reference_max,0.9,0.8,0.3,0.9,0.0,76,100,0.10228202614036264,0.06200675352728155,0.04027527261308109,64.95304192205593,0.04953061425160807,0.0685727383011721,-0.019042124049564027,-27.769233840321274,0.41827837814715485,0.4365568679225033,-0.01827848977534846,-4.186966491291855,8.833333333333334,3.8333333333333335,5.0,130.43478260869566,0.8911161491721376,0.9100941380002707,-0.018977988828133174,-2.0852775592899775
ipo_beta15_reference_max_b100_s0,ipo,beta15,reference_max,0.9,0.8,0.3,0.9,0.0,51,100,0.09295030471884587,0.05995707999424793,0.03299322472459794,55.02807129327043,0.05277497457646821,0.07925238109031636,-0.026477406513848153,-33.4089728908894,0.42045276988398267,0.4464089652047212,-0.025956195320738507,-5.8144431102173595,17.5,6.5,11.0,169.23076923076925,0.8873470863733844,0.89731481876764,-0.009967732394255524,-1.1108400514264427
ipo_beta15_feedback_half_b100_s0,ipo,beta15,feedback_half,0.9,0.8,0.3,0.0,0.5,1,25,0.07513835111768409,0.0735963257716459,0.0015420253460381866,2.0952477312831785,0.11758612495878269,0.12082932816305514,-0.0032432032042724462,-2.6841192064693487,0.6175323974567545,0.6526163512393072,-0.03508395378255269,-5.3758925463526674,2.1666666666666665,1.8333333333333333,0.33333333333333326,18.181818181818187,0.9252776438785824,0.8893412062882383,0.03593643759034404,4.040793042788238
ipo_beta15_feedback_half_b100_s0,ipo,beta15,feedback_half,0.9,0.8,0.3,0.0,0.5,26,50,0.06063820673471595,0.06039136926728774,0.000246837467428207,0.40872970827292576,0.06692158187326842,0.07923088142293201,-0.012309299549663588,-15.535987141121055,0.4571585220512018,0.46825253556081253,-0.011094013509610756,-2.3692372527836403,2.8333333333333335,2.6666666666666665,0.16666666666666696,6.250000000000022,0.8986127816569449,0.8861818246757034,0.012430956981241525,1.4027546757450882
ipo_beta15_feedback_half_b100_s0,ipo,beta15,feedback_half,0.9,0.8,0.3,0.0,0.5,51,75,0.0550372154361504,0.05790740646121431,-0.0028701910250639104,-4.956518000830046,0.05473599779958499,0.07405151938880407,-0.01931552158921908,-26.08389638543921,0.4350678849000221,0.4562610624869392,-0.021193177586917133,-4.644967394631405,4.166666666666667,2.6666666666666665,1.5000000000000004,56.25000000000002,0.8834525367273613,0.8845354995350093,-0.0010829628076479692,-0.12243293889473428
ipo_beta15_feedback_half_b100_s0,ipo,beta15,feedback_half,0.9,0.8,0.3,0.0,0.5,76,100,0.06354837212076232,0.06200675352728155,0.001541618593480773,2.4862107847695825,0.0685634964076039,0.0685727383011721,-9.241893568198711e-06,-0.013477504030257048,0.4458415897272088,0.4365568679225033,0.009284721804705465,2.12680694931906,3.5,3.8333333333333335,-0.3333333333333335,-8.695652173913048,0.8885031069201729,0.9100941380002707,-0.021591031080097856,-2.3723953576428203
ipo_beta15_feedback_half_b100_s0,ipo,beta15,feedback_half,0.9,0.8,0.3,0.0,0.5,51,100,0.059292793778456365,0.05995707999424793,-0.0006642862157915652,-1.107936236813556,0.06993103131784852,0.07925238109031636,-0.009321349772467846,-11.761602167946473,0.4404547373136154,0.4464089652047212,-0.005954227891105779,-1.3338056256050335,7.666666666666667,6.5,1.166666666666667,17.948717948717952,0.8859778218237673,0.89731481876764,-0.01133699694387269,-1.2634358317455185
ipo_beta15_feedback_one_b100_s0,ipo,beta15,feedback_one,0.9,0.8,0.3,0.0,1.0,1,25,0.07354109513384932,0.0735963257716459,-5.523063779658277e-05,-0.07504537382471144,0.10564571948765099,0.12082932816305514,-0.01518360867540415,-12.566161631648221,0.6086050564166045,0.6526163512393072,-0.04401129482270272,-6.743823494328027,2.6666666666666665,1.8333333333333333,0.8333333333333333,45.45454545454546,0.9465461078127969,0.8893412062882383,0.05720490152455859,6.432278311190531
ipo_beta15_feedback_one_b100_s0,ipo,beta15,feedback_one,0.9,0.8,0.3,0.0,1.0,26,50,0.05932233767852868,0.06039136926728774,-0.0010690315887590604,-1.7701727941083822,0.05541771639439245,0.07923088142293201,-0.023813165028539564,-30.055408447907606,0.445558993229773,0.46825253556081253,-0.02269354233103954,-4.8464323431500755,5.0,2.6666666666666665,2.3333333333333335,87.5,0.8871982351425526,0.8861818246757034,0.0010164104668491936,0.11469547654299195
ipo_beta15_feedback_one_b100_s0,ipo,beta15,feedback_one,0.9,0.8,0.3,0.0,1.0,51,75,0.05924160668632178,0.05790740646121431,0.001334200225107468,2.3040234516479297,0.05405669393434407,0.07405151938880407,-0.019994825454459998,-27.00123592262583,0.43439775534708147,0.4562610624869392,-0.021863307139857735,-4.791841543674047,4.5,2.6666666666666665,1.8333333333333335,68.75,0.8798194173747246,0.8845354995350093,-0.00471608216028474,-0.5331704790552672
ipo_beta15_feedback_one_b100_s0,ipo,beta15,feedback_one,0.9,0.8,0.3,0.0,1.0,76,100,0.06328040830848204,0.06200675352728155,0.0012736547812004922,2.054058161003569,0.06070358477407293,0.0685727383011721,-0.007869153527099167,-11.475629706571977,0.42110107792721313,0.4365568679225033,-0.015455789995290181,-3.540384112805639,5.333333333333333,3.8333333333333335,1.4999999999999996,39.13043478260869,0.8856127222778433,0.9100941380002707,-0.024481415722427458,-2.6899871892615335
ipo_beta15_feedback_one_b100_s0,ipo,beta15,feedback_one,0.9,0.8,0.3,0.0,1.0,51,100,0.06126100749740191,0.05995707999424793,0.0013039275031539801,2.174768189643439,0.0649526987454025,0.07925238109031636,-0.014299682344913855,-18.0432210971906,0.42774941663714733,0.4464089652047212,-0.018659548567573847,-4.1799224527259815,9.833333333333334,6.5,3.333333333333334,51.2820512820513,0.8827160698262841,0.89731481876764,-0.014598748941355821,-1.6269372394190018
dpo_beta15_reference_half_b100_s0,dpo,beta15,reference_half,0.9,0.8,1.2,0.45,0.0,1,25,0.07837876262880705,0.08484725865851779,-0.006468496029710738,-7.623694780457546,0.11181119644273037,0.13096168704165412,-0.01915049059892375,-14.62297182597585,0.654386702650853,0.6247631219752366,0.029623580675616323,4.741569986070737,2.5,2.0,0.5,25.0,0.9033150938213907,0.8738292734482641,0.029485820373126637,3.374322796119089
dpo_beta15_reference_half_b100_s0,dpo,beta15,reference_half,0.9,0.8,1.2,0.45,0.0,26,50,0.07039971632473219,0.06160870291720414,0.008791013407528046,14.269109705721728,0.06678020601252561,0.08163774603529111,-0.0148575400227655,-18.199351089804395,0.4275986397992546,0.4680732607832627,-0.040474620984008114,-8.647069673725616,5.166666666666667,2.5,2.666666666666667,106.66666666666669,0.876513394675925,0.8794469964491669,-0.0029336017732418673,-0.3335734598090001
dpo_beta15_reference_half_b100_s0,dpo,beta15,reference_half,0.9,0.8,1.2,0.45,0.0,51,75,0.0581327726783332,0.05671380591798381,0.0014189667603493883,2.501977670836286,0.051141461462395975,0.06717165159369615,-0.016030190131300172,-23.864516877242536,0.45118290655117194,0.4402047443627364,0.010978162188435558,2.493876390252936,3.8333333333333335,5.666666666666667,-1.8333333333333335,-32.35294117647059,0.8734746380516699,0.8731524319863649,0.0003222060653049752,0.03690146800279237
dpo_beta15_reference_half_b100_s0,dpo,beta15,reference_half,0.9,0.8,1.2,0.45,0.0,76,100,0.06578178002813984,0.06279137693093338,0.002990403097206454,4.762442302381276,0.05658694100127749,0.06783444159918292,-0.011247500597905434,-16.580811064037583,0.4251435396001344,0.4377570603826857,-0.01261352078255129,-2.8813974517109098,4.166666666666667,4.0,0.16666666666666696,4.166666666666674,0.8802211219394452,0.8912769387752366,-0.011055816835791377,-1.2404468639101052
dpo_beta15_reference_half_b100_s0,dpo,beta15,reference_half,0.9,0.8,1.2,0.45,0.0,51,100,0.06195727635323652,0.0597525914244586,0.002204684928777921,3.689689227228188,0.06337791065454619,0.07681303007807312,-0.013435119423526931,-17.490677571072787,0.43816322307565314,0.4389809023727111,-0.0008176792970579494,-0.1862676240898753,8.0,9.666666666666666,-1.666666666666666,-17.24137931034482,0.8768478799955576,0.8822146853808008,-0.005366805385243256,-0.6083332633401772
dpo_beta15_reference_max_b100_s0,dpo,beta15,reference_max,0.9,0.8,1.2,0.9,0.0,1,25,0.10619602260349142,0.08484725865851779,0.021348763944973634,25.161406841552015,0.10923959641861157,0.13096168704165412,-0.021722090623042548,-16.586599572540283,0.6624809304086827,0.6247631219752366,0.037717808433446076,6.037137453663766,2.6666666666666665,2.0,0.6666666666666665,33.33333333333333,0.9205664126281912,0.8738292734482641,0.046737139179927056,5.348543542778694
dpo_beta15_reference_max_b100_s0,dpo,beta15,reference_max,0.9,0.8,1.2,0.9,0.0,26,50,0.1604099582299861,0.06160870291720414,0.09880125531278197,160.3689911238041,0.08488816651110616,0.08163774603529111,0.003250420475815044,3.9815166802987356,0.4711097706579365,0.4680732607832627,0.0030365098746737984,0.6487253447446717,9.833333333333334,2.5,7.333333333333334,293.33333333333337,0.8184780552472185,0.8794469964491669,-0.0609689412019484,-6.932645338276789
dpo_beta15_reference_max_b100_s0,dpo,beta15,reference_max,0.9,0.8,1.2,0.9,0.0,51,75,0.08411126339659052,0.05671380591798381,0.027397457478606703,48.3082682164327,0.04893052925750479,0.06717165159369615,-0.018241122336191358,-27.155983072334088,0.420003207149829,0.4402047443627364,-0.02020153721290735,-4.589123009601403,5.5,5.666666666666667,-0.16666666666666696,-2.941176470588236,0.8664575348308254,0.8731524319863649,-0.006694897155539503,-0.7667501011603517
dpo_beta15_reference_max_b100_s0,dpo,beta15,reference_max,0.9,0.8,1.2,0.9,0.0,76,100,0.10400332830969639,0.06279137693093338,0.041211951378763004,65.63313848666448,0.04951926317473256,0.06783444159918292,-0.018315178424450358,-26.999821908567124,0.4108502963285245,0.4377570603826857,-0.026906764054161203,-6.146506016519615,8.5,4.0,4.5,112.5,0.864226223324248,0.8912769387752366,-0.027050715450988583,-3.0350516516404857
dpo_beta15_reference_max_b100_s0,dpo,beta15,reference_max,0.9,0.8,1.2,0.9,0.0,51,100,0.09405729585314344,0.0597525914244586,0.03430470442868484,57.41124127152559,0.055236342043488394,0.07681303007807312,-0.021576688034584728,-28.08988007979125,0.41542675173917676,0.4389809023727111,-0.023554150633534332,-5.365643586366309,14.0,9.666666666666666,4.333333333333334,44.827586206896555,0.8653418790775366,0.8822146853808008,-0.016872806303264265,-1.9125510584740768
dpo_beta15_feedback_half_b100_s0,dpo,beta15,feedback_half,0.9,0.8,1.2,0.0,0.5,1,25,0.08267235424180662,0.08484725865851779,-0.002174904416711171,-2.5633172492519063,0.12262320654400072,0.13096168704165412,-0.0083384804976534,-6.367114448519007,0.6258334219580942,0.6247631219752366,0.0010702999828575699,0.1713129256851298,2.5,2.0,0.5,25.0,0.9098171529724765,0.8738292734482641,0.03598787952421234,4.118410840392039
dpo_beta15_feedback_half_b100_s0,dpo,beta15,feedback_half,0.9,0.8,1.2,0.0,0.5,26,50,0.059320081521791364,0.06160870291720414,-0.0022886213954127765,-3.714769646243732,0.06327483809209343,0.08163774603529111,-0.018362907943197684,-22.49315890624859,0.45194807166120876,0.4680732607832627,-0.016125189122053962,-3.445013948258968,2.3333333333333335,2.5,-0.16666666666666652,-6.666666666666665,0.908162290223188,0.8794469964491669,0.028715293774021045,3.26515343050362
dpo_beta15_feedback_half_b100_s0,dpo,beta15,feedback_half,0.9,0.8,1.2,0.0,0.5,51,75,0.05847405240649934,0.05671380591798381,0.0017602464885155267,3.1037354309479737,0.060532246342043676,0.06717165159369615,-0.006639405251652471,-9.884237016848274,0.4411690213718871,0.4402047443627364,0.0009642770091507491,0.21905193469613504,3.8333333333333335,5.666666666666667,-1.8333333333333335,-32.35294117647059,0.8742759040291647,0.8731524319863649,0.0011234720427997225,0.12866848921715413
dpo_beta15_feedback_half_b100_s0,dpo,beta15,feedback_half,0.9,0.8,1.2,0.0,0.5,76,100,0.06224303802774143,0.06279137693093338,-0.0005483389031919542,-0.8732710285921819,0.06622672743812326,0.06783444159918292,-0.0016077141610596618,-2.370055864186593,0.4357918566020036,0.4377570603826857,-0.001965203780682101,-0.4489256618646298,3.5,4.0,-0.5,-12.5,0.8874384484685454,0.8912769387752366,-0.0038384903066912557,-0.4306731319634438
dpo_beta15_feedback_half_b100_s0,dpo,beta15,feedback_half,0.9,0.8,1.2,0.0,0.5,51,100,0.06035854521712039,0.0597525914244586,0.0006059537926617897,1.0141046241113338,0.07172227655808676,0.07681303007807312,-0.005090753519986363,-6.627460881066794,0.4384804389869454,0.4389809023727111,-0.0005004633857657037,-0.1140057307870701,7.333333333333333,9.666666666666666,-2.333333333333333,-24.13793103448276,0.880857176248855,0.8822146853808008,-0.0013575091319458776,-0.15387514563531823
dpo_beta15_feedback_one_b100_s0,dpo,beta15,feedback_one,0.9,0.8,1.2,0.0,1.0,1,25,0.08386691482821618,0.08484725865851779,-0.0009803438303016138,-1.1554219261781573,0.11489594508767477,0.13096168704165412,-0.01606574195397935,-12.267512977951656,0.5869611450463007,0.6247631219752366,-0.03780197692893594,-6.05060951892008,2.8333333333333335,2.0,0.8333333333333335,41.66666666666667,0.9338445084413224,0.8738292734482641,0.060015234993058275,6.868073297227606
dpo_beta15_feedback_one_b100_s0,dpo,beta15,feedback_one,0.9,0.8,1.2,0.0,1.0,26,50,0.05801807300946582,0.06160870291720414,-0.00359062990773832,-5.828121251901319,0.057722498898792836,0.08163774603529111,-0.02391524713649828,-29.294350098984822,0.44562182932030464,0.4680732607832627,-0.022451431462958082,-4.796563560453848,2.8333333333333335,2.5,0.3333333333333335,13.33333333333333,0.9029840182296046,0.8794469964491669,0.023537021780437706,2.6763434152905496
dpo_beta15_feedback_one_b100_s0,dpo,beta15,feedback_one,0.9,0.8,1.2,0.0,1.0,51,75,0.05650857332561591,0.05671380591798381,-0.00020523259236790437,-0.3618741310796536,0.05576086863888696,0.06717165159369615,-0.011410782954809184,-16.987497975827726,0.437605228775977,0.4402047443627364,-0.00259951558675936,-0.5905242094840557,3.8333333333333335,5.666666666666667,-1.8333333333333335,-32.35294117647059,0.8675069059312387,0.8731524319863649,-0.005645526055126249,-0.6465682105795678
dpo_beta15_feedback_one_b100_s0,dpo,beta15,feedback_one,0.9,0.8,1.2,0.0,1.0,76,100,0.0627912051230215,0.06279137693093338,-1.7180791188342592e-07,-0.00027361704788564367,0.06399598033116861,0.06783444159918292,-0.0038384612680143065,-5.6585728098048405,0.42705070075399343,0.4377570603826857,-0.010706359628692264,-2.445730885375741,4.833333333333333,4.0,0.833333333333333,20.833333333333325,0.8887163414549355,0.8912769387752366,-0.0025605973203011168,-0.2872953634164288
dpo_beta15_feedback_one_b100_s0,dpo,beta15,feedback_one,0.9,0.8,1.2,0.0,1.0,51,100,0.059649889224318714,0.0597525914244586,-0.00010270220013988696,-0.17187907284277326,0.06579349119322507,0.07681303007807312,-0.011019538884848051,-14.34592395801564,0.43232796476498514,0.4389809023727111,-0.0066529376077259506,-1.5155414670129264,8.666666666666666,9.666666666666666,-1.0,-10.344827586206895,0.878111623693087,0.8822146853808008,-0.004103061687713794,-0.4650865323039488
