run_id,method,base_id,arm,alpha,lambda_current,beta_train,nu,kappa,start_step,end_step,tv_mean,probability_temporal_sd,mean_max_probability,leading_response_switches,relative_entropy_mean
ipo_center_ordinary_b100_s0,ipo,center,ordinary,0.9,0.8,0.2,0.0,0.0,1,25,0.11341976676382937,0.15799291011965208,0.6057640686610927,4.333333333333333,0.8445378581960074
ipo_center_ordinary_b100_s0,ipo,center,ordinary,0.9,0.8,0.2,0.0,0.0,26,50,0.08992974790700319,0.09893481092568905,0.4859594501201034,4.333333333333333,0.8313232414173272
ipo_center_ordinary_b100_s0,ipo,center,ordinary,0.9,0.8,0.2,0.0,0.0,51,75,0.0748697898404859,0.08833637360771888,0.4529252742496778,3.6666666666666665,0.8145039105693413
ipo_center_ordinary_b100_s0,ipo,center,ordinary,0.9,0.8,0.2,0.0,0.0,76,100,0.07740943873226501,0.08924939142042615,0.46395775994459393,4.333333333333333,0.8515472553165931
ipo_center_ordinary_b100_s0,ipo,center,ordinary,0.9,0.8,0.2,0.0,0.0,51,100,0.07613961428637545,0.09652819000725936,0.4584415170971359,8.0,0.8330255829429672
ipo_center_reference_half_b100_s0,ipo,center,reference_half,0.9,0.8,0.2,0.45,0.0,1,25,0.11334091094461644,0.14711423334375587,0.6228883395103103,3.8333333333333335,0.8411533045799439
ipo_center_reference_half_b100_s0,ipo,center,reference_half,0.9,0.8,0.2,0.45,0.0,26,50,0.08974686387741049,0.10232961611160223,0.46648824585195037,5.666666666666667,0.8406643935424808
ipo_center_reference_half_b100_s0,ipo,center,reference_half,0.9,0.8,0.2,0.45,0.0,51,75,0.07293210692597545,0.06360377103763781,0.42211106790134023,4.333333333333333,0.873912273335626
ipo_center_reference_half_b100_s0,ipo,center,reference_half,0.9,0.8,0.2,0.45,0.0,76,100,0.07906681978672726,0.06802128172060488,0.4350494848556776,4.166666666666667,0.8918749260702538
ipo_center_reference_half_b100_s0,ipo,center,reference_half,0.9,0.8,0.2,0.45,0.0,51,100,0.07599946335635135,0.0734088094319636,0.42858027637850893,8.5,0.8828935997029399
ipo_center_reference_max_b100_s0,ipo,center,reference_max,0.9,0.8,0.2,0.9,0.0,1,25,0.1558501251141691,0.14354212125090196,0.631050633386109,6.0,0.8515159476584766
ipo_center_reference_max_b100_s0,ipo,center,reference_max,0.9,0.8,0.2,0.9,0.0,26,50,0.15653374786761495,0.09129489605419061,0.44306164706910045,12.333333333333334,0.8246377039947106
ipo_center_reference_max_b100_s0,ipo,center,reference_max,0.9,0.8,0.2,0.9,0.0,51,75,0.10081122339781014,0.058082791084865554,0.42516068528415407,5.666666666666667,0.8330110581586908
ipo_center_reference_max_b100_s0,ipo,center,reference_max,0.9,0.8,0.2,0.9,0.0,76,100,0.1035510533669035,0.06271923288981436,0.42863429686705024,9.333333333333334,0.8415806993555516
ipo_center_reference_max_b100_s0,ipo,center,reference_max,0.9,0.8,0.2,0.9,0.0,51,100,0.1021811383823568,0.06892175167146912,0.42689749107560226,15.0,0.8372958787571211
ipo_center_feedback_half_b100_s0,ipo,center,feedback_half,0.9,0.8,0.2,0.0,0.5,1,25,0.11022197873347667,0.13875652187971577,0.5966842356488082,4.333333333333333,0.8692794864405959
ipo_center_feedback_half_b100_s0,ipo,center,feedback_half,0.9,0.8,0.2,0.0,0.5,26,50,0.07896678813481212,0.07727282745901826,0.4622683368825622,3.8333333333333335,0.8243465640994505
ipo_center_feedback_half_b100_s0,ipo,center,feedback_half,0.9,0.8,0.2,0.0,0.5,51,75,0.0754002992019262,0.07407668144258223,0.43635707236390453,5.0,0.8373675054691256
ipo_center_feedback_half_b100_s0,ipo,center,feedback_half,0.9,0.8,0.2,0.0,0.5,76,100,0.06933161252058244,0.07386982037985154,0.43890497266580636,5.0,0.8603433093855509
ipo_center_feedback_half_b100_s0,ipo,center,feedback_half,0.9,0.8,0.2,0.0,0.5,51,100,0.07236595586125433,0.08061241798466273,0.4376310225148554,10.0,0.8488554074273381
ipo_center_feedback_one_b100_s0,ipo,center,feedback_one,0.9,0.8,0.2,0.0,1.0,1,25,0.10534108701886784,0.12402474065373827,0.5657560187285116,3.3333333333333335,0.8939649424744377
ipo_center_feedback_one_b100_s0,ipo,center,feedback_one,0.9,0.8,0.2,0.0,1.0,26,50,0.08676041482365854,0.07709610792029838,0.4397607829474792,6.0,0.8503739095387566
ipo_center_feedback_one_b100_s0,ipo,center,feedback_one,0.9,0.8,0.2,0.0,1.0,51,75,0.07893447220506898,0.06745517443763004,0.42993412596480257,5.166666666666667,0.8249653577936478
ipo_center_feedback_one_b100_s0,ipo,center,feedback_one,0.9,0.8,0.2,0.0,1.0,76,100,0.07850210855773145,0.06937308391476567,0.4277760972373074,6.0,0.8628923557729734
ipo_center_feedback_one_b100_s0,ipo,center,feedback_one,0.9,0.8,0.2,0.0,1.0,51,100,0.07871829038140023,0.07402763667553908,0.428855111601055,11.166666666666666,0.8439288567833106
dpo_center_ordinary_b100_s0,dpo,center,ordinary,0.9,0.8,0.8,0.0,0.0,1,25,0.12129985785990183,0.171247097905849,0.629313088759042,4.666666666666667,0.8186350268579495
dpo_center_ordinary_b100_s0,dpo,center,ordinary,0.9,0.8,0.8,0.0,0.0,26,50,0.09424690656566752,0.11655391040454628,0.5096332650332259,4.166666666666667,0.798741689209232
dpo_center_ordinary_b100_s0,dpo,center,ordinary,0.9,0.8,0.8,0.0,0.0,51,75,0.07864951785430564,0.09506504083112279,0.46312455190692553,4.5,0.81143391797467
dpo_center_ordinary_b100_s0,dpo,center,ordinary,0.9,0.8,0.8,0.0,0.0,76,100,0.07705552869753077,0.08922160386580676,0.4616940397218529,4.666666666666667,0.8444329438514
dpo_center_ordinary_b100_s0,dpo,center,ordinary,0.9,0.8,0.8,0.0,0.0,51,100,0.0778525232759182,0.09998932401104149,0.4624092958143893,9.166666666666666,0.827933430913035
dpo_center_reference_half_b100_s0,dpo,center,reference_half,0.9,0.8,0.8,0.45,0.0,1,25,0.11955469431828053,0.15695805264183949,0.612105834420071,4.666666666666667,0.821951499398296
dpo_center_reference_half_b100_s0,dpo,center,reference_half,0.9,0.8,0.8,0.45,0.0,26,50,0.08756991330295323,0.10562800829248485,0.4806385637007167,4.166666666666667,0.8283069541248617
dpo_center_reference_half_b100_s0,dpo,center,reference_half,0.9,0.8,0.8,0.45,0.0,51,75,0.06960134261554381,0.060955660380015965,0.42103805616765727,5.166666666666667,0.8617575465182249
dpo_center_reference_half_b100_s0,dpo,center,reference_half,0.9,0.8,0.8,0.45,0.0,76,100,0.07893626766381605,0.07325378291873015,0.44621973009660015,5.166666666666667,0.871602468255964
dpo_center_reference_half_b100_s0,dpo,center,reference_half,0.9,0.8,0.8,0.45,0.0,51,100,0.07426880513967994,0.07565958236100007,0.43362889313212877,10.333333333333334,0.8666800073870945
dpo_center_reference_max_b100_s0,dpo,center,reference_max,0.9,0.8,0.8,0.9,0.0,1,25,0.1615348150833681,0.15456907619920568,0.6469145422242123,5.5,0.8247766418286809
dpo_center_reference_max_b100_s0,dpo,center,reference_max,0.9,0.8,0.8,0.9,0.0,26,50,0.18150269584591802,0.09161064316652012,0.4565820295065006,13.0,0.8374261022966162
dpo_center_reference_max_b100_s0,dpo,center,reference_max,0.9,0.8,0.8,0.9,0.0,51,75,0.12997176487077475,0.061331610239200536,0.43021584993771195,8.166666666666666,0.8297471830936699
dpo_center_reference_max_b100_s0,dpo,center,reference_max,0.9,0.8,0.8,0.9,0.0,76,100,0.09815283930545728,0.06100838665534441,0.4301524629317331,7.833333333333333,0.8396759701459886
dpo_center_reference_max_b100_s0,dpo,center,reference_max,0.9,0.8,0.8,0.9,0.0,51,100,0.11406230208811603,0.07170045240262025,0.43018415643472246,16.0,0.8347115766198293
dpo_center_feedback_half_b100_s0,dpo,center,feedback_half,0.9,0.8,0.8,0.0,0.5,1,25,0.11077428895127306,0.14449832844441576,0.5908767678782725,3.6666666666666665,0.8692157505382251
dpo_center_feedback_half_b100_s0,dpo,center,feedback_half,0.9,0.8,0.8,0.0,0.5,26,50,0.08737897236654907,0.08491393371420485,0.4599635018395807,4.833333333333333,0.8257542099354742
dpo_center_feedback_half_b100_s0,dpo,center,feedback_half,0.9,0.8,0.8,0.0,0.5,51,75,0.0750929819616092,0.07867518956427655,0.4409799850311153,6.0,0.8212382191243104
dpo_center_feedback_half_b100_s0,dpo,center,feedback_half,0.9,0.8,0.8,0.0,0.5,76,100,0.07313895673670576,0.07113054807000845,0.43821584992881046,4.833333333333333,0.8583423513064113
dpo_center_feedback_half_b100_s0,dpo,center,feedback_half,0.9,0.8,0.8,0.0,0.5,51,100,0.0741159693491575,0.08184714687375806,0.43959791747996285,10.833333333333334,0.8397902852153608
dpo_center_feedback_one_b100_s0,dpo,center,feedback_one,0.9,0.8,0.8,0.0,1.0,1,25,0.11066663908216856,0.1258120559464638,0.5701983611372052,3.0,0.8871229177875319
dpo_center_feedback_one_b100_s0,dpo,center,feedback_one,0.9,0.8,0.8,0.0,1.0,26,50,0.08294514073845505,0.07123661844898894,0.44975802469011644,4.666666666666667,0.8497443935088455
dpo_center_feedback_one_b100_s0,dpo,center,feedback_one,0.9,0.8,0.8,0.0,1.0,51,75,0.08449256528748779,0.07028624670446994,0.43529505972723576,4.5,0.837506652644295
dpo_center_feedback_one_b100_s0,dpo,center,feedback_one,0.9,0.8,0.8,0.0,1.0,76,100,0.07443629661326609,0.06305941108761916,0.42001684987324867,5.833333333333333,0.8675707405475489
dpo_center_feedback_one_b100_s0,dpo,center,feedback_one,0.9,0.8,0.8,0.0,1.0,51,100,0.07946443095037693,0.07103757862065839,0.4276559548002423,10.333333333333334,0.852538696595922
ipo_alpha08_ordinary_b100_s0,ipo,alpha08,ordinary,0.8,0.8,0.2,0.0,0.0,1,25,0.09762849739964358,0.11260395366927771,0.5948379227086451,2.8333333333333335,0.9252040142203072
ipo_alpha08_ordinary_b100_s0,ipo,alpha08,ordinary,0.8,0.8,0.2,0.0,0.0,26,50,0.08434278780293374,0.0854545645625429,0.47664166719974693,4.5,0.8964997450421169
ipo_alpha08_ordinary_b100_s0,ipo,alpha08,ordinary,0.8,0.8,0.2,0.0,0.0,51,75,0.07676509927389218,0.06840245311394556,0.4672246063379213,5.0,0.8760279858143903
ipo_alpha08_ordinary_b100_s0,ipo,alpha08,ordinary,0.8,0.8,0.2,0.0,0.0,76,100,0.08446333995517456,0.08426489514258208,0.48312168912004005,5.666666666666667,0.9010997904276303
ipo_alpha08_ordinary_b100_s0,ipo,alpha08,ordinary,0.8,0.8,0.2,0.0,0.0,51,100,0.08061421961453337,0.08352242715361662,0.4751731477289807,10.666666666666666,0.8885638881210102
ipo_alpha08_reference_half_b100_s0,ipo,alpha08,reference_half,0.8,0.8,0.2,0.4,0.0,1,25,0.09423574871163078,0.10395840034184939,0.6120459419481254,3.5,0.9427382835302117
ipo_alpha08_reference_half_b100_s0,ipo,alpha08,reference_half,0.8,0.8,0.2,0.4,0.0,26,50,0.08209403424863237,0.0643980430660064,0.4667924321140345,4.5,0.914632004216018
ipo_alpha08_reference_half_b100_s0,ipo,alpha08,reference_half,0.8,0.8,0.2,0.4,0.0,51,75,0.07305639155605785,0.05272184607994427,0.4511079397873954,5.0,0.8984361048172212
ipo_alpha08_reference_half_b100_s0,ipo,alpha08,reference_half,0.8,0.8,0.2,0.4,0.0,76,100,0.08621978050264974,0.0650345036271797,0.4528632047333474,6.333333333333333,0.8989728123821314
ipo_alpha08_reference_half_b100_s0,ipo,alpha08,reference_half,0.8,0.8,0.2,0.4,0.0,51,100,0.0796380860293538,0.06626419039705644,0.4519855722603714,11.333333333333334,0.8987044585996764
ipo_alpha08_reference_max_b100_s0,ipo,alpha08,reference_max,0.8,0.8,0.2,0.8,0.0,1,25,0.12863346007912654,0.10292223017998343,0.6301869063609291,4.166666666666667,0.9295233662493135
ipo_alpha08_reference_max_b100_s0,ipo,alpha08,reference_max,0.8,0.8,0.2,0.8,0.0,26,50,0.12619163661386953,0.06557056090227069,0.47266086919930395,8.833333333333334,0.9111921656321224
ipo_alpha08_reference_max_b100_s0,ipo,alpha08,reference_max,0.8,0.8,0.2,0.8,0.0,51,75,0.09801512460726729,0.050646798402546406,0.4486296304644843,9.0,0.8952919067882276
ipo_alpha08_reference_max_b100_s0,ipo,alpha08,reference_max,0.8,0.8,0.2,0.8,0.0,76,100,0.11010941063312633,0.059357118411938144,0.4450950990034608,9.166666666666666,0.9120534576621493
ipo_alpha08_reference_max_b100_s0,ipo,alpha08,reference_max,0.8,0.8,0.2,0.8,0.0,51,100,0.10406226762019681,0.06127559721339305,0.4468623647339725,18.166666666666668,0.9036726822251885
ipo_alpha08_feedback_half_b100_s0,ipo,alpha08,feedback_half,0.8,0.8,0.2,0.0,0.5,1,25,0.09707625741281452,0.10391250584949187,0.5974569330290777,4.0,0.9508747647993655
ipo_alpha08_feedback_half_b100_s0,ipo,alpha08,feedback_half,0.8,0.8,0.2,0.0,0.5,26,50,0.08596614741022922,0.0771829287927271,0.47970373675278877,5.5,0.9094509851146538
ipo_alpha08_feedback_half_b100_s0,ipo,alpha08,feedback_half,0.8,0.8,0.2,0.0,0.5,51,75,0.07798113464168488,0.061269183946061796,0.4581247586881112,5.166666666666667,0.881321426537346
ipo_alpha08_feedback_half_b100_s0,ipo,alpha08,feedback_half,0.8,0.8,0.2,0.0,0.5,76,100,0.08500225975673566,0.07514188278901894,0.4650812804888436,7.166666666666667,0.8963706795243853
ipo_alpha08_feedback_half_b100_s0,ipo,alpha08,feedback_half,0.8,0.8,0.2,0.0,0.5,51,100,0.08149169719921026,0.07474023832115573,0.46160301958847744,12.333333333333334,0.8888460530308656
ipo_alpha08_feedback_one_b100_s0,ipo,alpha08,feedback_one,0.8,0.8,0.2,0.0,1.0,1,25,0.10260415804049462,0.10080684663284495,0.5855828317993861,4.5,0.9611749704916356
ipo_alpha08_feedback_one_b100_s0,ipo,alpha08,feedback_one,0.8,0.8,0.2,0.0,1.0,26,50,0.09337745135350817,0.07057945469066189,0.4772194342148616,6.0,0.9171771706097595
ipo_alpha08_feedback_one_b100_s0,ipo,alpha08,feedback_one,0.8,0.8,0.2,0.0,1.0,51,75,0.08604148771874377,0.056989796315928674,0.43865702008015656,7.166666666666667,0.8822235978645457
ipo_alpha08_feedback_one_b100_s0,ipo,alpha08,feedback_one,0.8,0.8,0.2,0.0,1.0,76,100,0.09439395490090925,0.07382583834514181,0.4654501693402245,5.5,0.8980136251552486
ipo_alpha08_feedback_one_b100_s0,ipo,alpha08,feedback_one,0.8,0.8,0.2,0.0,1.0,51,100,0.09021772130982653,0.07271125503338417,0.45205359471019063,12.666666666666666,0.8901186115098971
dpo_alpha08_ordinary_b100_s0,dpo,alpha08,ordinary,0.8,0.8,0.8,0.0,0.0,1,25,0.1063971318851112,0.12096550951775555,0.6019018867851201,3.0,0.9151627176150264
dpo_alpha08_ordinary_b100_s0,dpo,alpha08,ordinary,0.8,0.8,0.8,0.0,0.0,26,50,0.08688589364822563,0.08233293017016104,0.47471024436793563,5.5,0.8883930780377821
dpo_alpha08_ordinary_b100_s0,dpo,alpha08,ordinary,0.8,0.8,0.8,0.0,0.0,51,75,0.07640647940673537,0.06737352872824544,0.4584054224562408,5.5,0.8798950271405812
dpo_alpha08_ordinary_b100_s0,dpo,alpha08,ordinary,0.8,0.8,0.8,0.0,0.0,76,100,0.08620778139773921,0.08393303981006595,0.4699899314258966,5.0,0.894250642998694
dpo_alpha08_ordinary_b100_s0,dpo,alpha08,ordinary,0.8,0.8,0.8,0.0,0.0,51,100,0.08130713040223729,0.08319315012034527,0.46419767694106867,10.5,0.8870728350696373
dpo_alpha08_reference_half_b100_s0,dpo,alpha08,reference_half,0.8,0.8,0.8,0.4,0.0,1,25,0.10314511295961837,0.10985687005679447,0.614036884389996,4.166666666666667,0.9306712170555228
dpo_alpha08_reference_half_b100_s0,dpo,alpha08,reference_half,0.8,0.8,0.8,0.4,0.0,26,50,0.0829583961343248,0.06512354270257102,0.4615703392972103,5.0,0.9120946302004705
dpo_alpha08_reference_half_b100_s0,dpo,alpha08,reference_half,0.8,0.8,0.8,0.4,0.0,51,75,0.07369452516576526,0.05304166326201826,0.44380358565049693,6.166666666666667,0.8856188621123872
dpo_alpha08_reference_half_b100_s0,dpo,alpha08,reference_half,0.8,0.8,0.8,0.4,0.0,76,100,0.08291258462410424,0.06610551395129396,0.44415250388558736,6.833333333333333,0.9005134673398946
dpo_alpha08_reference_half_b100_s0,dpo,alpha08,reference_half,0.8,0.8,0.8,0.4,0.0,51,100,0.07830355489493475,0.06642036025867236,0.4439780447680422,13.0,0.893066164726141
dpo_alpha08_reference_max_b100_s0,dpo,alpha08,reference_max,0.8,0.8,0.8,0.8,0.0,1,25,0.14135408795051016,0.11014098660651173,0.617047691351927,4.666666666666667,0.9216687241093148
dpo_alpha08_reference_max_b100_s0,dpo,alpha08,reference_max,0.8,0.8,0.8,0.8,0.0,26,50,0.12384930342292577,0.06620617004103803,0.4670324364576826,6.166666666666667,0.9019505526173841
dpo_alpha08_reference_max_b100_s0,dpo,alpha08,reference_max,0.8,0.8,0.8,0.8,0.0,51,75,0.09271873417306409,0.04712786891273616,0.43343896128850834,8.5,0.8969992830201808
dpo_alpha08_reference_max_b100_s0,dpo,alpha08,reference_max,0.8,0.8,0.8,0.8,0.0,76,100,0.10617261710518378,0.05810695321536687,0.4364941481962334,8.333333333333334,0.9020190540581522
dpo_alpha08_reference_max_b100_s0,dpo,alpha08,reference_max,0.8,0.8,0.8,0.8,0.0,51,100,0.09944567563912392,0.05891436477171783,0.43496655474237084,16.833333333333332,0.8995091685391666
dpo_alpha08_feedback_half_b100_s0,dpo,alpha08,feedback_half,0.8,0.8,0.8,0.0,0.5,1,25,0.10680538876367353,0.11501107537651382,0.5912492935862015,3.8333333333333335,0.9318213205157327
dpo_alpha08_feedback_half_b100_s0,dpo,alpha08,feedback_half,0.8,0.8,0.8,0.0,0.5,26,50,0.08167383434106078,0.07021091953064283,0.469058863885179,5.166666666666667,0.9119935807417919
dpo_alpha08_feedback_half_b100_s0,dpo,alpha08,feedback_half,0.8,0.8,0.8,0.0,0.5,51,75,0.08260540221021832,0.06670146960861723,0.46006117073492386,4.666666666666667,0.8867911498736397
dpo_alpha08_feedback_half_b100_s0,dpo,alpha08,feedback_half,0.8,0.8,0.8,0.0,0.5,76,100,0.08453170786411274,0.07816707880895755,0.4631184097554411,4.833333333333333,0.8970685741822043
dpo_alpha08_feedback_half_b100_s0,dpo,alpha08,feedback_half,0.8,0.8,0.8,0.0,0.5,51,100,0.08356855503716554,0.07861970472146423,0.46158979024518243,9.5,0.8919298620279221
dpo_alpha08_feedback_one_b100_s0,dpo,alpha08,feedback_one,0.8,0.8,0.8,0.0,1.0,1,25,0.11084453129899495,0.10745153234863832,0.5789503606046457,4.5,0.9494803712944876
dpo_alpha08_feedback_one_b100_s0,dpo,alpha08,feedback_one,0.8,0.8,0.8,0.0,1.0,26,50,0.09487047169771758,0.06852524572281915,0.46894908518786416,6.833333333333333,0.9134996456335394
dpo_alpha08_feedback_one_b100_s0,dpo,alpha08,feedback_one,0.8,0.8,0.8,0.0,1.0,51,75,0.09401831568167318,0.060307952464411806,0.4462196569550816,8.333333333333334,0.8827498049285788
dpo_alpha08_feedback_one_b100_s0,dpo,alpha08,feedback_one,0.8,0.8,0.8,0.0,1.0,76,100,0.09685778689579921,0.07069429707623219,0.451495961636909,6.666666666666667,0.901411016056015
dpo_alpha08_feedback_one_b100_s0,dpo,alpha08,feedback_one,0.8,0.8,0.8,0.0,1.0,51,100,0.09543805128873621,0.06972574447444309,0.44885780929599534,15.0,0.892080410492297
ipo_alpha099_ordinary_b100_s0,ipo,alpha099,ordinary,0.99,0.8,0.2,0.0,0.0,1,25,0.12036611182986456,0.24722124822670566,0.6971956012582995,3.3333333333333335,0.6341647081849618
ipo_alpha099_ordinary_b100_s0,ipo,alpha099,ordinary,0.99,0.8,0.2,0.0,0.0,26,50,0.0879324230284201,0.2531935248185356,0.7703550000248609,2.6666666666666665,0.4599508522604016
ipo_alpha099_ordinary_b100_s0,ipo,alpha099,ordinary,0.99,0.8,0.2,0.0,0.0,51,75,0.08991616861289564,0.20054960557793303,0.6977794050270233,3.5,0.5034966460199052
ipo_alpha099_ordinary_b100_s0,ipo,alpha099,ordinary,0.99,0.8,0.2,0.0,0.0,76,100,0.06654892865011298,0.16371233790724085,0.7271047123447195,2.1666666666666665,0.35341609265392276
ipo_alpha099_ordinary_b100_s0,ipo,alpha099,ordinary,0.99,0.8,0.2,0.0,0.0,51,100,0.07823254863150429,0.22202910754168795,0.7124420586858715,5.666666666666667,0.42845636933691406
ipo_alpha099_reference_half_b100_s0,ipo,alpha099,reference_half,0.99,0.8,0.2,0.495,0.0,1,25,0.11617435180371376,0.19498035551523538,0.6907147435267262,2.5,0.6901138098344094
ipo_alpha099_reference_half_b100_s0,ipo,alpha099,reference_half,0.99,0.8,0.2,0.495,0.0,26,50,0.10137418790522135,0.2041030927739744,0.6899671165995107,3.6666666666666665,0.565178278696977
ipo_alpha099_reference_half_b100_s0,ipo,alpha099,reference_half,0.99,0.8,0.2,0.495,0.0,51,75,0.06489136529896089,0.1411397201260192,0.7215002913636498,1.5,0.5937227707896197
ipo_alpha099_reference_half_b100_s0,ipo,alpha099,reference_half,0.99,0.8,0.2,0.495,0.0,76,100,0.05947283884531279,0.1200380967660431,0.6218246100378194,2.3333333333333335,0.5241546693830254
ipo_alpha099_reference_half_b100_s0,ipo,alpha099,reference_half,0.99,0.8,0.2,0.495,0.0,51,100,0.062182102072136834,0.1779872664322906,0.6716624507007345,3.8333333333333335,0.5589387200863225
ipo_alpha099_reference_max_b100_s0,ipo,alpha099,reference_max,0.99,0.8,0.2,0.99,0.0,1,25,0.1412432654132501,0.1799252444828704,0.680514724190444,4.166666666666667,0.7557661591114474
ipo_alpha099_reference_max_b100_s0,ipo,alpha099,reference_max,0.99,0.8,0.2,0.99,0.0,26,50,0.2174806544853478,0.17432531414664157,0.7370155084682631,5.833333333333333,0.41665581072984376
ipo_alpha099_reference_max_b100_s0,ipo,alpha099,reference_max,0.99,0.8,0.2,0.99,0.0,51,75,0.19150093488041486,0.16184256017618356,0.6725502694721318,6.333333333333333,0.7139624284309837
ipo_alpha099_reference_max_b100_s0,ipo,alpha099,reference_max,0.99,0.8,0.2,0.99,0.0,76,100,0.1566489894137236,0.12581521074529925,0.6897343065360775,3.5,0.5059924899096319
ipo_alpha099_reference_max_b100_s0,ipo,alpha099,reference_max,0.99,0.8,0.2,0.99,0.0,51,100,0.17407496214706922,0.20777330595503885,0.6811422880041045,9.833333333333334,0.6099774591703079
ipo_alpha099_feedback_half_b100_s0,ipo,alpha099,feedback_half,0.99,0.8,0.2,0.0,0.5,1,25,0.11491388011215105,0.21244450063974496,0.6532901205069749,3.1666666666666665,0.7379336014068935
ipo_alpha099_feedback_half_b100_s0,ipo,alpha099,feedback_half,0.99,0.8,0.2,0.0,0.5,26,50,0.07660179075978843,0.12327788440199146,0.5619095369535109,3.5,0.6665011990878095
ipo_alpha099_feedback_half_b100_s0,ipo,alpha099,feedback_half,0.99,0.8,0.2,0.0,0.5,51,75,0.05505894596255149,0.10215219323785905,0.590168222126657,2.0,0.5825709647061209
ipo_alpha099_feedback_half_b100_s0,ipo,alpha099,feedback_half,0.99,0.8,0.2,0.0,0.5,76,100,0.03622025814724666,0.05140021804564059,0.5739687660711127,2.0,0.49401679032294094
ipo_alpha099_feedback_half_b100_s0,ipo,alpha099,feedback_half,0.99,0.8,0.2,0.0,0.5,51,100,0.04563960205489908,0.09757283660002765,0.582068494098885,4.0,0.5382938775145308
ipo_alpha099_feedback_one_b100_s0,ipo,alpha099,feedback_one,0.99,0.8,0.2,0.0,1.0,1,25,0.10884949871542475,0.16270221745651084,0.5709128950641614,3.8333333333333335,0.7683938174767823
ipo_alpha099_feedback_one_b100_s0,ipo,alpha099,feedback_one,0.99,0.8,0.2,0.0,1.0,26,50,0.04217381036388516,0.049102218195303936,0.5284383853762983,2.5,0.5688474346449323
ipo_alpha099_feedback_one_b100_s0,ipo,alpha099,feedback_one,0.99,0.8,0.2,0.0,1.0,51,75,0.0382233893639261,0.05861745525398485,0.5457801981330397,3.3333333333333335,0.49875033703723326
ipo_alpha099_feedback_one_b100_s0,ipo,alpha099,feedback_one,0.99,0.8,0.2,0.0,1.0,76,100,0.0254033732414867,0.043954485464853275,0.566775823122371,2.0,0.41778310457626117
ipo_alpha099_feedback_one_b100_s0,ipo,alpha099,feedback_one,0.99,0.8,0.2,0.0,1.0,51,100,0.031813381302706396,0.05921010819851678,0.5562780106277053,5.333333333333333,0.45826672080674724
dpo_alpha099_ordinary_b100_s0,dpo,alpha099,ordinary,0.99,0.8,0.8,0.0,0.0,1,25,0.12100858376700942,0.25623576334879916,0.7003828924754992,3.8333333333333335,0.6269130799146875
dpo_alpha099_ordinary_b100_s0,dpo,alpha099,ordinary,0.99,0.8,0.8,0.0,0.0,26,50,0.08976430022778882,0.23716056587555448,0.7518555857455116,2.5,0.48109256919855986
dpo_alpha099_ordinary_b100_s0,dpo,alpha099,ordinary,0.99,0.8,0.8,0.0,0.0,51,75,0.09575124256445865,0.23675513636188542,0.7858322291314309,3.0,0.42854409908973706
dpo_alpha099_ordinary_b100_s0,dpo,alpha099,ordinary,0.99,0.8,0.8,0.0,0.0,76,100,0.08769638717193882,0.23717775942785432,0.8320637199779487,2.0,0.3008784369641675
dpo_alpha099_ordinary_b100_s0,dpo,alpha099,ordinary,0.99,0.8,0.8,0.0,0.0,51,100,0.09172381486819875,0.30626480304114706,0.8089479745546898,5.0,0.36471126802695236
dpo_alpha099_reference_half_b100_s0,dpo,alpha099,reference_half,0.99,0.8,0.8,0.495,0.0,1,25,0.12469208401322464,0.20305159205705628,0.690771612275908,2.8333333333333335,0.6823876264214451
dpo_alpha099_reference_half_b100_s0,dpo,alpha099,reference_half,0.99,0.8,0.8,0.495,0.0,26,50,0.11295217684290165,0.2237963431135185,0.7020835370565974,3.1666666666666665,0.5804974308771693
dpo_alpha099_reference_half_b100_s0,dpo,alpha099,reference_half,0.99,0.8,0.8,0.495,0.0,51,75,0.09357037304806602,0.2070785869391123,0.7239020141242177,3.0,0.5989187170908791
dpo_alpha099_reference_half_b100_s0,dpo,alpha099,reference_half,0.99,0.8,0.8,0.495,0.0,76,100,0.08240491337776296,0.1812972967764095,0.6749522778734134,3.5,0.5244282884328889
dpo_alpha099_reference_half_b100_s0,dpo,alpha099,reference_half,0.99,0.8,0.8,0.495,0.0,51,100,0.08798764321291448,0.23851958151522887,0.6994271459988156,6.5,0.5616735027618841
dpo_alpha099_reference_max_b100_s0,dpo,alpha099,reference_max,0.99,0.8,0.8,0.99,0.0,1,25,0.14537785465524714,0.19324038528059798,0.6832491773823831,4.0,0.7245036998287472
dpo_alpha099_reference_max_b100_s0,dpo,alpha099,reference_max,0.99,0.8,0.8,0.99,0.0,26,50,0.1937334536026398,0.1909884073149076,0.7284616922004842,5.666666666666667,0.4641327807944576
dpo_alpha099_reference_max_b100_s0,dpo,alpha099,reference_max,0.99,0.8,0.8,0.99,0.0,51,75,0.16141250096773604,0.16484544031039952,0.6830357606698229,5.333333333333333,0.6781390970601014
dpo_alpha099_reference_max_b100_s0,dpo,alpha099,reference_max,0.99,0.8,0.8,0.99,0.0,76,100,0.1367571859958794,0.13208731531391982,0.709918666835657,3.5,0.41543879185161225
dpo_alpha099_reference_max_b100_s0,dpo,alpha099,reference_max,0.99,0.8,0.8,0.99,0.0,51,100,0.14908484348180773,0.2195717813244924,0.6964772137527401,8.833333333333334,0.5467889444558568
dpo_alpha099_feedback_half_b100_s0,dpo,alpha099,feedback_half,0.99,0.8,0.8,0.0,0.5,1,25,0.11559372006488074,0.20176645044076694,0.63614939286701,3.5,0.7383214757228352
dpo_alpha099_feedback_half_b100_s0,dpo,alpha099,feedback_half,0.99,0.8,0.8,0.0,0.5,26,50,0.07923245552218894,0.13720549299401105,0.5992465354431777,3.1666666666666665,0.6014969321444836
dpo_alpha099_feedback_half_b100_s0,dpo,alpha099,feedback_half,0.99,0.8,0.8,0.0,0.5,51,75,0.06276602264946098,0.12430447557252162,0.5971258974687461,2.6666666666666665,0.5891258746990796
dpo_alpha099_feedback_half_b100_s0,dpo,alpha099,feedback_half,0.99,0.8,0.8,0.0,0.5,76,100,0.03474778439406875,0.0689660066461895,0.5818337034932101,1.8333333333333333,0.5141547583720444
dpo_alpha099_feedback_half_b100_s0,dpo,alpha099,feedback_half,0.99,0.8,0.8,0.0,0.5,51,100,0.048756903521764865,0.11071844977195043,0.589479800480978,4.5,0.551640316535562
dpo_alpha099_feedback_one_b100_s0,dpo,alpha099,feedback_one,0.99,0.8,0.8,0.0,1.0,1,25,0.1064435718013918,0.15239568161298017,0.5572377858210344,5.333333333333333,0.7666801688422771
dpo_alpha099_feedback_one_b100_s0,dpo,alpha099,feedback_one,0.99,0.8,0.8,0.0,1.0,26,50,0.04976514823400346,0.05483251587762269,0.5155586692427256,2.8333333333333335,0.5863417117574129
dpo_alpha099_feedback_one_b100_s0,dpo,alpha099,feedback_one,0.99,0.8,0.8,0.0,1.0,51,75,0.03779827759937263,0.05366576266003518,0.5371844237347475,3.3333333333333335,0.4953111072043584
dpo_alpha099_feedback_one_b100_s0,dpo,alpha099,feedback_one,0.99,0.8,0.8,0.0,1.0,76,100,0.02685048239256808,0.03882681708990588,0.5539703075743473,3.0,0.4602542922273651
dpo_alpha099_feedback_one_b100_s0,dpo,alpha099,feedback_one,0.99,0.8,0.8,0.0,1.0,51,100,0.032324379995970355,0.05860550137467494,0.5455773656545473,6.333333333333333,0.4777826997158618
ipo_coverage05_ordinary_b100_s0,ipo,coverage05,ordinary,0.9,0.5,0.2,0.0,0.0,1,25,0.07284490886174345,0.11564198550416827,0.6733947759686131,2.8333333333333335,0.9452565445362456
ipo_coverage05_ordinary_b100_s0,ipo,coverage05,ordinary,0.9,0.5,0.2,0.0,0.0,26,50,0.06543996665844228,0.08360046539061873,0.49479434341948064,3.1666666666666665,0.8782712528951713
ipo_coverage05_ordinary_b100_s0,ipo,coverage05,ordinary,0.9,0.5,0.2,0.0,0.0,51,75,0.06055060465725141,0.06867456856377903,0.46557591337737864,4.0,0.8778874151999224
ipo_coverage05_ordinary_b100_s0,ipo,coverage05,ordinary,0.9,0.5,0.2,0.0,0.0,76,100,0.06633087894633928,0.07252081979195875,0.45104574122416313,5.333333333333333,0.8696277496498251
ipo_coverage05_ordinary_b100_s0,ipo,coverage05,ordinary,0.9,0.5,0.2,0.0,0.0,51,100,0.06344074180179533,0.07879798511656695,0.45831082730077105,9.333333333333334,0.8737575824248737
ipo_coverage05_reference_half_b100_s0,ipo,coverage05,reference_half,0.9,0.5,0.2,0.45,0.0,1,25,0.07018532041351067,0.1024287964498281,0.6976324076900201,1.1666666666666667,0.973733433722035
ipo_coverage05_reference_half_b100_s0,ipo,coverage05,reference_half,0.9,0.5,0.2,0.45,0.0,26,50,0.07283642656161518,0.0669219781756518,0.49748893065845096,5.166666666666667,0.8798912091886302
ipo_coverage05_reference_half_b100_s0,ipo,coverage05,reference_half,0.9,0.5,0.2,0.45,0.0,51,75,0.06053890848635329,0.05571414018304984,0.46042587832086657,5.0,0.8301155114140558
ipo_coverage05_reference_half_b100_s0,ipo,coverage05,reference_half,0.9,0.5,0.2,0.45,0.0,76,100,0.07233684271885414,0.06260435701999927,0.44818635058981554,5.833333333333333,0.8715607408782539
ipo_coverage05_reference_half_b100_s0,ipo,coverage05,reference_half,0.9,0.5,0.2,0.45,0.0,51,100,0.06643787560260372,0.06950948748674324,0.454306114455341,10.833333333333334,0.8508381261461548
ipo_coverage05_reference_max_b100_s0,ipo,coverage05,reference_max,0.9,0.5,0.2,0.9,0.0,1,25,0.09566301594655552,0.09596543017090531,0.6899708846699655,2.1666666666666665,1.0086671672067997
ipo_coverage05_reference_max_b100_s0,ipo,coverage05,reference_max,0.9,0.5,0.2,0.9,0.0,26,50,0.1237850569766528,0.07035382406004155,0.5143466912873819,6.833333333333333,0.8675408514920674
ipo_coverage05_reference_max_b100_s0,ipo,coverage05,reference_max,0.9,0.5,0.2,0.9,0.0,51,75,0.09437741643118965,0.04804275727424293,0.4286091992274284,9.5,0.8554149301109509
ipo_coverage05_reference_max_b100_s0,ipo,coverage05,reference_max,0.9,0.5,0.2,0.9,0.0,76,100,0.0992747090352361,0.04950192531742414,0.4347174095059166,6.5,0.8800739378467308
ipo_coverage05_reference_max_b100_s0,ipo,coverage05,reference_max,0.9,0.5,0.2,0.9,0.0,51,100,0.09682606273321288,0.05595751357260853,0.4316633043666726,16.0,0.8677444339788406
ipo_coverage05_feedback_half_b100_s0,ipo,coverage05,feedback_half,0.9,0.5,0.2,0.0,0.5,1,25,0.07552830788807413,0.11168044234246777,0.656614087728323,1.8333333333333333,0.9622766095441913
ipo_coverage05_feedback_half_b100_s0,ipo,coverage05,feedback_half,0.9,0.5,0.2,0.0,0.5,26,50,0.06423099280538509,0.07026208525839232,0.48838010524164077,3.1666666666666665,0.872305652203402
ipo_coverage05_feedback_half_b100_s0,ipo,coverage05,feedback_half,0.9,0.5,0.2,0.0,0.5,51,75,0.059866720308311555,0.058826445129960915,0.4545195761018834,3.3333333333333335,0.8596692063973929
ipo_coverage05_feedback_half_b100_s0,ipo,coverage05,feedback_half,0.9,0.5,0.2,0.0,0.5,76,100,0.06663803910352821,0.07249998955179736,0.4636942704509053,5.0,0.8580022786655102
ipo_coverage05_feedback_half_b100_s0,ipo,coverage05,feedback_half,0.9,0.5,0.2,0.0,0.5,51,100,0.06325237970591986,0.0743025999473096,0.4591069232763944,8.333333333333334,0.8588357425314516
ipo_coverage05_feedback_one_b100_s0,ipo,coverage05,feedback_one,0.9,0.5,0.2,0.0,1.0,1,25,0.07733627106683084,0.11247761155641689,0.6504529616354123,2.1666666666666665,0.9743266234607432
ipo_coverage05_feedback_one_b100_s0,ipo,coverage05,feedback_one,0.9,0.5,0.2,0.0,1.0,26,50,0.06608078014985291,0.06556723446236692,0.48108907365471304,4.166666666666667,0.8849386912628411
ipo_coverage05_feedback_one_b100_s0,ipo,coverage05,feedback_one,0.9,0.5,0.2,0.0,1.0,51,75,0.05937713249614978,0.05564900376055935,0.4545981635938483,4.666666666666667,0.8596278783485102
ipo_coverage05_feedback_one_b100_s0,ipo,coverage05,feedback_one,0.9,0.5,0.2,0.0,1.0,76,100,0.06464598871808541,0.06219689690647515,0.4414826078970549,6.166666666666667,0.8730729289780877
ipo_coverage05_feedback_one_b100_s0,ipo,coverage05,feedback_one,0.9,0.5,0.2,0.0,1.0,51,100,0.06201156060711759,0.06514810297347184,0.4480403857454516,10.833333333333334,0.8663504036632993
dpo_coverage05_ordinary_b100_s0,dpo,coverage05,ordinary,0.9,0.5,0.8,0.0,0.0,1,25,0.07628714185808629,0.12037439742557454,0.6774777333812511,2.5,0.9321883670918855
dpo_coverage05_ordinary_b100_s0,dpo,coverage05,ordinary,0.9,0.5,0.8,0.0,0.0,26,50,0.06632529014435933,0.08581481520296662,0.5037192336028802,3.8333333333333335,0.8688419589787634
dpo_coverage05_ordinary_b100_s0,dpo,coverage05,ordinary,0.9,0.5,0.8,0.0,0.0,51,75,0.06006527293890024,0.06787687915182178,0.4643142848565141,5.166666666666667,0.8704463620693277
dpo_coverage05_ordinary_b100_s0,dpo,coverage05,ordinary,0.9,0.5,0.8,0.0,0.0,76,100,0.06877065806439066,0.08309277499951932,0.4752471861328873,4.166666666666667,0.870041230831747
dpo_coverage05_ordinary_b100_s0,dpo,coverage05,ordinary,0.9,0.5,0.8,0.0,0.0,51,100,0.06441796550164547,0.08556000099564111,0.4697807354947008,9.333333333333334,0.8702437964505377
dpo_coverage05_reference_half_b100_s0,dpo,coverage05,reference_half,0.9,0.5,0.8,0.45,0.0,1,25,0.07269790636007893,0.10466409931211836,0.6933189556473174,0.8333333333333334,0.9745473633718276
dpo_coverage05_reference_half_b100_s0,dpo,coverage05,reference_half,0.9,0.5,0.8,0.45,0.0,26,50,0.07250548128722031,0.0714028379453098,0.48287020247715046,4.5,0.8768875437874049
dpo_coverage05_reference_half_b100_s0,dpo,coverage05,reference_half,0.9,0.5,0.8,0.45,0.0,51,75,0.06478627525908662,0.053442450552189935,0.4571041808640079,4.333333333333333,0.8617260847926542
dpo_coverage05_reference_half_b100_s0,dpo,coverage05,reference_half,0.9,0.5,0.8,0.45,0.0,76,100,0.0716156235124508,0.06146215711841752,0.44474832874195136,6.666666666666667,0.883135620106214
dpo_coverage05_reference_half_b100_s0,dpo,coverage05,reference_half,0.9,0.5,0.8,0.45,0.0,51,100,0.0682009493857687,0.06672519860690333,0.4509262548029796,11.0,0.8724308524494342
dpo_coverage05_reference_max_b100_s0,dpo,coverage05,reference_max,0.9,0.5,0.8,0.9,0.0,1,25,0.10150075567139778,0.10048986043686786,0.6911256847899362,1.8333333333333333,0.9880979798859997
dpo_coverage05_reference_max_b100_s0,dpo,coverage05,reference_max,0.9,0.5,0.8,0.9,0.0,26,50,0.12468864936950824,0.07935420530326054,0.5160551292695504,5.666666666666667,0.8512109142725501
dpo_coverage05_reference_max_b100_s0,dpo,coverage05,reference_max,0.9,0.5,0.8,0.9,0.0,51,75,0.08432019867398866,0.04763737131525308,0.43227891949500435,7.5,0.86396073534643
dpo_coverage05_reference_max_b100_s0,dpo,coverage05,reference_max,0.9,0.5,0.8,0.9,0.0,76,100,0.10639400726481517,0.049112200990696964,0.43945268888639005,8.666666666666666,0.8570836852609593
dpo_coverage05_reference_max_b100_s0,dpo,coverage05,reference_max,0.9,0.5,0.8,0.9,0.0,51,100,0.09535710296940192,0.053472890903662224,0.43586580419069715,16.166666666666668,0.8605222103036946
dpo_coverage05_feedback_half_b100_s0,dpo,coverage05,feedback_half,0.9,0.5,0.8,0.0,0.5,1,25,0.07721972117500848,0.1114158693188484,0.6515733081925764,2.1666666666666665,0.962793548070665
dpo_coverage05_feedback_half_b100_s0,dpo,coverage05,feedback_half,0.9,0.5,0.8,0.0,0.5,26,50,0.06695236988578716,0.0715674919890223,0.4886424319732638,2.8333333333333335,0.8867902507189829
dpo_coverage05_feedback_half_b100_s0,dpo,coverage05,feedback_half,0.9,0.5,0.8,0.0,0.5,51,75,0.05836492668970562,0.05538118447840834,0.45044929585204097,5.333333333333333,0.851435056115522
dpo_coverage05_feedback_half_b100_s0,dpo,coverage05,feedback_half,0.9,0.5,0.8,0.0,0.5,76,100,0.06779527443775953,0.06858313923601798,0.4558536740036254,3.6666666666666665,0.8657797407944469
dpo_coverage05_feedback_half_b100_s0,dpo,coverage05,feedback_half,0.9,0.5,0.8,0.0,0.5,51,100,0.06308010056373257,0.07267670328172064,0.45315148492783314,9.0,0.8586073984549843
dpo_coverage05_feedback_one_b100_s0,dpo,coverage05,feedback_one,0.9,0.5,0.8,0.0,1.0,1,25,0.0751410965465068,0.1079796987221374,0.639750914798077,2.3333333333333335,0.9906086084864535
dpo_coverage05_feedback_one_b100_s0,dpo,coverage05,feedback_one,0.9,0.5,0.8,0.0,1.0,26,50,0.06567927092402674,0.06712759841348018,0.48101091901608445,4.0,0.8679308058771152
dpo_coverage05_feedback_one_b100_s0,dpo,coverage05,feedback_one,0.9,0.5,0.8,0.0,1.0,51,75,0.060686236908543544,0.053800511642663786,0.4561884212873996,5.166666666666667,0.8490982050606658
dpo_coverage05_feedback_one_b100_s0,dpo,coverage05,feedback_one,0.9,0.5,0.8,0.0,1.0,76,100,0.06587016344391446,0.06589717325569097,0.4457341784376799,5.166666666666667,0.8654554231701549
dpo_coverage05_feedback_one_b100_s0,dpo,coverage05,feedback_one,0.9,0.5,0.8,0.0,1.0,51,100,0.063278200176229,0.06720025146003243,0.4509612998625397,10.333333333333334,0.8572768141154102
ipo_beta15_ordinary_b100_s0,ipo,beta15,ordinary,0.9,0.8,0.3,0.0,0.0,1,25,0.0735963257716459,0.12082932816305514,0.6526163512393072,1.8333333333333333,0.8893412062882383
ipo_beta15_ordinary_b100_s0,ipo,beta15,ordinary,0.9,0.8,0.3,0.0,0.0,26,50,0.06039136926728774,0.07923088142293201,0.46825253556081253,2.6666666666666665,0.8861818246757034
ipo_beta15_ordinary_b100_s0,ipo,beta15,ordinary,0.9,0.8,0.3,0.0,0.0,51,75,0.05790740646121431,0.07405151938880407,0.4562610624869392,2.6666666666666665,0.8845354995350093
ipo_beta15_ordinary_b100_s0,ipo,beta15,ordinary,0.9,0.8,0.3,0.0,0.0,76,100,0.06200675352728155,0.0685727383011721,0.4365568679225033,3.8333333333333335,0.9100941380002707
ipo_beta15_ordinary_b100_s0,ipo,beta15,ordinary,0.9,0.8,0.3,0.0,0.0,51,100,0.05995707999424793,0.07925238109031636,0.4464089652047212,6.5,0.89731481876764
ipo_beta15_reference_half_b100_s0,ipo,beta15,reference_half,0.9,0.8,0.3,0.45,0.0,1,25,0.07245785090296837,0.10724687060435945,0.6550006363711618,1.8333333333333333,0.9272237197173246
ipo_beta15_reference_half_b100_s0,ipo,beta15,reference_half,0.9,0.8,0.3,0.45,0.0,26,50,0.06830167700010478,0.0619611622909522,0.42716383851505907,6.833333333333333,0.8674040042558824
ipo_beta15_reference_half_b100_s0,ipo,beta15,reference_half,0.9,0.8,0.3,0.45,0.0,51,75,0.05878658932367909,0.05059928487970777,0.447930176994131,4.333333333333333,0.8538741196729221
ipo_beta15_reference_half_b100_s0,ipo,beta15,reference_half,0.9,0.8,0.3,0.45,0.0,76,100,0.06506904201272479,0.05592978577432498,0.42541809283292364,4.833333333333333,0.8891086159514258
ipo_beta15_reference_half_b100_s0,ipo,beta15,reference_half,0.9,0.8,0.3,0.45,0.0,51,100,0.061927815668201935,0.06009712166553655,0.4366741349135273,9.166666666666666,0.8714913678121742
ipo_beta15_reference_max_b100_s0,ipo,beta15,reference_max,0.9,0.8,0.3,0.9,0.0,1,25,0.10183887076068622,0.09768128778075885,0.6675319742392444,2.6666666666666665,0.9488695702519964
ipo_beta15_reference_max_b100_s0,ipo,beta15,reference_max,0.9,0.8,0.3,0.9,0.0,26,50,0.15678410793738645,0.07475007374826896,0.4705121463922344,8.833333333333334,0.8558774455656529
ipo_beta15_reference_max_b100_s0,ipo,beta15,reference_max,0.9,0.8,0.3,0.9,0.0,51,75,0.08361858329732914,0.044196426629751207,0.4226271616208104,8.666666666666666,0.8835780235746312
ipo_beta15_reference_max_b100_s0,ipo,beta15,reference_max,0.9,0.8,0.3,0.9,0.0,76,100,0.10228202614036264,0.04953061425160807,0.41827837814715485,8.833333333333334,0.8911161491721376
ipo_beta15_reference_max_b100_s0,ipo,beta15,reference_max,0.9,0.8,0.3,0.9,0.0,51,100,0.09295030471884587,0.05277497457646821,0.42045276988398267,17.5,0.8873470863733844
ipo_beta15_feedback_half_b100_s0,ipo,beta15,feedback_half,0.9,0.8,0.3,0.0,0.5,1,25,0.07513835111768409,0.11758612495878269,0.6175323974567545,2.1666666666666665,0.9252776438785824
ipo_beta15_feedback_half_b100_s0,ipo,beta15,feedback_half,0.9,0.8,0.3,0.0,0.5,26,50,0.06063820673471595,0.06692158187326842,0.4571585220512018,2.8333333333333335,0.8986127816569449
ipo_beta15_feedback_half_b100_s0,ipo,beta15,feedback_half,0.9,0.8,0.3,0.0,0.5,51,75,0.0550372154361504,0.05473599779958499,0.4350678849000221,4.166666666666667,0.8834525367273613
ipo_beta15_feedback_half_b100_s0,ipo,beta15,feedback_half,0.9,0.8,0.3,0.0,0.5,76,100,0.06354837212076232,0.0685634964076039,0.4458415897272088,3.5,0.8885031069201729
ipo_beta15_feedback_half_b100_s0,ipo,beta15,feedback_half,0.9,0.8,0.3,0.0,0.5,51,100,0.059292793778456365,0.06993103131784852,0.4404547373136154,7.666666666666667,0.8859778218237673
ipo_beta15_feedback_one_b100_s0,ipo,beta15,feedback_one,0.9,0.8,0.3,0.0,1.0,1,25,0.07354109513384932,0.10564571948765099,0.6086050564166045,2.6666666666666665,0.9465461078127969
ipo_beta15_feedback_one_b100_s0,ipo,beta15,feedback_one,0.9,0.8,0.3,0.0,1.0,26,50,0.05932233767852868,0.05541771639439245,0.445558993229773,5.0,0.8871982351425526
ipo_beta15_feedback_one_b100_s0,ipo,beta15,feedback_one,0.9,0.8,0.3,0.0,1.0,51,75,0.05924160668632178,0.05405669393434407,0.43439775534708147,4.5,0.8798194173747246
ipo_beta15_feedback_one_b100_s0,ipo,beta15,feedback_one,0.9,0.8,0.3,0.0,1.0,76,100,0.06328040830848204,0.06070358477407293,0.42110107792721313,5.333333333333333,0.8856127222778433
ipo_beta15_feedback_one_b100_s0,ipo,beta15,feedback_one,0.9,0.8,0.3,0.0,1.0,51,100,0.06126100749740191,0.0649526987454025,0.42774941663714733,9.833333333333334,0.8827160698262841
dpo_beta15_ordinary_b100_s0,dpo,beta15,ordinary,0.9,0.8,1.2,0.0,0.0,1,25,0.08484725865851779,0.13096168704165412,0.6247631219752366,2.0,0.8738292734482641
dpo_beta15_ordinary_b100_s0,dpo,beta15,ordinary,0.9,0.8,1.2,0.0,0.0,26,50,0.06160870291720414,0.08163774603529111,0.4680732607832627,2.5,0.8794469964491669
dpo_beta15_ordinary_b100_s0,dpo,beta15,ordinary,0.9,0.8,1.2,0.0,0.0,51,75,0.05671380591798381,0.06717165159369615,0.4402047443627364,5.666666666666667,0.8731524319863649
dpo_beta15_ordinary_b100_s0,dpo,beta15,ordinary,0.9,0.8,1.2,0.0,0.0,76,100,0.06279137693093338,0.06783444159918292,0.4377570603826857,4.0,0.8912769387752366
dpo_beta15_ordinary_b100_s0,dpo,beta15,ordinary,0.9,0.8,1.2,0.0,0.0,51,100,0.0597525914244586,0.07681303007807312,0.4389809023727111,9.666666666666666,0.8822146853808008
dpo_beta15_reference_half_b100_s0,dpo,beta15,reference_half,0.9,0.8,1.2,0.45,0.0,1,25,0.07837876262880705,0.11181119644273037,0.654386702650853,2.5,0.9033150938213907
dpo_beta15_reference_half_b100_s0,dpo,beta15,reference_half,0.9,0.8,1.2,0.45,0.0,26,50,0.07039971632473219,0.06678020601252561,0.4275986397992546,5.166666666666667,0.876513394675925
dpo_beta15_reference_half_b100_s0,dpo,beta15,reference_half,0.9,0.8,1.2,0.45,0.0,51,75,0.0581327726783332,0.051141461462395975,0.45118290655117194,3.8333333333333335,0.8734746380516699
dpo_beta15_reference_half_b100_s0,dpo,beta15,reference_half,0.9,0.8,1.2,0.45,0.0,76,100,0.06578178002813984,0.05658694100127749,0.4251435396001344,4.166666666666667,0.8802211219394452
dpo_beta15_reference_half_b100_s0,dpo,beta15,reference_half,0.9,0.8,1.2,0.45,0.0,51,100,0.06195727635323652,0.06337791065454619,0.43816322307565314,8.0,0.8768478799955576
dpo_beta15_reference_max_b100_s0,dpo,beta15,reference_max,0.9,0.8,1.2,0.9,0.0,1,25,0.10619602260349142,0.10923959641861157,0.6624809304086827,2.6666666666666665,0.9205664126281912
dpo_beta15_reference_max_b100_s0,dpo,beta15,reference_max,0.9,0.8,1.2,0.9,0.0,26,50,0.1604099582299861,0.08488816651110616,0.4711097706579365,9.833333333333334,0.8184780552472185
dpo_beta15_reference_max_b100_s0,dpo,beta15,reference_max,0.9,0.8,1.2,0.9,0.0,51,75,0.08411126339659052,0.04893052925750479,0.420003207149829,5.5,0.8664575348308254
dpo_beta15_reference_max_b100_s0,dpo,beta15,reference_max,0.9,0.8,1.2,0.9,0.0,76,100,0.10400332830969639,0.04951926317473256,0.4108502963285245,8.5,0.864226223324248
dpo_beta15_reference_max_b100_s0,dpo,beta15,reference_max,0.9,0.8,1.2,0.9,0.0,51,100,0.09405729585314344,0.055236342043488394,0.41542675173917676,14.0,0.8653418790775366
dpo_beta15_feedback_half_b100_s0,dpo,beta15,feedback_half,0.9,0.8,1.2,0.0,0.5,1,25,0.08267235424180662,0.12262320654400072,0.6258334219580942,2.5,0.9098171529724765
dpo_beta15_feedback_half_b100_s0,dpo,beta15,feedback_half,0.9,0.8,1.2,0.0,0.5,26,50,0.059320081521791364,0.06327483809209343,0.45194807166120876,2.3333333333333335,0.908162290223188
dpo_beta15_feedback_half_b100_s0,dpo,beta15,feedback_half,0.9,0.8,1.2,0.0,0.5,51,75,0.05847405240649934,0.060532246342043676,0.4411690213718871,3.8333333333333335,0.8742759040291647
dpo_beta15_feedback_half_b100_s0,dpo,beta15,feedback_half,0.9,0.8,1.2,0.0,0.5,76,100,0.06224303802774143,0.06622672743812326,0.4357918566020036,3.5,0.8874384484685454
dpo_beta15_feedback_half_b100_s0,dpo,beta15,feedback_half,0.9,0.8,1.2,0.0,0.5,51,100,0.06035854521712039,0.07172227655808676,0.4384804389869454,7.333333333333333,0.880857176248855
dpo_beta15_feedback_one_b100_s0,dpo,beta15,feedback_one,0.9,0.8,1.2,0.0,1.0,1,25,0.08386691482821618,0.11489594508767477,0.5869611450463007,2.8333333333333335,0.9338445084413224
dpo_beta15_feedback_one_b100_s0,dpo,beta15,feedback_one,0.9,0.8,1.2,0.0,1.0,26,50,0.05801807300946582,0.057722498898792836,0.44562182932030464,2.8333333333333335,0.9029840182296046
dpo_beta15_feedback_one_b100_s0,dpo,beta15,feedback_one,0.9,0.8,1.2,0.0,1.0,51,75,0.05650857332561591,0.05576086863888696,0.437605228775977,3.8333333333333335,0.8675069059312387
dpo_beta15_feedback_one_b100_s0,dpo,beta15,feedback_one,0.9,0.8,1.2,0.0,1.0,76,100,0.0627912051230215,0.06399598033116861,0.42705070075399343,4.833333333333333,0.8887163414549355
dpo_beta15_feedback_one_b100_s0,dpo,beta15,feedback_one,0.9,0.8,1.2,0.0,1.0,51,100,0.059649889224318714,0.06579349119322507,0.43232796476498514,8.666666666666666,0.878111623693087
